vehicle_type,speed,heading,zone_type,gps_confidence,road_health,distance_to_polygon,hour_of_day,risk_category
Truck,41.2,341.3,School,0.66,15.2,173.4,8,MEDIUM
Bus,66.1,254.2,Construction,0.716,37.4,105.4,23,HIGH
Truck,47.5,104.6,None,0.701,51.0,2377.0,1,LOW
Lorry,22.0,184.6,Bridge,0.786,15.9,189.8,19,LOW
Lorry,106.2,290.2,None,0.848,21.0,1536.0,7,MEDIUM
Tanker,3.8,326.4,School,0.977,59.2,0.0,22,HIGH
Tanker,106.7,278.3,Flood,0.862,14.1,0.0,10,HIGH
Ambulance,42.8,97.4,Construction,0.622,22.7,0.0,11,MEDIUM
Car,8.2,354.3,None,0.681,73.6,2214.1,17,LOW
Ambulance,84.8,26.6,Hospital,0.835,39.8,13.6,9,HIGH
Auto,34.2,116.7,None,0.701,20.8,2168.4,18,LOW
Truck,83.7,201.5,Hairpin,0.582,12.3,22.5,7,HIGH
Truck,3.5,228.5,Bridge,0.996,46.9,0.0,12,LOW
Container,25.2,27.6,Accident,0.867,67.0,0.0,11,MEDIUM
Tanker,88.4,67.0,Hospital,0.697,38.6,22.9,20,HIGH
Lorry,25.1,153.3,Accident,0.825,47.6,0.0,12,MEDIUM
Bike,13.2,121.2,Bridge,0.769,42.7,194.4,10,LOW
Car,105.9,90.4,Bridge,0.659,64.9,0.0,10,MEDIUM
Truck,5.7,100.0,RoadBlock,0.783,98.7,49.2,22,MEDIUM
Police,73.9,273.4,None,0.961,67.0,1653.7,20,LOW
Tanker,9.9,299.9,Flood,0.866,71.0,0.0,23,MEDIUM
Tanker,56.3,81.3,None,0.663,94.3,498.8,18,LOW
Lorry,37.5,40.7,Flood,0.978,57.7,49.1,15,MEDIUM
Car,10.2,322.1,Construction,0.743,75.3,0.0,20,MEDIUM
Ambulance,97.6,280.0,Hospital,0.752,64.6,0.0,12,HIGH
Police,11.2,238.2,None,0.878,74.1,788.0,17,LOW
Car,35.8,268.0,Construction,0.844,18.4,74.2,17,MEDIUM
Container,29.2,87.6,Construction,0.786,81.5,0.0,13,MEDIUM
Car,63.5,176.8,None,0.955,68.1,613.6,16,LOW
Bike,103.5,342.5,Construction,0.71,48.5,193.4,9,MEDIUM
Bike,106.0,306.2,RoadBlock,0.974,25.3,0.0,11,HIGH
Bike,103.0,249.9,School,0.747,22.6,104.1,10,HIGH
Truck,96.5,265.9,None,0.766,82.8,2449.3,9,MEDIUM
Lorry,95.4,327.9,Hospital,0.737,40.4,0.0,23,HIGH
Truck,10.3,207.6,Flood,0.54,63.2,0.0,21,MEDIUM
Bike,4.1,295.3,Accident,0.645,29.4,0.0,16,HIGH
Ambulance,9.4,18.6,RoadBlock,0.361,97.8,103.7,23,MEDIUM
Tanker,35.5,285.5,None,0.951,96.6,2524.3,21,LOW
Police,76.6,146.8,None,0.899,74.3,2014.6,3,LOW
Truck,30.8,342.8,None,0.418,32.3,1132.3,0,MEDIUM
Lorry,83.4,5.2,Bridge,0.844,18.8,0.0,2,HIGH
Car,52.1,62.2,Bridge,0.655,14.1,0.0,1,MEDIUM
Truck,68.8,180.6,Bridge,0.903,67.8,0.0,21,MEDIUM
Bike,64.4,337.5,Flood,0.632,59.1,188.4,18,MEDIUM
Lorry,42.5,345.1,None,0.681,38.7,2550.1,13,LOW
Truck,2.6,292.4,None,0.735,89.0,2231.7,11,LOW
Police,88.4,101.3,Hairpin,0.653,47.1,75.0,20,HIGH
Truck,85.4,122.3,Hairpin,0.9,77.9,0.0,23,HIGH
Truck,99.3,181.4,Bridge,0.817,11.0,0.0,6,MEDIUM
Bus,10.0,114.6,None,0.808,50.4,950.3,5,LOW
Lorry,36.2,241.4,Hospital,0.793,54.5,0.0,17,MEDIUM
Bike,60.4,158.5,School,0.953,78.5,0.0,7,MEDIUM
Police,11.1,30.2,None,0.889,98.8,1185.4,6,LOW
Car,40.8,291.8,Accident,0.936,60.3,0.0,0,MEDIUM
Tanker,99.7,39.9,None,0.832,20.7,440.8,9,MEDIUM
Bike,71.4,267.8,None,0.841,88.2,748.4,4,LOW
Lorry,106.0,4.4,Hairpin,0.837,59.8,193.9,23,HIGH
Container,57.5,226.0,Hairpin,0.494,91.1,0.0,18,HIGH
Bike,30.9,341.2,Accident,0.394,26.9,0.0,16,HIGH
Bus,38.9,209.5,Hospital,0.719,83.2,137.3,2,MEDIUM
Lorry,17.9,327.0,None,0.987,87.9,231.1,3,LOW
Auto,2.9,135.2,Bridge,0.776,85.4,94.3,19,LOW
Truck,45.6,98.2,None,0.837,86.5,817.3,21,LOW
Bike,49.6,46.4,None,0.774,65.6,1138.7,8,LOW
Container,12.5,241.1,Bridge,0.901,59.7,0.0,12,LOW
Tanker,96.4,144.9,None,0.684,22.3,142.2,10,MEDIUM
Truck,38.6,211.8,School,0.993,56.3,0.0,19,MEDIUM
Truck,43.6,223.3,Hospital,0.696,54.3,66.4,6,MEDIUM
Bus,69.7,86.2,None,0.956,90.7,1474.5,2,MEDIUM
Container,73.4,61.9,None,0.919,20.9,1436.3,5,MEDIUM
Bike,22.7,130.8,None,0.92,66.5,337.1,19,LOW
Bike,96.1,330.6,School,0.867,26.6,42.7,17,HIGH
Truck,40.8,173.9,Flood,0.423,13.3,0.0,3,HIGH
Bike,78.5,321.4,Flood,0.863,57.9,0.0,9,MEDIUM
Container,29.6,135.4,RoadBlock,0.945,63.4,136.1,20,MEDIUM
Bike,86.8,178.9,None,0.944,48.8,470.0,8,MEDIUM
Car,31.2,130.3,Hospital,0.985,23.8,49.9,13,MEDIUM
Car,17.7,67.0,School,0.868,98.4,0.0,4,MEDIUM
Tanker,43.8,348.0,Accident,0.877,70.2,185.9,14,MEDIUM
Ambulance,61.2,205.2,School,0.944,48.3,0.0,2,HIGH
Bus,26.7,41.2,Hairpin,0.789,53.3,0.0,18,HIGH
Ambulance,5.7,120.8,Flood,0.468,71.3,0.0,9,MEDIUM
Car,65.5,169.3,None,0.699,96.9,460.5,6,LOW
Truck,80.4,336.9,None,0.817,85.8,505.3,17,MEDIUM
Ambulance,87.5,72.4,Flood,0.771,57.1,0.0,5,HIGH
Bus,96.5,140.9,None,0.996,37.1,2268.1,0,MEDIUM
Container,55.3,83.4,None,0.598,66.2,439.0,21,LOW
Lorry,103.4,225.3,None,0.522,58.0,2692.3,5,MEDIUM
Truck,86.7,54.5,None,0.669,61.3,2311.1,1,MEDIUM
Lorry,96.4,122.8,RoadBlock,0.827,23.5,0.0,11,HIGH
Lorry,79.4,258.5,Bridge,0.685,41.1,0.0,21,MEDIUM
Container,99.9,209.4,None,0.86,62.8,1567.1,2,MEDIUM
Tanker,67.3,6.5,None,0.824,93.0,2151.0,20,LOW
Bike,16.8,206.9,None,0.657,93.3,1407.4,0,LOW
Tanker,12.5,353.6,Accident,0.799,45.9,11.9,8,MEDIUM
Auto,36.9,288.2,None,0.971,92.8,1104.4,11,LOW
Container,38.2,264.8,None,0.749,25.9,1545.3,19,MEDIUM
Truck,46.1,328.4,None,0.347,69.7,616.3,18,LOW
Car,105.7,53.4,None,0.551,77.5,708.7,0,MEDIUM
Bike,98.8,73.6,RoadBlock,0.851,15.9,0.0,13,HIGH
Container,49.9,188.3,None,0.578,26.4,2599.2,21,MEDIUM
Tanker,104.1,134.0,None,0.886,24.1,2176.3,21,MEDIUM
Ambulance,72.5,9.7,None,0.847,19.4,2419.8,17,LOW
Ambulance,19.6,234.3,None,0.799,87.0,2507.6,21,LOW
Bus,43.7,239.8,None,0.716,17.7,702.9,12,MEDIUM
Car,2.9,65.1,None,0.664,40.8,852.3,9,LOW
Auto,41.8,211.9,None,0.969,49.3,954.0,14,LOW
Lorry,104.3,274.1,None,0.92,82.0,1333.1,23,MEDIUM
Truck,2.5,96.5,None,0.984,85.1,2954.8,16,LOW
Auto,57.8,61.6,None,0.859,59.9,1989.1,2,LOW
Lorry,91.3,74.1,None,0.717,69.9,608.6,7,MEDIUM
Bus,100.6,150.3,School,0.946,76.4,0.0,7,HIGH
Auto,66.3,88.1,Hospital,0.948,36.7,0.0,13,HIGH
Auto,52.4,238.3,RoadBlock,0.889,33.6,119.4,22,MEDIUM
Ambulance,5.7,178.2,Bridge,0.723,16.8,0.0,20,MEDIUM
Truck,54.5,247.1,None,0.66,72.5,889.2,7,LOW
Bike,64.9,129.6,None,0.816,58.8,2631.5,1,LOW
Truck,80.5,289.6,None,0.764,54.0,741.5,4,MEDIUM
Bike,108.6,338.9,None,0.811,61.1,2754.9,14,LOW
Bike,3.7,250.4,None,0.861,86.0,1025.4,17,LOW
Bus,91.2,13.3,None,0.923,72.7,1085.6,14,MEDIUM
Lorry,79.7,23.5,None,0.571,66.3,2669.3,16,MEDIUM
Lorry,67.7,83.6,None,0.844,81.9,2994.0,14,LOW
Tanker,38.6,275.4,Bridge,0.928,79.1,0.0,10,LOW
Bike,46.3,264.8,Hospital,0.858,36.7,0.0,4,MEDIUM
Bus,4.6,6.4,RoadBlock,0.806,29.6,0.0,13,MEDIUM
Bike,86.5,32.1,None,0.913,65.2,584.4,13,LOW
Ambulance,109.0,83.2,None,0.781,30.8,611.9,18,MEDIUM
Car,24.3,66.9,None,0.577,89.5,2790.5,15,LOW
Container,109.4,62.4,None,0.951,83.4,750.9,12,MEDIUM
Ambulance,24.6,192.8,Bridge,0.698,33.9,0.0,7,LOW
Police,97.8,343.1,School,0.814,17.8,0.0,10,HIGH
Ambulance,41.0,93.3,Accident,0.545,71.5,0.0,4,HIGH
Bike,93.6,177.8,School,0.965,71.0,0.0,18,HIGH
Car,29.4,315.4,Hospital,0.72,73.8,167.6,13,MEDIUM
Police,76.7,244.2,Accident,0.837,88.5,0.0,8,MEDIUM
Lorry,90.8,46.3,None,0.962,84.9,1571.7,10,LOW
Ambulance,0.7,103.0,None,0.848,67.1,1666.0,13,LOW
Truck,85.8,38.4,None,0.611,66.9,2802.9,0,MEDIUM
Car,11.3,336.5,None,0.78,16.1,1788.3,7,LOW
Car,38.0,222.9,School,0.737,12.0,0.0,6,HIGH
Auto,53.8,276.6,Flood,0.974,81.5,0.0,4,MEDIUM
Truck,24.3,29.6,RoadBlock,0.907,23.6,0.0,22,MEDIUM
Container,103.8,150.7,Accident,0.949,90.5,46.8,19,HIGH
Truck,23.4,11.2,Accident,0.448,97.1,0.0,3,HIGH
Tanker,95.5,278.8,None,0.816,21.8,194.3,12,MEDIUM
Lorry,101.3,221.4,Hospital,0.597,71.7,86.6,22,HIGH
Lorry,22.1,176.5,Construction,0.93,37.9,91.6,9,MEDIUM
Auto,1.3,26.0,Construction,0.673,13.6,96.6,1,MEDIUM
Ambulance,11.5,86.9,None,0.867,73.2,1723.0,2,LOW
Container,1.1,117.2,School,0.798,17.1,0.0,15,HIGH
Container,14.6,203.7,None,0.885,19.4,1945.6,22,LOW
Bus,77.7,11.3,None,0.867,88.4,2170.9,19,LOW
Bike,88.2,121.9,None,0.552,67.9,1626.6,14,MEDIUM
Auto,80.5,29.3,None,0.929,29.7,2930.0,10,MEDIUM
Truck,37.1,65.4,None,0.814,74.7,762.5,14,LOW
Police,109.6,350.0,None,0.875,12.8,847.3,10,MEDIUM
Container,50.9,311.7,Accident,0.85,43.4,0.0,6,MEDIUM
Tanker,4.4,311.3,None,0.715,88.6,2712.0,8,LOW
Tanker,46.4,99.4,School,0.547,21.8,143.4,6,MEDIUM
Ambulance,100.0,64.5,None,0.908,88.4,1391.4,17,LOW
Police,56.6,129.0,None,0.931,33.2,2004.5,14,LOW
Truck,35.8,277.7,None,0.762,16.6,592.3,7,LOW
Lorry,57.2,121.0,None,0.987,73.6,584.4,21,LOW
Police,18.4,13.2,None,0.864,82.5,1797.5,13,LOW
Bike,95.5,73.9,None,0.931,94.3,214.1,11,LOW
Tanker,13.4,162.3,None,0.83,23.4,2961.2,8,LOW
Lorry,106.2,1.8,None,0.432,56.4,1517.7,3,MEDIUM
Bus,73.4,50.1,RoadBlock,0.698,70.6,0.0,23,HIGH
Auto,10.3,241.5,None,0.798,85.4,2839.4,3,LOW
Tanker,75.2,178.5,Bridge,0.828,93.8,0.0,5,MEDIUM
Bike,74.4,77.4,Flood,0.68,69.2,0.0,1,HIGH
Bike,5.3,350.8,None,0.684,76.5,2647.7,22,LOW
Police,44.5,117.4,Construction,0.784,49.2,0.0,18,MEDIUM
Police,13.2,195.5,None,0.97,72.6,1226.8,10,LOW
Car,49.4,85.3,None,0.388,51.7,1201.4,15,LOW
Truck,95.0,186.4,None,0.985,58.0,1862.9,15,MEDIUM
Car,84.1,291.9,Flood,0.521,93.4,0.0,18,HIGH
Truck,102.8,126.2,Bridge,0.99,37.7,0.0,17,MEDIUM
Auto,59.3,111.8,Bridge,0.95,21.0,37.0,12,LOW
Police,74.9,65.1,None,0.944,33.1,2892.5,18,LOW
Tanker,53.2,289.4,Hairpin,0.845,64.1,164.0,23,MEDIUM
Lorry,97.3,81.9,RoadBlock,0.973,91.0,0.0,21,MEDIUM
Lorry,26.1,280.2,Accident,0.939,18.6,125.1,2,MEDIUM
Ambulance,49.7,210.6,None,0.832,18.6,168.6,22,LOW
Tanker,70.6,217.9,Hairpin,0.927,54.7,0.0,9,HIGH
Police,15.0,249.6,Hospital,0.392,99.2,26.6,7,MEDIUM
Auto,11.5,260.0,RoadBlock,0.865,90.5,0.0,3,MEDIUM
Bus,35.6,81.4,None,0.825,82.0,777.8,4,LOW
Bus,59.4,315.9,None,0.994,70.3,2983.0,19,LOW
Auto,72.8,200.2,None,0.938,96.2,608.4,14,LOW
Tanker,75.9,72.1,None,0.856,41.3,2028.2,8,MEDIUM
Police,87.5,332.9,None,0.831,58.6,2541.9,2,MEDIUM
Ambulance,57.3,223.9,None,0.893,80.4,2155.4,19,LOW
Truck,4.0,108.8,Bridge,0.962,59.8,61.8,18,LOW
Car,43.7,160.5,None,0.486,99.3,2569.1,18,LOW
Bus,22.9,334.1,None,0.862,88.1,2437.2,16,LOW
Tanker,86.9,109.4,Accident,0.927,41.1,195.1,13,HIGH
Police,70.5,295.3,Hospital,0.711,25.7,0.0,11,HIGH
Container,43.9,52.5,Construction,0.831,96.7,0.0,10,MEDIUM
Police,106.2,155.3,None,0.996,67.7,726.5,21,LOW
Bike,68.2,233.4,Hairpin,0.807,31.5,0.0,2,HIGH
Container,13.4,108.9,Construction,0.878,99.7,0.0,16,MEDIUM
Car,67.7,109.9,None,0.71,50.5,664.4,13,LOW
Bike,40.5,148.7,None,0.769,47.5,1495.9,19,LOW
Police,2.1,93.3,Hairpin,0.736,11.1,0.0,8,HIGH
Tanker,107.3,287.8,None,0.752,50.9,2548.6,22,MEDIUM
Car,10.8,175.3,Bridge,0.932,43.8,79.5,5,LOW
Car,50.5,281.8,None,0.6,32.9,2538.5,2,LOW
Truck,4.2,323.7,None,0.964,67.3,1880.4,3,LOW
Bus,7.3,186.1,None,0.938,13.8,345.9,22,MEDIUM
Tanker,78.8,25.9,None,0.906,69.5,637.1,15,LOW
Lorry,19.2,35.3,None,0.818,17.4,2906.8,17,LOW
Lorry,32.5,276.2,Flood,0.413,65.4,0.0,8,HIGH
Ambulance,70.8,190.4,None,0.625,62.4,2269.4,16,LOW
Car,89.3,235.7,None,0.93,43.5,1353.0,23,MEDIUM
Auto,48.3,220.0,None,0.869,35.7,2466.2,4,LOW
Police,94.8,303.9,None,0.789,85.8,2212.6,10,LOW
Bike,85.4,235.6,None,0.974,13.9,578.0,14,MEDIUM
Lorry,14.5,260.6,Bridge,0.702,76.0,108.9,12,LOW
Ambulance,64.9,182.5,Hairpin,0.689,51.5,0.0,23,HIGH
Ambulance,27.1,260.8,None,0.901,28.4,1709.7,21,LOW
Bus,80.6,221.1,None,0.548,10.5,2306.9,1,MEDIUM
Auto,3.9,267.7,None,0.821,23.4,986.3,3,LOW
Police,96.4,357.7,Construction,0.605,63.4,78.9,14,MEDIUM
Bus,45.4,249.7,None,0.979,18.4,1805.8,20,LOW
Truck,52.9,230.6,None,0.711,64.3,2061.8,8,LOW
Ambulance,88.5,96.9,Hospital,0.972,40.1,0.0,21,HIGH
Ambulance,77.8,283.1,None,0.963,49.1,356.9,20,LOW
Police,24.3,214.8,Hairpin,0.951,80.7,24.5,2,MEDIUM
Tanker,45.1,301.5,Bridge,0.709,42.6,67.6,2,MEDIUM
Truck,2.9,8.7,Construction,0.898,94.7,0.0,5,MEDIUM
Car,47.3,313.3,Hairpin,0.555,53.5,0.0,1,HIGH
Container,8.9,261.3,None,0.506,24.3,1869.7,4,MEDIUM
Ambulance,14.9,269.7,Accident,0.828,32.2,0.0,5,MEDIUM
Ambulance,27.5,97.6,Bridge,0.575,53.9,0.0,18,LOW
Police,6.9,325.4,None,0.675,12.0,2025.0,14,LOW
Car,106.0,201.1,None,0.815,33.1,1997.1,9,MEDIUM
Bus,21.8,203.0,Hospital,0.873,20.3,0.0,11,HIGH
Tanker,24.8,90.1,None,0.677,87.4,2196.2,22,LOW
Tanker,7.4,254.1,RoadBlock,0.765,24.9,0.0,15,MEDIUM
Ambulance,93.5,240.2,None,0.841,15.6,1586.3,18,MEDIUM
Tanker,88.7,164.9,School,0.915,78.1,104.4,12,MEDIUM
Auto,22.5,315.1,Hairpin,0.982,12.4,14.0,23,MEDIUM
Tanker,51.0,326.4,Bridge,0.89,96.8,41.5,11,LOW
Lorry,57.6,103.1,None,0.653,45.6,2753.8,21,LOW
Bus,58.6,56.7,Construction,0.949,91.6,56.1,20,LOW
Police,108.2,50.5,Hairpin,0.967,65.4,17.6,11,MEDIUM
Truck,97.1,288.5,None,0.877,70.1,1940.5,10,MEDIUM
Bus,18.3,316.6,RoadBlock,0.695,90.1,0.0,17,MEDIUM
Container,80.5,67.3,None,0.925,38.3,1466.4,5,MEDIUM
Police,90.4,164.9,None,0.749,25.6,2164.8,23,MEDIUM
Truck,90.9,36.1,None,0.893,77.4,1988.3,2,MEDIUM
Lorry,68.3,126.5,None,0.694,21.4,2060.9,17,MEDIUM
Ambulance,35.8,246.4,School,0.799,85.3,0.0,17,MEDIUM
Container,70.7,249.2,None,0.947,37.4,1994.2,18,LOW
Container,103.2,312.8,Construction,0.677,91.6,134.5,7,MEDIUM
Auto,61.6,39.8,None,0.761,44.2,2932.7,19,LOW
Truck,12.2,151.7,None,0.784,87.3,947.4,22,LOW
Ambulance,100.2,270.7,Construction,0.952,35.3,0.0,1,HIGH
Tanker,12.4,252.6,None,0.917,52.2,973.7,3,LOW
Bike,65.8,106.7,Flood,0.654,26.7,0.0,14,MEDIUM
Bike,26.3,285.3,None,0.91,84.8,1837.0,18,LOW
Bus,12.6,33.7,None,0.782,61.5,1600.6,20,LOW
Police,47.3,113.8,None,0.803,49.9,1860.6,8,LOW
Container,69.4,212.4,RoadBlock,0.898,44.6,0.0,14,HIGH
Container,71.7,341.2,Construction,0.687,16.4,51.6,11,MEDIUM
Container,39.8,169.6,Hairpin,0.947,39.8,0.0,8,MEDIUM
Truck,21.6,219.3,None,0.779,10.7,735.3,2,MEDIUM
Auto,4.0,38.8,School,0.644,36.4,0.0,10,MEDIUM
Bus,43.7,31.3,RoadBlock,0.932,88.7,0.0,17,MEDIUM
Lorry,77.2,356.4,Bridge,0.897,47.0,0.0,4,MEDIUM
Auto,78.5,218.2,School,0.811,15.4,0.0,4,HIGH
Bike,75.5,41.1,None,0.998,47.7,2278.4,5,LOW
Car,7.8,28.8,Flood,0.76,42.6,0.0,11,MEDIUM
Lorry,1.1,228.4,None,0.731,20.9,2717.1,0,MEDIUM
Car,7.3,191.7,Flood,0.864,53.7,115.9,13,LOW
Truck,4.8,44.2,None,0.614,86.1,2108.2,14,LOW
Bike,47.3,241.6,Construction,0.583,81.9,0.0,16,MEDIUM
Auto,94.3,329.1,Hairpin,0.647,64.1,141.4,21,MEDIUM
Police,75.7,134.5,School,0.905,41.1,0.0,15,HIGH
Ambulance,2.8,231.9,Construction,0.905,38.0,0.0,22,MEDIUM
Truck,66.6,130.9,Hospital,0.834,22.6,0.0,19,HIGH
Bus,3.0,181.5,None,0.911,44.9,564.1,19,LOW
Bike,2.6,271.5,None,0.747,96.0,1010.5,12,LOW
Bike,97.7,216.5,None,0.84,40.6,1670.1,14,MEDIUM
Ambulance,17.0,198.8,Construction,0.78,37.2,52.6,3,MEDIUM
Bike,21.4,20.7,RoadBlock,0.996,22.5,0.0,14,MEDIUM
Ambulance,68.9,175.5,None,0.734,28.1,1245.9,14,LOW
Truck,4.3,170.7,None,0.902,88.3,478.9,13,LOW
Tanker,87.0,44.8,None,0.784,23.4,1441.8,4,MEDIUM
Police,107.9,173.5,Hospital,0.989,28.3,0.0,2,HIGH
Truck,42.5,183.5,None,0.778,46.7,2499.8,4,MEDIUM
Auto,84.1,205.9,None,0.881,49.5,2556.2,21,LOW
Container,98.2,22.4,None,0.738,93.4,155.4,23,MEDIUM
Tanker,52.5,246.9,None,0.699,42.3,2432.9,11,LOW
Bike,30.7,75.6,RoadBlock,0.728,11.3,0.0,21,MEDIUM
Truck,91.8,265.8,None,0.761,79.0,2553.2,17,MEDIUM
Tanker,67.5,31.8,Bridge,0.9,15.9,0.0,17,MEDIUM
Auto,12.2,290.2,School,0.991,55.1,159.1,21,MEDIUM
Tanker,77.8,18.0,School,0.987,35.3,0.0,8,HIGH
Tanker,102.2,145.4,None,0.833,67.6,2939.0,11,MEDIUM
Bus,66.4,128.5,None,0.594,66.2,308.1,2,MEDIUM
Car,75.1,86.9,Hospital,0.818,56.8,29.4,16,MEDIUM
Ambulance,85.3,97.4,None,0.672,14.9,2271.1,10,MEDIUM
Tanker,34.9,0.0,None,0.796,15.6,2534.1,18,LOW
Car,0.4,88.6,Flood,0.56,34.3,0.0,19,MEDIUM
Truck,34.5,283.2,None,0.676,96.8,358.9,14,LOW
Police,75.6,177.3,None,0.986,25.0,2167.8,13,LOW
Bike,73.3,346.8,Construction,0.546,68.0,0.0,13,MEDIUM
Auto,39.6,343.5,None,0.485,43.2,1172.5,16,LOW
Car,5.8,275.6,Bridge,0.929,69.2,0.0,19,LOW
Lorry,96.8,77.5,None,0.677,68.6,2241.9,6,MEDIUM
Tanker,34.7,231.5,None,0.964,35.9,1166.6,10,LOW
Police,6.4,40.0,None,0.65,44.1,1078.3,5,LOW
Bike,2.1,44.6,Bridge,0.841,96.7,104.3,17,LOW
Container,74.5,112.0,Hospital,0.827,21.3,0.0,23,HIGH
Car,84.7,289.8,None,0.806,41.3,1178.0,2,MEDIUM
Auto,0.1,107.6,None,0.662,45.8,978.5,18,LOW
Ambulance,7.2,81.9,None,0.64,15.2,2877.6,3,LOW
Container,103.7,281.9,Accident,0.751,42.9,45.9,14,HIGH
Container,21.5,50.5,Hospital,0.788,83.0,0.0,3,HIGH
Auto,42.7,242.0,None,0.84,52.3,2681.4,16,LOW
Tanker,77.8,22.3,None,0.955,57.7,801.5,7,LOW
Bus,55.1,244.0,Hospital,0.694,59.2,87.1,20,MEDIUM
Bike,4.8,59.5,RoadBlock,0.718,96.5,0.0,11,MEDIUM
Bus,104.7,357.1,Bridge,0.858,49.3,0.0,4,MEDIUM
Bus,8.0,223.4,Flood,0.785,94.9,192.1,2,MEDIUM
Police,57.4,350.9,None,0.817,32.3,1957.8,18,LOW
Police,73.3,58.4,None,0.741,10.8,1135.4,20,LOW
Police,101.9,82.1,Hospital,0.96,75.6,0.0,14,HIGH
Tanker,47.2,10.5,Hairpin,0.895,45.8,0.0,16,MEDIUM
Police,109.3,16.1,None,0.978,92.7,2857.7,1,LOW
Tanker,63.5,128.2,Hospital,0.604,69.1,48.8,2,HIGH
Bike,21.1,329.6,None,0.961,13.2,608.1,14,LOW
Car,95.3,101.4,None,0.984,56.5,2300.5,18,LOW
Container,31.1,126.7,None,0.779,54.8,693.6,16,LOW
Car,65.0,66.8,None,0.871,16.2,2828.3,3,MEDIUM
Container,55.8,147.0,Hospital,0.92,79.4,131.3,20,MEDIUM
Lorry,16.7,314.4,None,0.942,21.5,2320.1,14,LOW
Auto,0.0,149.5,Accident,0.846,30.7,0.0,11,MEDIUM
Ambulance,80.2,347.1,None,0.521,48.0,978.5,10,MEDIUM
Car,35.8,255.8,None,0.93,82.6,2956.1,2,LOW
Bike,83.0,141.2,None,0.862,73.8,585.2,9,LOW
Auto,85.9,209.6,Flood,0.987,78.3,0.0,2,MEDIUM
Bus,56.5,182.7,None,0.74,92.9,2114.3,9,LOW
Ambulance,80.2,309.3,Flood,0.94,40.2,195.7,22,MEDIUM
Tanker,94.2,251.7,None,0.788,44.2,572.8,20,MEDIUM
Bus,86.5,263.7,Hospital,0.857,73.4,163.6,21,MEDIUM
Container,60.1,347.2,School,0.594,26.1,0.0,9,HIGH
Lorry,60.8,142.4,None,0.962,70.5,2410.4,15,LOW
Bus,27.6,224.3,Flood,0.75,37.6,0.0,9,MEDIUM
Truck,68.3,119.9,Hairpin,0.902,35.7,87.1,10,HIGH
Auto,75.4,119.4,Flood,0.747,70.4,126.8,12,MEDIUM
Bus,21.9,150.2,Accident,0.875,48.9,196.1,14,MEDIUM
Container,7.4,186.2,Bridge,0.532,48.0,0.0,19,MEDIUM
Police,43.7,94.9,Bridge,0.987,69.1,193.7,7,LOW
Police,66.4,27.6,RoadBlock,0.847,63.9,0.0,21,MEDIUM
Police,71.3,96.0,None,0.669,38.2,886.2,9,LOW
Bike,65.7,310.9,None,0.914,73.1,2072.3,5,LOW
Auto,44.9,5.5,Flood,0.899,45.9,0.0,1,MEDIUM
Container,20.7,241.4,Construction,0.873,92.3,87.4,16,MEDIUM
Tanker,28.5,156.0,Hospital,0.832,67.4,0.0,8,MEDIUM
Bike,78.5,32.8,Flood,0.782,32.4,0.0,2,HIGH
Lorry,29.8,88.9,None,0.624,70.6,335.3,11,LOW
Ambulance,104.7,301.0,Hairpin,0.974,76.9,0.0,16,HIGH
Ambulance,57.4,24.6,Hospital,0.834,34.2,0.0,7,MEDIUM
Truck,98.5,239.3,None,0.577,73.5,1340.0,4,MEDIUM
Tanker,48.7,233.1,None,0.867,37.1,1557.6,22,MEDIUM
Police,6.2,176.3,None,0.614,69.0,854.7,19,LOW
Truck,17.5,57.6,School,0.725,83.3,0.0,6,MEDIUM
Bike,12.1,103.8,None,0.742,42.1,1126.0,3,LOW
Lorry,91.1,283.4,None,0.915,94.7,2641.3,3,MEDIUM
Ambulance,11.3,141.0,None,0.955,70.9,2529.9,2,LOW
Police,94.5,268.7,School,0.961,26.1,139.1,16,MEDIUM
Bus,25.3,42.2,None,0.849,17.5,155.5,13,LOW
Container,18.2,319.8,Bridge,0.967,56.7,121.9,13,LOW
Truck,27.0,20.7,None,0.922,65.5,1714.9,2,LOW
Bike,45.7,154.0,School,0.588,55.0,0.0,15,MEDIUM
Ambulance,95.8,226.7,None,0.867,40.3,514.2,8,MEDIUM
Container,76.1,74.0,Hospital,0.798,47.7,0.0,7,HIGH
Truck,87.2,24.8,None,0.532,32.8,128.9,4,MEDIUM
Bike,79.6,192.3,None,0.85,40.0,2395.5,20,LOW
Police,49.6,65.9,None,0.874,44.9,2430.3,20,LOW
Bus,99.2,73.0,Hospital,0.919,97.1,14.2,14,MEDIUM
Lorry,71.3,26.6,Hairpin,0.919,60.3,0.0,1,HIGH
Tanker,24.2,125.8,None,0.921,75.0,2004.5,17,LOW
Car,78.0,3.0,RoadBlock,0.834,82.4,0.0,11,MEDIUM
Car,60.3,23.9,None,0.788,82.3,1602.2,8,LOW
Container,15.4,240.9,None,0.941,90.1,2274.9,12,LOW
Ambulance,99.9,272.4,None,0.764,66.9,553.8,5,LOW
Police,52.1,257.2,None,0.93,29.3,1332.1,16,LOW
Truck,99.9,182.0,None,0.72,84.0,2012.6,2,MEDIUM
Bus,87.6,97.6,None,0.794,39.2,881.6,10,MEDIUM
Container,21.0,249.4,None,0.983,83.3,2356.3,9,LOW
Ambulance,83.7,67.4,Accident,0.961,12.8,52.7,14,MEDIUM
Car,3.7,315.6,None,0.949,39.1,2704.0,19,LOW
Tanker,97.7,116.8,Hairpin,0.906,16.1,0.0,21,HIGH
Container,109.9,117.3,Accident,0.831,31.7,0.0,4,HIGH
Police,45.2,46.7,Hairpin,0.678,38.2,0.0,2,HIGH
Container,25.5,5.2,None,0.555,85.3,1896.6,12,LOW
Car,62.0,224.2,Flood,0.622,49.8,141.8,14,MEDIUM
Container,42.8,82.2,None,0.861,57.5,713.7,2,LOW
Bike,109.5,352.2,None,0.835,14.8,1418.8,12,MEDIUM
Tanker,74.2,243.2,Bridge,0.892,72.2,0.0,0,MEDIUM
Police,71.4,98.8,None,0.962,73.5,1420.0,17,LOW
Tanker,73.5,300.6,None,0.679,82.3,2886.7,6,MEDIUM
Tanker,59.0,175.4,None,0.815,92.9,1791.3,6,LOW
Truck,65.2,127.4,None,0.81,89.5,2011.2,5,LOW
Police,23.2,309.8,Hospital,0.8,82.2,199.5,10,MEDIUM
Truck,3.3,322.2,None,0.85,15.6,1072.3,9,MEDIUM
Bus,7.4,350.1,None,0.821,44.7,306.0,16,LOW
Lorry,23.2,82.3,Flood,0.733,23.3,0.0,15,MEDIUM
Bike,83.5,347.4,None,0.788,36.9,774.3,14,MEDIUM
Bike,14.3,92.1,Flood,0.979,82.8,30.2,2,MEDIUM
Ambulance,37.7,310.4,None,0.689,22.3,1784.0,16,LOW
Ambulance,55.6,51.7,Hospital,0.549,51.4,0.0,10,MEDIUM
Police,90.5,20.5,None,0.515,38.2,1660.3,21,MEDIUM
Bus,92.4,355.2,Accident,0.974,76.7,0.0,13,HIGH
Car,53.1,300.9,Construction,0.852,50.9,152.7,4,MEDIUM
Bus,13.9,70.5,None,0.866,54.1,1969.8,22,LOW
Bike,25.3,198.4,None,0.9,26.7,908.1,2,LOW
Bike,24.1,65.6,None,0.815,61.4,514.7,4,LOW
Auto,41.2,286.4,Hospital,0.813,81.6,35.8,20,MEDIUM
Auto,74.0,79.2,Flood,0.843,10.1,0.0,21,MEDIUM
Auto,87.2,225.2,None,0.889,18.4,1509.8,18,MEDIUM
Car,101.3,14.4,Hospital,0.868,52.1,0.0,20,HIGH
Tanker,83.7,55.5,RoadBlock,0.968,45.8,165.7,13,MEDIUM
Car,18.8,10.9,None,0.948,92.0,1578.6,20,LOW
Tanker,55.1,18.0,None,0.91,24.5,172.4,7,LOW
Ambulance,49.4,85.3,None,0.95,44.2,2424.2,14,LOW
Car,43.1,269.5,Accident,0.913,60.9,0.0,13,MEDIUM
Lorry,42.6,23.8,None,0.898,12.7,2888.3,19,LOW
Container,73.5,335.0,None,0.985,86.3,2846.8,12,LOW
Container,97.3,265.3,Construction,0.924,74.4,0.0,7,HIGH
Tanker,68.5,355.4,None,0.951,33.5,1095.8,7,LOW
Car,91.8,335.8,None,0.955,18.3,572.1,12,MEDIUM
Ambulance,65.5,54.0,Bridge,0.765,52.4,0.0,10,MEDIUM
Container,82.6,270.6,RoadBlock,0.868,15.0,0.0,15,HIGH
Police,23.4,238.2,None,0.745,34.4,652.8,9,LOW
Truck,20.3,122.8,None,0.847,54.4,969.8,16,LOW
Lorry,65.6,155.7,RoadBlock,0.905,41.0,146.9,11,MEDIUM
Tanker,72.5,334.4,None,0.404,46.0,1047.7,19,MEDIUM
Police,1.2,296.7,None,0.864,20.7,2943.6,17,LOW
Truck,23.6,24.1,None,0.691,25.5,1747.1,4,MEDIUM
Container,32.6,336.9,None,0.93,14.5,253.0,11,LOW
Car,76.1,164.4,RoadBlock,0.982,42.3,0.0,17,MEDIUM
Ambulance,90.3,171.4,None,0.718,28.8,345.6,17,MEDIUM
Auto,51.3,173.1,Construction,0.891,84.1,0.0,3,MEDIUM
Container,50.5,108.9,None,0.662,52.8,1282.5,4,LOW
Bike,17.7,235.7,None,0.738,47.6,437.4,16,LOW
Car,67.4,336.9,Flood,0.895,46.3,166.9,10,MEDIUM
Bike,89.6,219.6,None,0.872,47.2,2059.9,4,MEDIUM
Bike,72.4,25.2,Flood,0.879,13.8,0.0,19,MEDIUM
Ambulance,18.5,315.7,None,0.818,96.2,739.3,18,LOW
Bike,97.5,335.4,None,0.413,77.7,1640.8,22,MEDIUM
Police,74.5,153.8,School,0.932,58.6,0.0,10,MEDIUM
Ambulance,47.4,136.1,None,0.764,56.3,994.6,23,LOW
Car,63.0,116.8,None,0.54,70.4,2435.7,8,LOW
Auto,104.1,143.7,Bridge,0.78,71.9,25.0,1,MEDIUM
Bus,103.2,65.0,None,0.918,47.5,564.7,4,MEDIUM
Lorry,18.8,150.1,Hairpin,0.904,69.6,120.9,22,MEDIUM
Car,17.9,83.9,None,0.882,93.4,1316.9,10,LOW
Ambulance,5.6,14.1,RoadBlock,0.864,11.0,0.0,16,MEDIUM
Police,33.7,14.5,Hairpin,0.785,34.8,142.2,4,MEDIUM
Bike,29.9,324.6,None,0.918,84.9,2436.4,21,LOW
Ambulance,24.7,81.2,None,0.921,29.0,2282.2,5,LOW
Bike,5.6,176.8,None,0.81,24.5,1758.8,17,LOW
Tanker,88.6,272.9,None,0.857,46.8,2071.1,6,MEDIUM
Tanker,6.2,12.4,None,0.969,33.4,2669.6,7,LOW
Tanker,98.5,106.7,None,0.974,84.3,2052.0,22,MEDIUM
Police,90.7,142.5,None,0.94,34.4,335.6,15,LOW
Tanker,109.2,56.1,None,0.72,36.0,1456.3,3,MEDIUM
Bike,68.1,147.6,None,0.842,28.1,2809.9,12,LOW
Bus,75.8,295.6,None,0.88,13.6,2680.7,1,MEDIUM
Truck,109.1,105.6,None,0.947,19.3,465.3,14,MEDIUM
Police,107.7,241.9,RoadBlock,0.653,64.3,0.0,17,MEDIUM
Bike,63.3,154.0,None,0.954,31.0,1913.5,4,LOW
Auto,82.2,78.5,Bridge,0.86,40.7,0.0,1,MEDIUM
Bike,102.2,119.2,Bridge,0.826,12.5,126.6,7,MEDIUM
Ambulance,46.9,196.8,None,0.927,14.5,2682.1,22,LOW
Bus,63.5,202.4,School,0.786,40.7,183.5,5,MEDIUM
Police,44.7,51.4,None,0.558,91.0,2397.4,20,LOW
Tanker,74.4,244.0,None,0.797,29.6,2019.3,9,MEDIUM
Truck,69.7,213.1,Bridge,0.981,22.1,19.8,23,MEDIUM
Car,91.5,329.7,Accident,0.734,80.2,0.0,5,HIGH
Car,0.0,255.7,None,0.877,86.6,2877.1,15,LOW
Tanker,62.2,184.7,Hairpin,0.943,45.0,0.0,9,HIGH
Truck,10.4,113.1,None,0.8,99.6,1789.9,9,LOW
Bike,89.4,117.4,None,0.98,38.4,486.3,4,MEDIUM
Police,69.6,46.1,None,0.848,88.6,1549.9,6,LOW
Container,80.3,222.3,Accident,0.858,19.7,96.2,14,HIGH
Bus,64.4,194.4,School,0.625,67.4,164.2,10,MEDIUM
Auto,4.6,178.8,RoadBlock,0.975,90.8,0.0,19,MEDIUM
Ambulance,64.1,262.1,None,0.852,73.2,1713.7,16,LOW
Ambulance,39.4,327.2,Construction,0.952,73.2,0.0,4,MEDIUM
Lorry,74.3,142.1,School,0.963,20.8,0.0,12,HIGH
Tanker,106.6,135.6,None,0.899,69.2,2993.5,9,MEDIUM
Auto,49.7,127.3,School,0.816,44.9,0.0,20,MEDIUM
Lorry,48.6,232.7,Hairpin,0.779,53.0,120.8,3,MEDIUM
Bus,64.0,144.1,None,0.844,76.1,705.6,21,LOW
Tanker,6.4,198.3,Construction,0.864,82.3,108.5,9,MEDIUM
Lorry,8.7,203.1,Bridge,0.696,23.6,0.0,15,MEDIUM
Auto,65.5,28.9,None,0.867,66.7,2503.1,13,LOW
Police,86.2,99.5,RoadBlock,0.951,56.5,0.0,21,MEDIUM
Truck,103.0,241.3,None,0.913,98.4,349.8,16,MEDIUM
Truck,89.6,100.6,Construction,0.955,14.9,0.0,17,HIGH
Lorry,99.3,137.6,Flood,0.977,84.4,0.0,10,HIGH
Police,38.8,287.1,Construction,0.881,63.9,83.4,6,LOW
Police,105.4,194.3,Hospital,0.619,26.6,12.9,14,HIGH
Police,66.5,274.2,Flood,0.674,49.8,33.5,13,MEDIUM
Car,20.3,72.6,None,0.828,53.5,1210.1,21,LOW
Car,92.3,52.2,None,0.789,60.9,2646.3,8,MEDIUM
Lorry,61.4,344.6,Hospital,0.875,85.8,0.0,13,HIGH
Truck,8.5,61.0,Hairpin,0.665,71.6,0.0,15,MEDIUM
Ambulance,15.7,137.2,Accident,0.766,67.8,0.0,20,MEDIUM
Ambulance,53.9,149.1,None,0.774,45.4,787.1,12,LOW
Ambulance,10.7,64.3,None,0.733,93.0,310.9,2,LOW
Bike,30.9,125.6,Flood,0.909,45.9,82.5,11,LOW
Bike,107.6,64.9,None,0.602,62.1,2514.6,16,LOW
Lorry,88.5,311.0,School,0.898,59.4,0.0,9,HIGH
Bike,57.2,357.8,None,0.949,24.3,2852.9,17,LOW
Lorry,96.8,325.6,Bridge,0.98,42.2,0.0,11,MEDIUM
Lorry,63.3,58.0,Construction,0.991,76.8,0.0,21,MEDIUM
Car,39.0,280.1,Bridge,0.595,81.7,0.0,2,LOW
Car,67.1,175.3,None,0.903,56.2,935.7,19,LOW
Car,0.7,178.1,Bridge,0.964,94.7,35.7,1,LOW
Lorry,51.9,32.8,RoadBlock,0.589,90.7,0.0,4,MEDIUM
Tanker,2.5,309.3,Bridge,0.869,48.7,150.2,18,LOW
Auto,100.4,205.4,None,0.917,37.6,1709.9,7,LOW
Bus,64.7,153.1,Bridge,0.754,56.6,0.0,9,MEDIUM
Bike,31.2,143.7,Accident,0.766,11.8,31.6,21,MEDIUM
Police,97.5,164.6,Hairpin,0.851,99.7,0.0,20,HIGH
Bike,31.6,315.8,None,0.751,87.3,1550.2,22,LOW
Bus,74.2,85.8,None,0.783,28.9,2932.0,12,MEDIUM
Bike,71.0,335.5,None,0.952,96.9,1241.3,7,LOW
Tanker,14.4,241.1,Flood,0.633,38.1,0.0,1,HIGH
Ambulance,71.0,267.5,Flood,0.973,80.5,0.0,7,MEDIUM
Container,40.7,269.7,Hospital,0.924,19.8,0.0,11,MEDIUM
Lorry,34.9,290.4,Hairpin,0.694,78.8,0.0,12,MEDIUM
Auto,75.9,339.3,Hairpin,0.503,56.0,0.0,6,HIGH
Auto,34.3,288.1,RoadBlock,0.782,83.1,0.0,6,MEDIUM
Container,34.4,308.2,None,0.941,32.7,2631.8,0,LOW
Lorry,18.6,19.3,Construction,0.523,25.1,167.5,15,MEDIUM
Auto,60.4,67.9,RoadBlock,0.557,84.6,0.0,7,MEDIUM
Tanker,78.0,37.8,None,0.736,89.1,2203.6,14,LOW
Container,12.4,146.4,None,0.821,32.4,2832.0,8,LOW
Police,32.8,278.4,None,0.819,97.8,1170.5,3,LOW
Police,39.3,123.5,None,0.887,16.6,2023.1,6,LOW
Ambulance,65.5,149.0,Hairpin,0.938,68.4,84.4,7,MEDIUM
Car,50.4,92.1,None,0.581,99.6,1362.3,17,LOW
Auto,101.3,123.9,None,0.806,85.9,2252.6,9,LOW
Container,18.5,43.2,Bridge,0.889,20.7,0.0,18,MEDIUM
Police,38.4,134.6,None,0.822,99.5,774.9,8,LOW
Police,5.9,68.2,None,0.897,50.0,2059.2,14,LOW
Container,56.0,309.3,Accident,0.572,98.8,0.0,23,HIGH
Bus,27.3,193.3,Hairpin,0.923,46.3,47.7,1,HIGH
Truck,90.1,121.1,Hairpin,0.895,26.8,0.0,13,HIGH
Lorry,32.0,149.8,Hospital,0.919,39.7,22.3,4,MEDIUM
Bike,104.9,21.6,None,0.93,80.5,455.2,11,LOW
Auto,69.8,44.5,None,0.921,96.0,816.2,21,LOW
Car,94.6,60.6,None,0.906,83.8,2675.8,0,LOW
Tanker,21.9,102.0,None,0.97,24.4,2104.6,0,LOW
Ambulance,18.4,111.4,Accident,0.906,24.0,0.0,3,HIGH
Lorry,9.6,135.5,RoadBlock,0.824,95.8,71.1,16,LOW
Container,4.7,64.3,None,0.889,19.8,2945.6,12,LOW
Ambulance,42.0,278.3,None,0.988,94.4,2761.2,18,LOW
Lorry,97.6,224.5,None,0.928,23.4,1829.8,21,MEDIUM
Truck,89.6,137.2,Hairpin,0.874,67.9,0.0,12,HIGH
Bike,76.6,130.1,None,0.716,26.2,418.6,1,MEDIUM
Bus,97.2,123.1,Hospital,0.522,31.7,0.0,13,HIGH
Container,8.9,52.8,Construction,0.848,53.5,25.5,1,MEDIUM
Auto,33.8,332.5,None,0.953,59.9,1650.2,8,LOW
Truck,21.5,59.7,None,0.729,40.5,2861.0,17,LOW
Car,81.2,214.5,Accident,0.987,92.7,0.0,0,HIGH
Auto,37.6,345.2,Flood,0.778,83.1,69.0,12,LOW
Tanker,47.7,304.6,Accident,0.698,86.1,79.6,7,MEDIUM
Ambulance,5.6,144.3,None,0.652,67.1,640.6,12,LOW
Bus,82.4,195.9,Hospital,0.647,29.4,193.5,23,HIGH
Car,78.7,343.6,Construction,0.595,73.7,0.0,7,MEDIUM
Container,49.1,44.3,None,0.683,23.8,2211.5,10,LOW
Tanker,66.0,262.5,None,0.861,68.4,298.5,15,LOW
Bike,98.7,42.9,None,0.814,52.6,2578.2,13,LOW
Auto,37.4,312.2,None,0.842,48.7,579.9,2,LOW
Tanker,77.7,192.2,Bridge,0.929,39.0,112.4,2,MEDIUM
Bus,94.4,239.4,None,0.791,14.8,2205.6,22,MEDIUM
Bus,13.3,108.7,None,0.596,44.2,1889.9,10,LOW
Truck,106.7,261.2,School,0.849,70.0,0.0,14,HIGH
Tanker,66.3,175.8,Construction,0.885,82.5,0.0,2,MEDIUM
Police,9.3,156.6,None,0.965,41.2,2805.3,3,LOW
Container,101.5,180.4,Hospital,0.861,59.8,148.4,19,HIGH
Ambulance,53.4,30.7,School,0.773,53.5,0.0,13,MEDIUM
Truck,8.2,38.1,Bridge,0.697,79.2,13.3,16,LOW
Ambulance,63.4,42.8,Accident,0.912,48.0,0.0,8,MEDIUM
Police,49.4,207.4,Flood,0.483,43.0,0.0,5,MEDIUM
Ambulance,84.3,346.9,None,0.83,51.0,1497.9,15,MEDIUM
Container,83.4,101.2,None,0.897,92.2,1870.1,7,MEDIUM
Police,60.1,89.7,RoadBlock,0.929,19.0,0.0,3,MEDIUM
Car,106.0,135.3,None,0.756,61.8,465.7,10,MEDIUM
Ambulance,64.0,275.1,None,0.914,66.1,480.7,14,LOW
Auto,34.1,72.4,Flood,0.813,26.6,0.0,10,MEDIUM
Lorry,52.2,81.1,None,0.794,23.3,2955.5,10,LOW
Ambulance,23.0,46.8,None,0.944,11.9,199.9,9,LOW
Police,49.0,293.2,Bridge,0.878,22.0,0.0,12,LOW
Ambulance,82.7,337.9,None,0.473,39.9,2132.3,3,MEDIUM
Lorry,84.2,333.7,Accident,0.935,44.9,57.3,17,MEDIUM
Police,33.5,352.9,RoadBlock,0.806,82.2,0.0,9,MEDIUM
Truck,95.6,64.9,None,0.959,50.0,2252.9,21,MEDIUM
Tanker,25.1,21.0,Bridge,0.993,46.0,0.0,21,LOW
Ambulance,64.2,317.5,None,0.965,73.1,1291.1,2,LOW
Auto,55.5,2.6,None,0.734,98.1,1320.1,18,LOW
Bike,55.2,326.7,None,0.639,51.1,1477.8,17,LOW
Container,42.5,347.0,Hospital,0.766,16.2,0.0,7,HIGH
Container,45.9,315.1,Accident,0.923,97.5,103.0,19,MEDIUM
Ambulance,32.0,168.5,None,0.674,36.8,2362.1,13,LOW
Truck,51.9,81.7,None,0.938,98.9,1507.2,7,LOW
Bike,19.7,319.9,Bridge,0.775,26.6,0.0,11,MEDIUM
Auto,2.4,278.0,Flood,0.403,12.4,0.0,0,HIGH
Tanker,1.2,273.5,None,0.549,45.0,2673.5,2,MEDIUM
Bus,98.3,120.6,None,0.43,96.3,514.2,9,MEDIUM
Lorry,63.8,101.4,None,0.979,62.1,339.5,11,LOW
Police,17.0,157.8,None,0.666,37.3,2903.0,10,LOW
Car,103.9,120.2,Construction,0.87,95.4,0.0,10,MEDIUM
Bus,17.8,344.9,Bridge,0.818,72.4,146.9,5,LOW
Container,109.5,103.2,None,0.667,98.0,2574.6,14,MEDIUM
Ambulance,54.8,216.6,Accident,0.985,99.1,0.0,20,MEDIUM
Ambulance,40.8,277.2,School,0.955,80.4,97.4,19,MEDIUM
Police,87.3,207.0,None,0.943,55.4,856.5,12,LOW
Lorry,1.0,232.7,RoadBlock,0.728,74.6,0.0,22,MEDIUM
Truck,10.2,164.4,Construction,0.902,96.2,50.3,5,LOW
Lorry,38.3,321.5,None,0.995,71.9,893.1,3,LOW
Police,81.0,18.5,None,0.98,54.2,1030.1,19,LOW
Ambulance,21.1,111.1,Construction,0.952,98.5,0.0,11,MEDIUM
Auto,74.9,257.0,Accident,0.556,63.7,148.2,22,HIGH
Auto,23.2,302.1,Hospital,0.823,22.0,190.7,4,MEDIUM
Lorry,8.0,71.5,None,0.807,36.1,792.4,3,LOW
Bus,23.5,147.6,None,0.963,97.9,2868.5,13,LOW
Auto,88.0,86.8,None,0.932,80.0,2589.1,13,LOW
Bike,92.9,129.1,Accident,0.845,10.9,82.4,5,HIGH
Bus,36.2,248.9,Accident,0.676,50.2,0.0,14,HIGH
Container,76.2,354.5,School,0.602,24.1,0.0,4,HIGH
Ambulance,62.5,98.6,None,0.824,61.2,1932.0,13,LOW
Ambulance,57.1,18.4,None,0.987,55.4,1036.1,15,LOW
Auto,28.4,166.6,School,0.915,82.7,0.0,9,MEDIUM
Lorry,12.5,231.2,None,0.574,57.6,199.7,5,LOW
Auto,70.3,29.2,None,0.847,72.2,2405.5,17,LOW
Auto,18.0,37.4,Construction,0.65,19.6,0.0,17,MEDIUM
Container,95.5,297.3,Hairpin,0.931,94.9,122.5,14,MEDIUM
Ambulance,91.8,255.0,Construction,0.928,40.7,199.5,20,MEDIUM
Tanker,29.0,100.2,Hairpin,0.797,97.8,0.0,8,MEDIUM
Truck,90.4,232.0,None,0.826,92.1,1373.5,3,MEDIUM
Lorry,4.4,130.1,RoadBlock,0.843,48.4,94.3,18,MEDIUM
Auto,102.1,230.1,None,0.967,42.4,1485.8,5,LOW
Lorry,39.1,245.0,RoadBlock,0.953,21.3,0.0,18,MEDIUM
Tanker,4.4,214.6,Accident,0.902,16.9,0.0,22,HIGH
Auto,90.3,87.8,None,0.856,19.2,2742.2,16,MEDIUM
Truck,90.3,272.9,Flood,0.747,59.2,0.0,1,HIGH
Bus,83.2,209.1,Flood,0.941,62.9,0.0,4,HIGH
Lorry,1.9,17.6,None,0.89,63.7,895.2,15,LOW
Tanker,2.9,263.9,None,0.686,28.5,1122.2,12,LOW
Truck,13.9,46.6,None,0.971,83.2,1778.4,16,LOW
Container,68.0,280.5,None,0.782,67.6,1011.1,15,LOW
Car,105.4,12.0,Hospital,0.798,31.2,99.4,14,HIGH
Container,100.6,76.0,Hospital,0.782,23.2,129.5,12,HIGH
Ambulance,25.6,56.3,RoadBlock,0.748,50.3,0.0,8,MEDIUM
Tanker,108.2,104.9,None,0.752,92.4,870.5,17,MEDIUM
Auto,98.5,37.1,None,0.659,70.9,974.6,10,MEDIUM
Car,20.7,109.0,Hairpin,0.671,21.7,0.0,20,HIGH
Police,21.7,35.0,School,0.583,70.9,0.0,5,MEDIUM
Car,69.2,95.5,None,0.534,84.9,2975.7,6,LOW
Bus,18.0,248.3,None,0.958,19.6,2364.0,5,LOW
Tanker,100.1,137.4,Hospital,0.993,78.6,187.3,11,MEDIUM
Container,103.5,62.7,Accident,0.854,34.1,0.0,12,HIGH
Lorry,69.6,258.9,None,0.69,84.1,781.6,20,LOW
Truck,71.8,145.5,School,0.771,99.9,0.0,15,MEDIUM
Auto,29.2,238.0,Bridge,0.867,22.2,195.5,21,LOW
Car,106.1,58.8,None,0.915,44.0,356.4,3,MEDIUM
Ambulance,37.6,352.3,Flood,0.856,35.3,0.0,2,MEDIUM
Truck,6.2,43.2,Construction,0.865,50.1,0.0,10,MEDIUM
Tanker,80.5,62.5,Flood,0.987,58.1,0.0,4,HIGH
Bus,52.2,293.0,Hospital,0.932,47.0,121.3,18,MEDIUM
Bus,69.3,149.8,None,0.895,55.5,571.3,11,LOW
Bus,105.6,305.7,None,0.648,10.8,157.9,19,MEDIUM
Lorry,64.5,163.5,Hospital,0.827,49.8,0.0,4,HIGH
Auto,25.6,291.9,None,0.637,84.7,1305.3,11,LOW
Container,28.4,311.3,Flood,0.452,66.4,0.0,8,MEDIUM
Lorry,109.5,172.4,None,0.484,54.3,657.7,22,MEDIUM
Tanker,51.0,88.2,RoadBlock,0.755,66.8,109.0,19,MEDIUM
Ambulance,14.2,134.9,None,0.943,29.8,577.2,20,LOW
Lorry,44.7,332.6,None,0.879,98.6,2032.6,12,LOW
Police,31.4,210.3,Hospital,0.873,79.9,135.0,0,MEDIUM
Container,67.6,320.4,Flood,0.953,75.9,0.0,18,MEDIUM
Bike,23.3,85.8,Accident,0.981,89.1,0.0,2,MEDIUM
Truck,37.6,121.5,School,0.78,65.5,0.0,6,MEDIUM
Car,68.5,110.9,None,0.952,95.2,1278.7,16,LOW
Bike,84.9,173.7,None,0.797,86.5,938.5,13,LOW
Truck,104.7,17.9,Flood,0.967,11.5,0.0,2,HIGH
Bike,4.9,51.4,RoadBlock,0.882,84.0,0.0,17,MEDIUM
Auto,59.6,165.0,Hospital,0.785,78.9,0.0,22,MEDIUM
Lorry,16.4,232.7,Hairpin,0.867,96.6,0.0,2,HIGH
Truck,8.0,225.0,None,0.942,55.2,1419.4,19,LOW
Tanker,82.9,47.6,Accident,0.701,86.8,0.0,0,HIGH
Car,10.9,32.6,Accident,0.914,19.1,0.0,11,MEDIUM
Tanker,39.2,283.2,Accident,0.978,88.6,0.0,4,MEDIUM
Tanker,95.3,213.1,Construction,0.951,78.3,0.0,10,HIGH
Tanker,55.7,292.5,Hospital,0.729,45.5,0.0,22,HIGH
Truck,54.2,169.4,None,0.903,40.0,1526.6,14,LOW
Car,63.0,85.6,None,0.597,31.5,2852.9,18,LOW
Bus,33.6,60.6,None,0.749,59.0,1700.0,3,MEDIUM
Truck,39.2,160.6,Bridge,0.779,51.2,152.1,16,LOW
Car,22.7,254.6,Bridge,0.885,60.7,0.0,15,LOW
Bus,81.6,18.8,Accident,0.75,75.0,0.0,17,HIGH
Ambulance,99.7,45.5,Bridge,0.974,94.9,0.0,7,MEDIUM
Container,41.4,331.5,None,0.606,99.0,868.6,2,LOW
Truck,73.9,18.7,Hairpin,0.605,35.6,0.0,7,HIGH
Car,83.2,193.7,None,0.939,82.2,1452.5,2,MEDIUM
Tanker,39.8,38.9,None,0.806,53.9,1912.8,10,LOW
Police,104.1,208.1,School,0.788,12.9,0.0,6,HIGH
Tanker,79.6,48.8,Bridge,0.782,43.5,0.0,11,MEDIUM
Police,53.8,146.3,RoadBlock,0.78,57.4,112.8,17,MEDIUM
Lorry,18.8,71.0,Flood,0.992,97.3,0.0,13,MEDIUM
Bike,88.3,282.9,None,0.858,67.9,2370.0,20,LOW
Car,103.1,248.4,None,0.902,16.5,2139.5,0,MEDIUM
Ambulance,44.3,330.3,None,0.747,40.3,1266.6,3,LOW
Lorry,5.6,178.2,None,0.945,82.3,544.9,15,LOW
Bus,40.3,134.0,None,0.915,43.0,406.8,2,LOW
Lorry,69.1,43.6,None,0.996,25.7,1198.2,22,MEDIUM
Police,92.7,231.3,Hospital,0.846,18.5,109.3,3,HIGH
Ambulance,81.5,271.7,Hospital,0.676,17.8,93.3,18,HIGH
Bus,19.1,121.2,Bridge,0.874,69.7,0.0,8,MEDIUM
Ambulance,23.7,43.3,None,0.802,55.1,2946.1,10,LOW
Lorry,10.7,108.8,Hospital,0.456,59.4,0.0,4,HIGH
Auto,71.8,91.8,Construction,0.93,60.6,0.0,3,MEDIUM
Police,78.5,74.5,None,0.873,50.7,514.1,13,LOW
Container,42.8,341.7,RoadBlock,0.923,17.5,0.0,9,MEDIUM
Truck,34.3,281.1,Hospital,0.935,43.1,0.0,21,MEDIUM
Auto,89.0,129.9,Hairpin,0.9,94.0,0.0,10,MEDIUM
Lorry,63.5,232.5,None,0.866,42.3,336.3,12,MEDIUM
Tanker,21.3,341.3,None,0.969,74.5,1660.5,5,LOW
Ambulance,56.0,87.3,None,0.896,35.8,817.6,17,LOW
Lorry,71.0,233.7,Construction,0.915,98.2,0.0,3,MEDIUM
Bus,78.1,2.6,Construction,0.823,97.2,0.0,1,HIGH
Lorry,50.4,339.3,Flood,0.818,52.3,0.0,12,MEDIUM
Truck,64.0,128.1,None,0.546,40.5,2813.0,2,MEDIUM
Truck,100.3,75.2,RoadBlock,0.73,90.1,120.5,14,MEDIUM
Truck,58.3,10.0,None,0.547,76.8,911.3,3,LOW
Police,62.1,31.6,Hairpin,0.638,35.0,0.0,18,HIGH
Ambulance,36.2,158.2,None,0.809,88.6,273.3,0,LOW
Ambulance,97.7,118.1,Accident,0.762,41.7,0.0,6,HIGH
Tanker,43.6,71.5,None,0.728,55.5,2966.3,14,LOW
Car,51.2,20.9,Bridge,0.962,79.0,54.4,9,LOW
Bike,65.0,259.0,None,0.823,60.6,1702.8,1,LOW
Ambulance,12.6,45.3,Flood,0.777,53.6,0.0,6,MEDIUM
Bike,60.7,302.0,Bridge,0.827,65.4,81.7,17,LOW
Ambulance,4.5,124.7,None,0.974,83.0,260.5,15,LOW
Police,59.2,25.3,None,0.836,74.3,2781.5,18,LOW
Ambulance,56.9,42.0,None,0.742,66.0,129.1,5,LOW
Auto,21.4,176.4,Bridge,0.752,64.3,0.0,8,LOW
Police,45.2,78.2,None,0.837,28.1,332.2,18,LOW
Bus,52.2,3.6,Construction,0.839,14.7,0.0,21,MEDIUM
Bike,93.0,286.9,Hairpin,0.688,98.3,0.0,18,HIGH
Ambulance,24.8,76.0,None,0.706,12.2,2522.2,5,LOW
Auto,40.2,302.1,None,0.875,16.8,826.0,23,LOW
Auto,73.6,318.9,School,0.975,97.1,54.5,22,MEDIUM
Auto,54.4,30.9,Flood,0.401,40.1,104.8,6,MEDIUM
Police,64.4,3.0,None,0.756,77.9,2870.0,5,LOW
Truck,26.4,116.1,Hairpin,0.975,72.7,0.0,19,MEDIUM
Bike,42.5,150.9,None,0.833,17.0,2149.7,0,LOW
Auto,101.2,97.2,RoadBlock,0.928,46.9,0.0,10,HIGH
Container,5.4,68.6,Hairpin,0.993,86.9,0.0,4,MEDIUM
Bus,30.0,42.2,Construction,0.789,63.7,73.8,11,MEDIUM
Container,88.8,187.9,None,0.871,37.8,2621.7,18,MEDIUM
Tanker,84.1,89.0,None,0.698,43.4,1554.9,4,MEDIUM
Ambulance,79.8,40.7,None,0.948,82.7,2109.3,20,LOW
Bike,61.1,251.1,None,0.808,67.5,1080.2,7,LOW
Bus,99.8,210.9,None,0.938,54.5,2694.8,9,MEDIUM
Tanker,29.4,147.4,Flood,0.834,38.9,0.0,23,MEDIUM
Auto,26.3,150.1,None,0.945,61.5,1381.4,18,LOW
Auto,38.1,268.0,None,0.8,23.7,477.9,19,LOW
Auto,38.0,290.0,Construction,0.574,69.0,0.0,4,MEDIUM
Truck,95.1,111.1,Bridge,0.938,81.1,0.0,10,MEDIUM
Truck,74.5,288.4,None,0.874,82.8,954.6,14,LOW
Lorry,62.8,267.6,Bridge,0.89,93.7,109.5,2,LOW
Truck,72.8,324.3,School,0.875,87.1,0.0,12,HIGH
Ambulance,9.8,157.2,Accident,0.931,84.5,0.0,15,MEDIUM
Container,65.6,32.2,None,0.84,51.4,748.4,3,MEDIUM
Auto,102.7,123.7,Bridge,0.97,31.4,0.0,14,MEDIUM
Car,18.8,40.7,None,0.873,71.1,314.8,0,LOW
Truck,109.2,146.4,Hospital,0.992,10.1,0.0,5,HIGH
Bus,92.1,205.5,Hospital,0.869,81.4,181.2,2,HIGH
Auto,107.3,83.4,None,0.687,67.2,577.7,22,MEDIUM
Bus,47.3,103.1,None,0.529,42.0,1497.5,5,LOW
Container,55.3,113.4,RoadBlock,0.829,86.6,0.0,13,MEDIUM
Bike,90.8,109.0,None,0.88,96.5,1007.2,21,LOW
Lorry,10.8,189.1,Construction,0.98,76.6,0.0,12,MEDIUM
Police,36.7,113.6,Flood,0.769,87.4,0.0,11,MEDIUM
Truck,53.0,186.8,None,0.932,70.8,1274.5,21,LOW
Police,102.5,32.0,RoadBlock,0.883,43.0,0.0,0,HIGH
Tanker,17.5,347.5,Hospital,0.996,30.4,0.0,3,HIGH
Ambulance,99.9,280.5,None,0.547,16.5,2736.1,15,MEDIUM
Tanker,105.4,27.9,Hospital,0.582,62.0,191.6,17,HIGH
Container,55.3,29.8,None,0.46,27.4,654.2,11,MEDIUM
Car,84.6,95.3,None,0.671,94.9,2802.0,14,LOW
Lorry,22.8,128.6,None,0.967,93.7,1212.3,18,LOW
Truck,54.1,321.7,Hospital,0.987,13.4,129.0,11,MEDIUM
Ambulance,28.9,18.8,Bridge,0.939,47.4,195.6,1,LOW
Bike,22.1,77.3,None,0.871,65.4,1294.6,17,LOW
Police,102.8,17.4,Bridge,0.981,46.3,0.0,9,MEDIUM
Car,76.8,229.1,Flood,0.844,95.3,0.0,14,MEDIUM
Bus,34.9,275.1,RoadBlock,0.65,70.6,0.0,4,MEDIUM
Truck,62.3,274.0,None,0.891,77.7,1473.9,6,LOW
Bus,49.1,2.5,None,0.612,73.2,2872.3,10,LOW
Truck,58.4,143.5,Hospital,0.789,85.8,0.0,17,MEDIUM
Container,72.7,169.0,None,0.976,59.2,1364.5,16,LOW
Car,82.4,297.2,None,0.978,85.8,979.3,3,LOW
Bus,47.2,169.0,Construction,0.85,70.0,0.0,18,MEDIUM
Tanker,38.0,223.1,None,0.786,58.0,100.7,13,LOW
Police,26.5,74.8,None,0.94,55.4,2610.4,1,LOW
Ambulance,26.5,28.2,Flood,0.96,96.4,158.7,19,LOW
Ambulance,66.4,177.1,Hairpin,0.826,62.7,0.0,10,MEDIUM
Car,49.0,300.2,None,0.986,80.6,1244.9,8,LOW
Car,71.1,54.1,None,0.728,28.5,1512.5,9,LOW
Police,96.6,189.3,Construction,0.718,82.2,0.0,4,HIGH
Police,99.0,327.0,None,0.738,21.8,1842.8,8,MEDIUM
Auto,3.8,178.6,Hospital,0.876,66.1,0.0,14,MEDIUM
Ambulance,55.4,65.6,None,0.82,40.2,2318.8,16,LOW
Car,47.6,173.8,Accident,0.705,18.2,0.0,9,HIGH
Ambulance,75.8,45.6,Flood,0.994,31.3,178.1,18,MEDIUM
Lorry,1.0,72.3,RoadBlock,0.782,12.5,0.0,7,MEDIUM
Car,97.0,149.3,None,0.838,56.5,2733.4,22,MEDIUM
Container,88.5,23.6,None,0.623,58.1,2650.4,16,MEDIUM
Truck,45.1,173.0,School,0.878,35.4,0.0,11,HIGH
Police,73.8,58.2,Accident,0.924,70.2,0.0,18,MEDIUM
Container,104.0,47.6,Accident,0.625,77.8,0.0,23,HIGH
Truck,48.7,221.8,None,0.783,34.3,2486.0,0,MEDIUM
Bus,57.0,165.8,RoadBlock,0.993,66.6,0.0,20,MEDIUM
Lorry,78.2,18.7,None,0.647,53.5,2671.8,20,MEDIUM
Car,41.6,269.2,School,0.946,28.9,0.0,4,HIGH
Auto,25.7,147.0,School,0.786,63.3,0.0,8,MEDIUM
Tanker,55.2,217.2,None,0.326,83.1,1671.1,13,MEDIUM
Container,14.4,275.1,None,0.832,94.1,632.4,8,LOW
Tanker,27.8,146.0,None,0.943,34.0,1576.4,18,LOW
Bike,16.2,219.6,None,0.867,95.1,809.7,17,LOW
Auto,14.5,108.5,None,0.739,14.1,1677.2,9,LOW
Police,37.2,170.0,Hospital,0.858,83.7,0.0,8,MEDIUM
Tanker,13.2,191.0,None,0.84,86.8,2751.6,20,LOW
Tanker,29.2,324.5,RoadBlock,0.995,74.8,0.0,16,MEDIUM
Car,28.2,68.4,None,0.96,38.9,2895.4,21,LOW
Bus,70.6,8.4,School,0.912,78.3,121.6,15,MEDIUM
Tanker,62.7,19.2,None,0.959,59.0,922.2,12,LOW
Car,104.3,302.4,RoadBlock,0.784,24.5,0.0,23,HIGH
Bike,17.4,175.0,None,0.986,34.7,2674.5,21,LOW
Tanker,4.5,328.0,Accident,0.653,97.0,105.8,17,MEDIUM
Truck,33.4,130.2,None,0.891,32.1,1643.1,4,MEDIUM
Bike,53.1,252.3,Accident,0.955,29.4,172.5,10,MEDIUM
Lorry,103.6,186.1,None,0.869,68.9,1647.5,7,MEDIUM
Tanker,103.8,142.3,None,0.512,50.9,1465.3,10,MEDIUM
Auto,77.7,337.7,None,0.841,25.2,2305.3,14,LOW
Police,108.3,339.5,Hairpin,0.889,58.7,170.1,18,MEDIUM
Auto,52.8,134.0,Hospital,0.952,70.7,0.0,6,MEDIUM
Ambulance,10.9,216.9,None,0.404,48.8,606.9,13,LOW
Bus,108.6,201.5,Flood,0.512,35.8,0.0,10,HIGH
Auto,71.5,8.9,None,0.638,24.6,2695.6,4,MEDIUM
Bus,75.5,89.7,Hospital,0.905,42.7,0.0,10,HIGH
Bus,73.7,348.5,None,0.971,32.9,2492.9,20,LOW
Police,53.4,195.1,None,0.87,27.7,2101.2,6,LOW
Bus,42.9,149.3,Accident,0.739,69.7,0.0,2,HIGH
Ambulance,31.5,165.2,None,0.894,29.0,759.8,12,LOW
Police,30.8,45.7,None,0.761,40.6,2153.0,0,LOW
Lorry,61.3,91.9,None,0.722,34.1,1851.6,0,MEDIUM
Bike,95.8,358.6,RoadBlock,0.377,53.2,0.0,21,HIGH
Lorry,100.5,132.2,Bridge,0.965,65.3,67.5,11,MEDIUM
Truck,90.0,13.8,None,0.671,70.1,137.0,16,MEDIUM
Bus,95.9,160.4,Hospital,0.844,46.3,0.0,9,HIGH
Police,46.3,345.1,None,0.859,40.3,1751.5,13,LOW
Bus,94.7,28.1,None,0.97,21.3,476.4,15,MEDIUM
Lorry,61.3,339.7,Accident,0.863,85.3,0.0,0,HIGH
Bus,2.5,40.5,RoadBlock,0.856,80.8,12.2,0,MEDIUM
Bus,40.6,181.6,Construction,0.873,62.7,0.0,22,MEDIUM
Car,70.5,93.1,None,0.984,81.0,1117.8,20,LOW
Bike,44.5,141.3,Hairpin,0.848,80.2,51.3,1,MEDIUM
Car,91.3,252.7,Hairpin,0.739,66.8,90.5,3,HIGH
Ambulance,20.7,182.3,Construction,0.893,20.2,144.4,8,MEDIUM
Bus,55.0,321.0,RoadBlock,0.643,73.5,134.7,21,MEDIUM
Tanker,43.4,0.5,None,0.585,75.8,1613.4,21,LOW
Bike,8.2,68.9,None,0.791,99.1,707.3,19,LOW
Bus,1.3,358.1,None,0.959,91.4,1028.5,3,LOW
Auto,73.7,67.5,Construction,0.969,26.1,0.0,3,HIGH
Police,43.7,88.1,RoadBlock,0.586,49.4,172.3,6,MEDIUM
Bike,62.2,56.4,RoadBlock,0.744,91.1,0.0,22,MEDIUM
Bus,53.7,216.6,Hairpin,0.804,15.1,5.8,15,HIGH
Police,49.5,119.4,None,0.787,56.3,680.4,7,LOW
Truck,35.2,212.5,Construction,0.781,52.9,128.8,21,MEDIUM
Truck,4.2,223.1,Hospital,0.592,67.9,138.9,23,MEDIUM
Tanker,95.8,122.9,Bridge,0.634,56.6,0.0,9,MEDIUM
Car,82.4,346.3,Construction,0.734,18.4,0.0,1,HIGH
Container,82.2,111.9,None,0.934,33.1,1819.7,13,MEDIUM
Truck,103.0,243.4,Hairpin,0.966,99.7,0.0,4,HIGH
Bus,70.9,127.5,None,0.881,13.0,1163.6,11,MEDIUM
Auto,26.1,160.6,None,0.864,10.5,2269.9,23,LOW
Container,99.3,50.2,Accident,0.939,57.5,0.0,12,HIGH
Police,0.1,290.8,None,0.936,69.9,328.2,12,LOW
Police,66.4,58.9,None,0.567,25.4,2250.7,20,MEDIUM
Bus,33.3,237.8,Construction,0.954,32.2,0.0,22,HIGH
Bus,28.8,316.5,Construction,0.814,45.2,0.0,18,MEDIUM
Auto,72.5,224.3,None,0.97,55.3,2155.4,5,LOW
Container,27.4,116.5,School,0.945,51.0,7.1,23,HIGH
Bus,96.7,4.7,None,0.735,12.2,1786.1,15,MEDIUM
Ambulance,60.4,78.7,None,0.973,94.3,577.1,1,LOW
Container,25.7,94.6,School,0.826,30.1,12.2,21,MEDIUM
Auto,11.4,154.9,Bridge,0.829,44.3,83.0,10,LOW
Auto,80.0,162.1,Construction,0.904,18.6,0.0,21,MEDIUM
Police,45.5,74.0,None,0.886,72.3,1210.9,21,LOW
Ambulance,95.6,204.0,Flood,0.756,65.3,166.6,19,MEDIUM
Bus,54.3,42.5,None,0.582,36.6,1537.4,15,MEDIUM
Truck,46.3,147.4,None,0.814,27.8,126.7,10,LOW
Tanker,69.0,113.6,Hairpin,0.898,10.8,168.0,7,HIGH
Ambulance,3.5,337.5,None,0.338,44.8,1976.9,7,LOW
Police,4.9,19.4,None,0.823,84.0,709.1,2,LOW
Police,43.3,113.7,None,0.849,49.7,1522.8,3,LOW
Car,93.4,253.5,Construction,0.636,29.9,0.0,13,HIGH
Bike,88.3,15.8,School,0.774,54.3,0.0,19,HIGH
Tanker,45.4,193.0,RoadBlock,0.921,47.0,129.9,21,MEDIUM
Container,78.3,64.1,None,0.929,79.2,1830.5,1,MEDIUM
Police,37.1,94.2,None,0.478,52.8,1154.2,17,LOW
Auto,70.5,323.6,None,0.959,75.6,2802.5,22,LOW
Police,30.7,341.1,Construction,0.905,57.7,0.0,21,MEDIUM
Container,91.5,54.0,None,0.897,52.2,1835.1,20,MEDIUM
Tanker,3.4,98.7,None,0.762,67.3,568.7,22,LOW
Bus,99.6,185.3,None,0.814,73.8,681.0,4,MEDIUM
Ambulance,23.2,247.1,Construction,0.626,50.8,0.0,19,MEDIUM
Truck,92.2,235.1,None,0.94,34.6,707.6,6,MEDIUM
Lorry,50.1,326.1,None,0.555,93.0,1748.6,3,LOW
Car,40.0,271.6,Construction,0.904,50.3,0.0,14,MEDIUM
Bike,24.3,243.1,Flood,0.47,90.5,0.0,0,MEDIUM
Car,92.6,287.7,None,0.882,30.5,1620.9,18,MEDIUM
Bike,88.7,126.9,Accident,0.812,18.9,55.0,18,MEDIUM
Bus,94.1,124.4,Construction,0.94,12.8,0.0,21,HIGH
Container,15.3,45.7,None,0.832,45.8,1075.3,13,LOW
Lorry,25.8,172.6,None,0.735,96.9,143.1,12,LOW
Tanker,52.9,119.7,None,0.993,75.9,2089.0,4,LOW
Auto,91.7,89.7,None,0.686,38.2,511.3,22,MEDIUM
Container,23.5,37.9,RoadBlock,0.738,14.7,0.0,6,HIGH
Tanker,94.9,159.2,None,0.855,17.5,654.1,21,MEDIUM
Bus,48.5,209.9,None,0.828,27.9,1535.0,22,LOW
Container,81.7,276.6,None,0.985,31.8,598.0,18,MEDIUM
Ambulance,58.3,104.1,None,0.736,10.0,468.1,13,LOW
Bike,102.7,311.4,Construction,0.683,43.6,0.0,12,HIGH
Car,7.0,142.3,RoadBlock,0.995,73.3,0.0,5,MEDIUM
Tanker,41.1,341.4,Flood,0.794,32.7,0.0,22,HIGH
Lorry,90.6,37.0,Hairpin,0.903,44.6,0.0,14,HIGH
Bike,86.2,345.6,Bridge,0.936,42.7,11.4,20,MEDIUM
Lorry,75.4,156.6,None,0.409,36.9,1950.5,22,MEDIUM
Ambulance,31.7,84.7,None,0.947,94.3,1608.5,13,LOW
Container,40.1,313.5,Hairpin,0.951,38.5,0.0,23,HIGH
Auto,31.9,207.2,None,0.861,44.0,2025.8,7,LOW
Container,28.1,45.6,RoadBlock,0.893,78.5,4.2,6,MEDIUM
Bus,61.4,136.2,Hospital,0.99,76.0,0.0,5,HIGH
Truck,21.2,35.0,None,0.784,21.3,1809.1,1,MEDIUM
Bike,57.8,72.9,None,0.538,59.3,2137.9,4,LOW
Tanker,87.2,225.9,School,0.79,47.1,0.0,14,HIGH
Bus,73.6,77.6,Hairpin,0.771,98.3,0.0,10,HIGH
Auto,87.3,30.7,None,0.964,72.6,1093.2,15,LOW
Bike,11.9,25.0,None,0.702,48.0,1254.5,2,LOW
Container,2.9,120.5,Bridge,0.898,86.3,0.0,16,LOW
Bike,2.0,26.7,Accident,0.813,68.0,0.0,17,MEDIUM
Truck,91.1,283.0,None,0.958,28.1,618.0,7,MEDIUM
Container,37.2,150.2,None,0.993,64.5,1247.7,11,LOW
Auto,32.9,311.2,None,0.834,72.7,697.6,17,LOW
Car,48.5,23.3,Construction,0.908,65.8,160.8,11,LOW
Auto,47.5,282.1,Bridge,0.899,80.7,0.0,21,LOW
Ambulance,61.0,64.5,Construction,0.571,14.4,0.0,8,HIGH
Tanker,60.3,70.8,School,0.768,24.3,162.7,11,HIGH
Bike,14.6,83.8,None,0.345,81.1,1893.2,15,LOW
Lorry,12.4,56.1,None,0.614,44.9,595.2,16,LOW
Truck,25.0,206.6,Accident,0.962,86.7,52.3,17,MEDIUM
Truck,54.1,350.2,RoadBlock,0.939,18.1,191.9,20,MEDIUM
Ambulance,78.7,282.9,Construction,0.971,96.1,0.0,17,MEDIUM
Ambulance,102.5,209.4,Hospital,0.991,31.7,102.4,21,MEDIUM
Police,41.8,161.0,None,0.915,14.3,2348.7,1,LOW
Car,62.8,273.1,Accident,0.953,11.0,0.0,17,HIGH
Lorry,34.0,42.0,None,0.945,62.9,285.7,13,LOW
Ambulance,94.9,345.2,None,0.876,47.3,883.2,10,LOW
Truck,22.8,234.8,School,0.754,87.3,24.4,23,MEDIUM
Auto,86.4,241.8,Hairpin,0.866,22.7,128.9,2,HIGH
Bike,42.0,343.5,Construction,0.838,32.7,0.0,21,MEDIUM
Truck,57.2,105.9,None,0.906,25.4,2632.4,14,LOW
Car,77.5,30.6,None,0.701,32.3,2790.6,5,LOW
Bus,102.5,258.7,None,0.847,26.3,2449.9,17,MEDIUM
Bus,14.9,168.2,None,0.772,38.4,1331.0,21,LOW
Container,34.0,100.7,School,0.782,63.7,183.3,17,MEDIUM
Car,31.7,66.6,School,0.604,32.7,191.2,19,MEDIUM
Bike,101.6,164.2,Hospital,0.999,48.4,0.0,6,HIGH
Container,2.5,159.4,RoadBlock,0.495,11.6,0.0,20,HIGH
Bus,86.6,194.3,Accident,0.79,70.7,0.0,7,HIGH
Tanker,72.5,142.9,RoadBlock,0.903,18.6,0.0,5,HIGH
Auto,10.0,232.7,Hairpin,0.685,63.4,154.6,14,MEDIUM
Truck,91.1,61.2,None,0.617,58.8,2765.2,21,MEDIUM
Truck,99.0,160.9,RoadBlock,0.987,34.2,172.4,18,MEDIUM
Container,7.7,243.3,None,0.817,79.2,2666.5,4,LOW
Lorry,24.4,166.4,Construction,0.777,70.4,0.0,19,MEDIUM
Lorry,1.0,144.6,None,0.832,41.3,1609.5,15,LOW
Auto,72.1,150.2,None,0.917,46.7,2093.6,22,LOW
Auto,27.5,229.9,None,0.716,19.5,775.9,10,LOW
Bus,104.5,344.0,School,0.63,64.4,0.0,7,HIGH
Ambulance,94.9,101.8,None,0.96,46.8,938.7,11,LOW
Container,89.0,287.3,None,0.661,48.3,898.8,14,MEDIUM
Tanker,29.2,192.5,None,0.969,29.2,671.2,17,LOW
Auto,45.4,81.8,Hospital,0.937,28.3,0.0,4,HIGH
Lorry,96.8,155.7,None,0.624,60.3,2150.4,23,MEDIUM
Truck,19.5,90.5,Hospital,0.976,39.3,0.0,16,HIGH
Auto,78.1,191.6,None,0.784,62.7,1015.4,18,LOW
Car,9.6,80.0,None,0.388,11.1,1604.9,17,MEDIUM
Bike,66.6,345.7,None,0.93,39.1,788.0,20,LOW
Container,28.9,181.1,None,0.568,82.5,939.5,7,LOW
Auto,73.1,153.1,None,0.901,38.2,2285.6,4,LOW
Bike,24.2,139.5,Hospital,0.773,42.0,0.0,11,MEDIUM
Lorry,19.4,266.9,Accident,0.92,63.2,120.3,4,MEDIUM
Bus,46.1,155.0,Flood,0.661,19.3,25.6,23,HIGH
Container,11.1,218.9,Hairpin,0.979,86.9,0.0,15,MEDIUM
Tanker,36.0,75.4,None,0.634,82.4,2396.7,7,LOW
Lorry,14.0,143.1,None,0.943,47.0,2848.4,12,LOW
Police,13.9,349.6,Hairpin,0.89,87.2,0.0,20,MEDIUM
Bike,72.5,203.4,None,0.672,70.1,2697.9,23,LOW
Bike,6.4,50.5,Accident,0.996,55.6,0.0,20,MEDIUM
Auto,52.4,274.1,Hospital,0.678,85.7,83.6,8,MEDIUM
Lorry,84.5,14.5,None,0.898,41.2,1998.4,11,MEDIUM
Container,78.0,210.4,None,0.986,99.4,468.8,15,LOW
Car,8.0,315.4,Flood,0.982,33.6,0.0,5,MEDIUM
Bike,45.2,258.6,None,0.889,61.6,2575.5,6,LOW
Bus,26.6,314.6,None,0.776,92.8,1463.9,19,LOW
Truck,3.2,247.6,Bridge,0.769,61.7,0.0,10,MEDIUM
Police,55.6,293.3,None,0.713,47.6,1740.1,15,LOW
Bus,71.4,125.7,None,0.915,62.7,1384.5,0,MEDIUM
Bus,3.8,114.8,Accident,0.742,38.0,0.0,20,HIGH
Auto,30.0,298.6,Flood,0.783,39.0,0.0,5,MEDIUM
Bus,8.3,338.7,None,0.905,64.6,1917.7,19,LOW
Car,70.2,225.7,None,0.856,88.5,725.4,2,LOW
Auto,9.2,173.4,None,0.897,57.4,210.8,15,LOW
Ambulance,67.7,297.3,Flood,0.967,21.1,196.0,5,MEDIUM
Bike,43.3,81.6,None,0.961,17.9,2691.3,5,LOW
Container,42.8,112.5,None,0.797,37.3,2605.4,19,LOW
Lorry,86.0,334.2,None,0.986,10.5,1738.0,12,MEDIUM
Car,37.3,115.8,RoadBlock,0.846,33.8,104.4,16,MEDIUM
Bus,49.6,4.2,Construction,0.86,61.4,0.0,15,MEDIUM
Auto,12.8,214.1,Hairpin,0.849,39.6,144.4,16,MEDIUM
Truck,70.8,119.5,None,0.709,11.0,2119.9,21,MEDIUM
Auto,41.4,338.4,School,0.676,40.6,95.8,20,MEDIUM
Ambulance,32.6,184.9,None,0.711,66.7,1087.7,1,LOW
Ambulance,33.1,207.6,Bridge,0.943,17.6,0.0,12,LOW
Auto,27.9,26.7,Construction,0.888,53.6,0.0,4,MEDIUM
Lorry,56.9,137.1,Hospital,0.735,41.3,0.0,19,HIGH
Ambulance,40.0,299.1,None,0.944,76.2,714.0,6,LOW
Car,16.0,113.5,Construction,0.818,95.8,103.8,0,LOW
Lorry,90.1,196.4,None,0.865,87.3,762.2,13,MEDIUM
Bus,24.2,72.2,None,0.561,32.8,1564.6,20,MEDIUM
Tanker,3.4,47.3,None,0.794,43.3,2248.3,18,LOW
Tanker,86.3,274.0,None,0.648,39.8,2289.3,6,MEDIUM
Bike,36.2,49.6,None,0.866,49.0,306.0,5,LOW
Bike,53.7,252.1,None,0.892,94.3,1196.8,8,LOW
Auto,63.4,284.3,None,0.97,23.0,2452.6,22,LOW
Bus,24.5,257.5,Construction,0.74,39.3,95.7,7,MEDIUM
Bus,66.3,354.0,Construction,0.676,45.4,0.0,16,HIGH
Container,45.7,215.8,Hairpin,0.843,56.9,0.0,12,HIGH
Car,85.4,198.2,Hospital,0.498,46.4,0.0,15,HIGH
Ambulance,105.8,183.6,Hospital,0.517,46.8,0.0,8,HIGH
Truck,59.8,178.5,Hairpin,0.961,93.9,121.4,12,MEDIUM
Ambulance,72.5,144.2,None,0.75,96.4,2479.3,22,LOW
Car,93.9,61.8,Accident,0.927,12.9,16.1,15,HIGH
Lorry,30.1,71.8,None,0.94,48.6,1282.9,6,LOW
Auto,12.5,242.7,Bridge,0.776,95.9,163.0,5,LOW
Container,99.4,5.6,Bridge,0.621,63.9,95.8,0,MEDIUM
Truck,102.6,27.3,None,0.922,91.8,2831.8,12,LOW
Ambulance,7.1,144.5,None,0.879,18.4,1808.9,18,LOW
Car,58.5,95.6,Hospital,0.911,52.8,0.0,17,MEDIUM
Bike,102.1,163.0,None,0.526,54.7,2100.9,11,MEDIUM
Tanker,36.8,249.7,Bridge,0.767,54.0,90.6,6,LOW
Ambulance,21.9,110.4,School,0.903,79.4,0.0,5,MEDIUM
Truck,26.6,60.7,Hospital,0.754,71.9,127.0,9,MEDIUM
Truck,89.2,16.1,None,0.92,37.9,1613.5,17,MEDIUM
Auto,73.0,136.8,None,0.529,12.1,331.4,22,MEDIUM
Ambulance,46.0,338.5,None,0.771,65.0,2478.8,7,LOW
Police,44.5,79.5,None,0.892,95.4,2716.5,18,LOW
Police,96.3,287.7,Construction,0.99,77.3,0.0,2,MEDIUM
Lorry,27.8,262.7,Bridge,0.944,73.7,0.0,13,MEDIUM
Bike,61.1,35.9,School,0.595,28.9,177.1,8,MEDIUM
Truck,67.8,153.9,None,0.661,72.6,2320.8,21,MEDIUM
Container,48.5,257.2,Hospital,0.835,38.0,92.7,5,MEDIUM
Container,74.1,194.4,RoadBlock,0.786,77.7,172.9,8,MEDIUM
Lorry,71.6,307.4,None,0.927,17.0,2385.5,23,MEDIUM
Lorry,91.9,58.4,None,0.75,47.7,662.6,6,MEDIUM
Lorry,31.3,181.4,None,0.893,80.3,656.1,4,LOW
Truck,5.5,313.6,Hospital,0.863,88.9,60.3,21,MEDIUM
Car,1.3,107.9,Hairpin,0.402,92.1,0.0,11,MEDIUM
Police,50.8,197.1,None,0.961,10.8,1435.6,15,LOW
Bike,53.7,8.1,None,0.541,25.0,1280.8,12,LOW
Auto,25.6,192.0,Flood,0.979,77.9,0.0,16,MEDIUM
Police,51.5,25.4,Hairpin,0.568,93.2,110.3,11,MEDIUM
Bus,64.1,144.2,None,0.93,84.1,647.7,3,MEDIUM
Police,77.1,104.3,None,0.929,10.1,2174.2,22,LOW
Lorry,18.8,37.5,None,0.966,97.4,2176.6,18,LOW
Container,35.6,114.4,None,0.974,87.3,843.1,5,LOW
Lorry,41.8,312.8,None,0.48,76.2,1512.3,15,LOW
Container,89.5,342.7,None,0.551,89.6,700.3,5,MEDIUM
Lorry,101.0,292.6,None,0.854,65.3,2432.5,22,MEDIUM
Container,98.9,223.9,None,0.926,41.4,619.6,8,MEDIUM
Auto,71.2,166.7,Flood,0.539,93.6,76.2,21,MEDIUM
Truck,51.0,31.8,None,0.94,57.9,320.0,7,LOW
Ambulance,76.8,223.9,RoadBlock,0.491,45.6,0.0,23,HIGH
Car,67.1,337.1,Accident,0.838,18.5,0.0,15,HIGH
Bike,104.4,28.1,None,0.59,49.7,1939.3,15,MEDIUM
Bike,85.2,12.1,Hairpin,0.893,52.2,0.0,3,HIGH
Car,11.8,52.3,RoadBlock,0.633,95.2,0.0,15,MEDIUM
Truck,70.1,231.7,None,0.839,62.8,2515.1,23,MEDIUM
Container,7.9,248.0,None,0.972,90.2,1538.9,17,LOW
Tanker,90.7,144.4,None,0.97,76.9,247.5,0,MEDIUM
Container,24.3,98.5,RoadBlock,0.821,81.2,102.5,18,MEDIUM
Bike,14.1,265.3,Accident,0.878,40.9,0.0,11,MEDIUM
Bike,43.8,6.9,None,0.472,54.4,695.6,23,LOW
Truck,81.1,251.2,None,0.829,27.1,1382.3,19,MEDIUM
Bus,7.9,139.9,Accident,0.986,88.5,10.5,10,MEDIUM
Auto,42.4,56.8,None,0.699,27.9,2815.4,2,LOW
Container,2.0,157.2,Bridge,0.747,21.9,0.0,10,MEDIUM
Tanker,73.9,280.9,None,0.648,32.4,752.2,8,MEDIUM
Container,57.1,202.0,None,0.841,33.6,213.8,13,LOW
Car,33.6,267.3,Flood,0.806,44.9,32.8,7,MEDIUM
Truck,43.8,208.2,RoadBlock,0.607,38.2,0.0,12,MEDIUM
Truck,60.9,161.8,None,0.932,97.0,1372.1,17,LOW
Ambulance,43.3,303.9,Hospital,0.753,29.4,0.0,8,MEDIUM
Truck,88.0,124.3,None,0.852,59.9,645.3,9,MEDIUM
Tanker,94.6,92.5,None,0.87,34.5,592.1,20,MEDIUM
Bike,79.0,276.5,Accident,0.159,97.0,0.0,1,HIGH
Container,22.5,66.8,None,0.841,80.5,2264.1,14,LOW
Bike,66.5,246.4,None,0.611,13.0,2570.5,17,MEDIUM
Bike,75.2,95.3,Accident,0.852,94.0,69.7,19,MEDIUM
Auto,11.7,176.6,None,0.953,99.3,672.5,16,LOW
Bike,63.3,332.2,None,0.821,78.5,2959.5,11,LOW
Lorry,19.8,275.0,Hospital,0.898,51.8,0.0,9,MEDIUM
Tanker,109.5,143.3,Flood,0.948,94.4,0.0,0,HIGH
Bus,84.5,32.0,None,0.785,56.6,143.4,9,MEDIUM
Car,29.1,184.5,None,0.813,93.7,2376.2,15,LOW
Ambulance,22.0,47.0,None,0.673,66.3,2960.5,19,LOW
Car,58.7,40.6,None,0.741,72.7,1828.5,6,LOW
Bike,50.6,130.8,None,0.543,27.9,1532.6,12,LOW
Ambulance,87.1,170.8,None,0.791,90.6,571.4,7,LOW
Ambulance,109.5,42.7,Bridge,0.925,83.0,171.9,19,LOW
Tanker,109.1,105.6,None,0.895,43.1,1814.2,20,MEDIUM
Tanker,55.4,231.9,None,0.751,53.3,327.7,6,LOW
Bus,61.7,119.2,Flood,0.785,82.5,0.0,3,HIGH
Auto,0.6,153.6,None,0.885,28.9,1837.4,8,LOW
Police,9.8,20.9,RoadBlock,0.564,60.9,0.0,0,MEDIUM
Bike,103.0,19.7,School,0.906,36.6,0.0,3,HIGH
Bus,9.3,291.5,None,0.912,71.2,2509.7,23,LOW
Truck,4.6,8.3,Flood,0.834,45.2,0.0,15,MEDIUM
Ambulance,0.0,60.5,None,0.617,64.6,1409.3,15,LOW
Police,103.2,44.0,Hairpin,0.835,88.3,0.0,2,HIGH
Bus,67.5,191.0,Hairpin,0.906,70.9,0.0,12,MEDIUM
Police,82.4,337.0,Accident,0.946,34.3,0.0,8,HIGH
Car,48.4,184.0,Construction,0.967,41.5,148.6,7,LOW
Police,83.2,239.4,Bridge,0.515,59.5,98.9,1,MEDIUM
Truck,62.2,256.9,RoadBlock,0.959,97.8,0.0,12,MEDIUM
Tanker,6.6,159.1,None,0.674,67.1,1126.3,5,LOW
Car,66.4,112.0,Construction,0.815,36.4,0.0,15,MEDIUM
Lorry,89.7,161.7,None,0.725,87.2,2702.8,1,MEDIUM
Lorry,104.1,142.7,Construction,0.98,64.7,0.0,20,HIGH
Car,95.2,11.5,Accident,0.594,75.6,0.0,18,HIGH
Lorry,36.6,180.7,School,0.912,12.6,0.0,18,HIGH
Police,0.9,264.3,Flood,0.577,98.6,0.0,2,MEDIUM
Police,98.5,236.7,Hospital,0.927,19.0,184.5,19,MEDIUM
Car,15.5,80.7,Hairpin,0.795,10.1,0.0,20,MEDIUM
Bike,108.4,290.8,Construction,0.921,52.9,0.0,15,MEDIUM
Bike,85.3,189.1,None,0.986,68.8,2075.5,14,LOW
Car,82.7,180.8,None,0.728,28.2,1382.2,11,MEDIUM
Tanker,6.3,351.3,Hairpin,0.639,12.9,0.0,22,HIGH
Tanker,78.8,149.6,None,0.645,43.5,2556.3,6,MEDIUM
Bike,91.1,137.4,None,0.848,97.5,1890.9,10,LOW
Tanker,108.0,121.3,Accident,0.622,38.8,0.0,16,HIGH
Tanker,28.9,12.8,None,0.525,19.2,1876.5,17,MEDIUM
Car,10.4,270.8,None,0.78,54.4,2555.7,23,LOW
Car,66.1,244.8,None,0.398,20.7,1982.4,19,MEDIUM
Truck,62.4,198.7,None,0.906,66.2,2361.5,6,LOW
Police,86.2,186.4,Flood,0.644,35.2,11.6,9,MEDIUM
Container,87.5,149.7,Construction,0.904,59.8,0.0,16,HIGH
Car,52.2,140.6,Flood,0.875,56.7,0.0,1,MEDIUM
Police,56.4,87.0,RoadBlock,0.548,71.1,0.0,1,MEDIUM
Ambulance,42.7,135.0,None,0.866,37.1,153.9,16,LOW
Auto,97.8,81.5,None,0.672,31.1,1611.7,1,MEDIUM
Auto,18.9,109.6,Hospital,0.926,25.0,0.0,6,MEDIUM
Truck,69.2,350.4,None,0.779,80.6,1905.3,20,LOW
Bike,34.7,194.5,None,0.535,33.4,153.5,11,LOW
Car,60.0,253.7,None,0.945,39.8,2595.5,16,LOW
Truck,52.1,287.0,None,0.896,34.7,1683.7,2,MEDIUM
Bike,23.5,170.7,Construction,0.849,11.8,0.0,23,MEDIUM
Ambulance,27.8,14.5,RoadBlock,0.8,17.6,0.0,16,MEDIUM
Auto,74.8,240.2,Accident,0.757,44.6,87.0,23,MEDIUM
Truck,107.7,31.8,None,0.71,42.4,1348.2,21,MEDIUM
Ambulance,45.0,134.5,Construction,0.805,57.0,0.0,5,MEDIUM
Bike,34.8,243.1,None,0.868,14.1,2552.3,21,LOW
Auto,100.2,294.6,None,0.965,91.7,997.5,11,LOW
Bike,107.4,101.0,None,0.574,73.5,653.3,11,MEDIUM
Ambulance,60.8,90.9,None,0.908,54.2,2630.2,19,LOW
Bike,78.3,208.2,RoadBlock,0.922,32.5,0.0,17,MEDIUM
Tanker,38.6,308.3,None,0.959,91.5,1360.4,14,LOW
Ambulance,53.7,332.9,School,0.842,43.9,21.0,1,MEDIUM
Auto,69.7,316.0,School,0.899,64.6,73.6,4,MEDIUM
Tanker,99.5,180.7,School,0.897,56.2,0.0,7,HIGH
Container,85.5,283.1,School,0.761,27.5,27.0,8,HIGH
Bike,107.3,311.7,Flood,0.798,59.1,0.0,1,HIGH
Bus,82.0,181.4,Flood,0.734,35.1,0.0,11,HIGH
Lorry,21.5,349.3,Bridge,0.912,23.9,0.0,9,MEDIUM
Ambulance,86.4,85.2,RoadBlock,0.879,17.4,84.2,2,HIGH
Police,61.5,67.3,Accident,0.983,85.6,0.0,22,MEDIUM
Truck,92.3,37.2,None,0.787,52.5,2732.9,1,MEDIUM
Auto,40.0,103.1,None,0.416,78.4,2573.7,2,LOW
Container,107.0,95.7,None,0.5,99.4,2213.8,13,MEDIUM
Truck,104.8,299.8,Bridge,0.753,57.2,101.5,20,MEDIUM
Car,57.8,349.7,None,0.578,21.9,2170.4,1,LOW
Car,47.9,105.8,None,0.922,72.5,2331.5,17,LOW
Container,26.9,17.8,Bridge,0.767,10.8,0.0,1,MEDIUM
Ambulance,15.2,219.8,None,0.972,13.2,208.0,19,LOW
Truck,2.9,265.3,Bridge,0.947,56.2,0.0,9,MEDIUM
Bus,30.1,43.6,Flood,0.508,54.5,0.0,2,HIGH
Car,59.9,265.6,None,0.575,48.9,1297.0,8,LOW
Bike,84.1,209.1,None,0.921,18.1,1731.7,22,MEDIUM
Bus,52.7,37.5,None,0.836,46.9,2863.9,17,LOW
Ambulance,95.2,106.4,RoadBlock,0.962,62.5,150.2,19,MEDIUM
Bike,56.1,37.6,Bridge,0.672,96.2,0.0,2,LOW
Ambulance,25.4,16.7,None,0.828,63.1,1927.0,21,LOW
Truck,93.0,106.6,Construction,0.908,91.2,26.3,13,MEDIUM
Container,90.6,147.1,RoadBlock,0.804,39.0,0.0,11,HIGH
Car,98.5,288.2,None,0.919,32.9,2593.2,5,MEDIUM
Auto,77.0,196.6,None,0.746,28.8,2017.8,19,LOW
Car,100.2,144.9,Bridge,0.972,88.2,0.0,21,MEDIUM
Truck,82.7,50.3,Construction,0.837,65.3,180.7,1,MEDIUM
Auto,105.9,234.6,Flood,0.966,60.0,0.0,0,HIGH
Truck,24.2,132.2,None,0.86,77.6,870.1,14,LOW
Container,62.9,321.1,RoadBlock,0.816,86.0,114.3,17,MEDIUM
Bike,42.1,335.5,None,0.591,14.3,2657.9,17,LOW
Bus,48.9,211.4,School,0.968,29.4,0.0,18,HIGH
Bike,20.0,5.0,Hairpin,0.826,35.7,0.0,5,MEDIUM
Lorry,105.0,88.8,None,0.519,16.4,2416.2,1,MEDIUM
Car,26.8,260.4,Hospital,0.878,53.0,0.0,21,MEDIUM
Container,40.8,66.2,Construction,0.784,63.0,0.0,9,MEDIUM
Ambulance,59.2,237.7,Bridge,0.956,78.6,0.0,16,LOW
Truck,4.1,102.4,None,0.972,89.9,2111.9,15,LOW
Bike,43.4,133.7,Hospital,0.771,86.7,0.0,6,MEDIUM
Police,67.2,130.7,School,0.943,27.6,0.0,7,HIGH
Tanker,85.5,82.2,None,0.251,88.1,1408.1,15,MEDIUM
Bus,1.7,153.1,School,0.62,68.2,0.0,21,HIGH
Tanker,82.6,121.7,Bridge,0.83,30.4,159.3,8,MEDIUM
Tanker,69.4,210.9,None,0.998,72.8,1357.7,0,MEDIUM
Tanker,22.3,76.8,Bridge,0.8,55.2,0.0,10,MEDIUM
Bus,77.7,259.4,Hospital,0.949,21.8,35.5,12,HIGH
Auto,37.5,146.6,Bridge,0.956,85.4,0.0,7,LOW
Ambulance,103.7,354.1,None,0.897,63.6,1968.7,19,LOW
Bike,83.3,42.4,Flood,0.755,73.0,0.0,20,MEDIUM
Bike,47.3,177.4,RoadBlock,0.941,93.2,0.0,9,MEDIUM
Bike,57.7,82.2,Flood,0.935,97.0,0.0,4,MEDIUM
Auto,97.9,233.7,Accident,0.906,36.2,0.0,2,HIGH
Truck,94.1,210.9,Accident,0.925,81.4,0.0,4,HIGH
Container,61.2,254.4,None,0.893,40.6,413.6,13,LOW
Tanker,55.7,30.8,Flood,0.593,66.0,0.0,3,MEDIUM
Car,30.9,326.8,None,0.991,93.9,1186.2,19,LOW
Lorry,8.9,139.0,Bridge,0.479,35.6,0.0,21,MEDIUM
Truck,8.8,307.1,None,0.991,29.4,470.8,4,LOW
Auto,34.4,184.7,None,0.863,47.1,1474.0,22,LOW
Bus,45.6,302.3,None,0.633,16.9,408.5,15,MEDIUM
Bus,54.5,218.7,RoadBlock,0.968,12.3,0.0,1,HIGH
Car,23.6,299.6,None,0.984,49.0,656.9,13,LOW
Lorry,99.5,71.1,RoadBlock,0.797,38.0,0.0,5,HIGH
Police,37.3,244.2,None,0.923,88.7,2590.4,22,LOW
Police,44.4,252.2,Bridge,0.925,53.7,0.0,12,LOW
Auto,98.1,59.6,None,0.63,45.2,2845.0,23,MEDIUM
Auto,27.1,239.9,Hairpin,0.802,51.2,114.3,3,MEDIUM
Car,76.2,212.6,Bridge,0.975,13.4,9.6,17,MEDIUM
Car,95.7,243.5,None,0.558,88.3,1142.4,16,MEDIUM
Car,101.9,250.8,RoadBlock,0.671,63.2,0.0,14,HIGH
Tanker,5.8,340.6,None,0.908,56.1,2059.7,14,LOW
Tanker,105.6,91.1,Hairpin,0.857,45.8,190.7,16,HIGH
Police,77.3,15.1,None,0.971,23.4,1460.6,2,MEDIUM
Truck,91.4,5.6,Accident,0.955,64.8,51.7,22,HIGH
Ambulance,101.7,278.3,None,0.853,43.2,2167.8,10,MEDIUM
Bus,4.4,138.7,None,0.812,68.9,2426.6,18,LOW
Lorry,108.7,124.3,None,0.86,77.9,358.0,2,MEDIUM
Bus,94.7,291.9,Construction,0.886,34.1,0.0,3,HIGH
Container,40.5,16.4,Hospital,0.994,21.8,164.0,22,MEDIUM
Bike,109.6,118.3,Accident,0.99,91.4,0.0,17,MEDIUM
Bus,49.5,232.2,None,0.875,73.0,2496.2,18,LOW
Bus,80.4,355.2,Accident,0.916,76.1,0.0,5,HIGH
Car,86.8,191.1,None,0.982,12.7,1357.5,9,MEDIUM
Police,62.6,314.7,None,0.725,77.1,693.9,20,LOW
Bus,40.8,227.7,RoadBlock,0.62,79.8,0.0,19,MEDIUM
Car,35.6,243.7,None,0.697,71.9,2959.3,15,LOW
Bike,84.4,338.2,School,0.946,52.2,70.0,15,MEDIUM
Auto,94.9,306.7,None,0.883,84.9,998.5,14,LOW
Truck,103.7,64.5,School,0.76,85.1,0.0,17,HIGH
Bike,36.2,191.7,RoadBlock,0.783,94.9,0.0,5,MEDIUM
Container,103.4,199.1,Hairpin,0.853,75.1,0.0,1,HIGH
Auto,87.5,209.6,None,0.931,64.7,545.0,10,LOW
Car,22.7,223.2,Construction,0.903,53.9,0.0,5,MEDIUM
Tanker,25.0,139.9,Accident,0.846,79.9,0.0,23,HIGH
Car,2.7,137.8,Hospital,0.943,85.3,0.0,10,MEDIUM
Ambulance,47.5,239.8,Hospital,0.99,78.8,0.0,17,MEDIUM
Police,45.5,152.1,Flood,0.842,81.6,0.0,22,MEDIUM
Container,12.2,225.4,None,0.976,51.6,910.4,16,LOW
Lorry,25.4,313.9,Hairpin,0.964,52.7,0.0,18,MEDIUM
Bike,39.7,305.9,Hospital,0.877,39.6,0.0,23,HIGH
Tanker,2.7,135.3,None,0.735,65.1,1371.2,19,LOW
Tanker,79.9,321.3,None,0.633,23.5,360.9,4,MEDIUM
Police,62.0,40.8,None,0.92,83.5,2307.9,15,LOW
Auto,28.9,88.1,Bridge,0.784,49.6,141.7,9,LOW
Car,64.6,114.1,Construction,0.879,51.2,0.0,14,MEDIUM
Truck,73.1,76.8,RoadBlock,0.79,12.1,11.2,13,HIGH
Container,105.0,51.1,None,0.79,51.8,2859.6,17,MEDIUM
Lorry,103.9,279.9,School,0.489,14.2,189.1,6,HIGH
Tanker,34.5,158.9,Hospital,0.934,75.7,0.0,9,MEDIUM
Container,62.2,112.2,School,0.89,25.3,0.0,21,HIGH
Ambulance,95.9,130.4,School,0.867,10.4,0.0,6,HIGH
Container,65.7,286.9,None,0.741,48.6,2299.5,15,MEDIUM
Bus,40.9,87.6,None,0.88,93.0,2805.6,4,LOW
Bike,26.6,286.6,None,0.854,52.0,760.6,14,LOW
Ambulance,21.9,152.7,Hairpin,0.665,53.3,9.8,9,MEDIUM
Container,89.9,355.4,School,0.736,32.8,0.0,18,HIGH
Container,75.7,115.9,Hospital,0.925,47.9,0.0,8,HIGH
Container,64.9,68.9,None,1.0,47.5,311.0,20,LOW
Bus,10.9,149.3,None,0.877,57.7,2141.8,5,LOW
Tanker,28.6,338.1,None,0.923,70.6,122.5,22,LOW
Ambulance,52.3,69.2,Hospital,0.898,55.7,0.0,7,MEDIUM
Tanker,102.3,319.5,RoadBlock,0.811,50.0,97.4,9,MEDIUM
Container,91.5,321.7,Hairpin,0.567,46.0,0.0,2,HIGH
Car,11.1,152.1,None,0.788,40.3,2049.0,16,LOW
Container,3.5,47.9,None,0.764,29.4,2995.8,23,MEDIUM
Tanker,47.6,252.4,None,0.556,84.6,1849.9,4,MEDIUM
Truck,42.8,200.2,Flood,0.916,46.1,0.0,23,MEDIUM
Ambulance,53.1,337.6,Construction,0.473,59.2,0.0,9,MEDIUM
Auto,43.8,97.2,Hospital,0.695,40.7,0.0,14,MEDIUM
Truck,92.5,317.1,None,0.965,63.8,2579.0,0,MEDIUM
Tanker,42.0,265.7,RoadBlock,0.914,86.9,0.0,6,MEDIUM
Tanker,2.0,77.6,None,0.552,85.5,1711.0,14,LOW
Tanker,75.9,348.7,Flood,0.712,55.6,0.0,8,MEDIUM
Auto,77.9,299.0,Construction,0.835,48.2,0.0,17,MEDIUM
Container,104.0,196.8,None,0.846,71.1,1860.1,4,MEDIUM
Tanker,62.1,309.1,Bridge,0.975,48.9,0.0,2,MEDIUM
Container,29.0,1.4,None,0.763,49.9,352.4,1,LOW
Police,31.5,280.6,Hairpin,0.703,83.0,0.0,12,MEDIUM
Ambulance,27.6,321.1,None,0.639,14.0,2374.9,5,LOW
Auto,74.7,169.7,None,0.982,81.7,1593.4,19,LOW
Container,14.4,77.2,RoadBlock,0.545,82.5,76.1,21,MEDIUM
Truck,86.8,126.2,None,0.833,31.5,698.9,18,MEDIUM
Police,106.7,9.0,Construction,0.844,22.6,0.0,9,HIGH
Police,30.1,23.4,None,0.852,47.7,2793.9,7,LOW
Bus,100.2,256.9,None,0.976,66.1,1496.9,11,MEDIUM
Container,44.1,354.0,None,0.371,19.0,1122.0,14,MEDIUM
Truck,44.3,5.9,None,0.621,25.7,2680.1,3,MEDIUM
Police,67.0,341.2,Accident,0.46,42.0,0.0,11,HIGH
Bus,91.6,247.0,Construction,0.956,91.5,0.0,22,HIGH
Container,24.2,111.1,Hospital,0.978,31.3,0.0,17,MEDIUM
Auto,29.8,340.2,None,0.845,68.8,910.8,7,LOW
Bike,62.8,277.2,Accident,0.937,93.4,0.0,12,MEDIUM
Lorry,9.9,47.4,None,0.803,67.2,2853.5,13,LOW
Container,109.6,134.7,Bridge,0.911,46.2,0.0,21,MEDIUM
Auto,76.5,90.7,None,0.576,46.9,658.3,3,MEDIUM
Police,82.0,45.6,None,0.942,52.8,1403.1,17,LOW
Police,77.9,223.8,Accident,0.965,49.4,0.0,12,MEDIUM
Truck,108.3,292.2,None,0.935,87.2,2236.6,10,MEDIUM
Car,23.7,143.3,Hospital,0.752,55.8,0.0,4,HIGH
Car,12.3,202.9,Flood,0.567,14.7,3.0,4,MEDIUM
Tanker,2.4,3.0,None,0.894,37.5,469.5,19,LOW
Lorry,60.0,308.0,RoadBlock,0.692,75.5,133.6,10,MEDIUM
Tanker,95.8,312.4,None,0.301,10.5,2976.8,22,HIGH
Container,20.1,168.8,Hospital,0.794,45.6,36.2,0,HIGH
Bike,40.0,134.1,None,0.874,61.3,742.6,4,LOW
Car,83.2,111.1,None,0.768,83.6,942.4,17,LOW
Car,37.4,336.0,None,0.924,58.0,390.2,3,LOW
Car,64.8,279.4,Bridge,0.867,98.4,0.0,22,MEDIUM
Container,99.3,292.3,None,0.912,60.7,448.0,12,MEDIUM
Bike,58.5,128.1,RoadBlock,0.78,82.8,187.8,5,LOW
Lorry,86.8,46.7,None,0.741,39.9,1910.8,11,MEDIUM
Bus,90.8,336.3,None,0.588,54.2,728.4,21,MEDIUM
Car,18.7,0.1,Hospital,0.743,60.4,80.2,0,MEDIUM
Police,74.2,20.0,None,0.958,16.0,2697.6,4,LOW
Ambulance,76.1,43.7,None,0.458,80.2,1485.8,22,MEDIUM
Ambulance,47.3,4.0,Accident,0.748,92.3,0.0,16,MEDIUM
Police,96.1,358.2,None,0.926,18.9,2940.3,11,MEDIUM
Ambulance,32.6,312.7,School,0.745,17.0,33.4,15,MEDIUM
Lorry,42.7,66.6,None,0.577,18.2,473.9,13,MEDIUM
Auto,26.4,308.6,None,0.901,99.4,481.6,1,LOW
Auto,5.4,249.3,None,0.822,56.0,2750.1,22,LOW
Auto,106.5,304.1,None,0.874,89.0,390.1,22,LOW
Bike,28.4,269.9,None,0.911,24.2,2595.8,14,LOW
Bike,49.2,329.2,Hospital,0.734,57.9,0.0,15,MEDIUM
Truck,43.1,211.5,None,0.875,19.0,551.2,19,LOW
Container,105.6,13.6,School,0.689,68.9,0.0,14,HIGH
Police,26.7,277.8,None,0.878,50.4,2939.8,13,LOW
Tanker,105.6,118.2,None,0.976,25.7,305.4,5,MEDIUM
Auto,44.0,207.1,None,0.81,50.3,996.9,23,LOW
Tanker,55.3,121.6,Hairpin,0.612,31.4,170.4,15,MEDIUM
Auto,61.3,74.3,Hairpin,0.439,75.4,20.0,9,HIGH
Auto,43.6,353.0,School,0.747,68.5,0.0,15,MEDIUM
Bike,82.4,183.0,Hospital,0.597,95.7,0.0,8,HIGH
Tanker,63.7,232.2,None,0.718,87.7,1036.8,8,LOW
Truck,51.0,149.0,Accident,0.916,12.2,153.1,23,MEDIUM
Police,63.9,224.6,None,0.887,65.1,1692.8,5,LOW
Lorry,30.0,87.8,None,0.654,76.8,2012.3,5,LOW
Car,44.8,94.0,None,0.93,48.4,639.3,2,LOW
Auto,12.2,259.5,Flood,0.938,52.6,0.0,13,MEDIUM
Lorry,86.8,272.8,None,0.697,99.0,2043.8,23,MEDIUM
Lorry,51.0,220.2,None,0.906,41.3,2312.3,1,LOW
Truck,66.9,36.8,Hairpin,0.742,25.8,0.0,14,HIGH
Tanker,71.3,10.1,None,0.897,53.9,500.3,23,MEDIUM
Bike,74.1,214.0,Bridge,0.947,66.5,0.0,21,MEDIUM
Police,25.4,123.4,None,0.753,42.6,1158.6,4,LOW
Ambulance,96.7,14.1,School,0.696,64.5,0.0,14,HIGH
Container,11.6,99.8,Hairpin,0.999,74.3,0.0,17,MEDIUM
Ambulance,67.5,183.2,None,0.849,38.0,1404.1,10,LOW
Truck,88.6,58.0,None,0.977,21.7,2311.8,20,MEDIUM
Police,7.5,4.5,Bridge,0.718,65.5,102.3,21,LOW
Lorry,109.1,353.0,None,0.404,19.1,1052.2,21,MEDIUM
Bus,8.3,26.3,None,0.977,40.2,338.8,17,LOW
Car,60.5,97.4,Hospital,0.85,52.6,0.0,13,MEDIUM
Truck,84.9,322.5,None,0.819,81.8,1827.8,11,MEDIUM
Tanker,34.6,201.4,None,0.89,78.7,389.3,6,LOW
Auto,85.5,133.3,Hospital,0.888,93.2,0.0,19,HIGH
Lorry,102.3,253.9,Construction,0.976,70.4,78.4,3,MEDIUM
Auto,53.7,355.4,Flood,0.972,78.8,0.0,21,MEDIUM
Auto,9.0,4.1,Accident,0.599,63.9,0.0,22,MEDIUM
Tanker,42.1,339.0,None,0.614,34.7,1564.8,21,MEDIUM
Police,105.5,61.9,None,0.394,38.2,2084.2,13,MEDIUM
Container,23.7,150.7,None,0.84,62.9,682.8,5,LOW
Tanker,86.9,281.3,Hairpin,0.824,96.1,0.0,12,HIGH
Car,11.6,67.6,None,0.904,39.1,1089.5,8,LOW
Truck,72.8,167.7,None,0.808,27.5,2002.8,6,MEDIUM
Bus,94.0,90.7,None,0.975,79.6,521.3,3,MEDIUM
Ambulance,51.0,278.2,RoadBlock,0.912,23.7,166.3,20,LOW
Police,39.1,101.1,None,0.869,35.6,2744.1,3,LOW
Truck,82.6,22.9,None,0.635,61.7,1552.2,14,MEDIUM
Police,53.9,163.7,Flood,0.887,33.5,136.9,20,LOW
Car,103.5,238.2,None,0.947,24.1,1653.0,8,LOW
Container,25.3,267.0,None,0.946,13.9,730.0,18,LOW
Police,106.8,351.5,None,0.846,22.9,393.3,13,MEDIUM
Truck,12.3,205.8,Bridge,0.572,23.5,0.0,12,MEDIUM
Police,74.7,298.8,Construction,0.981,98.7,10.8,17,MEDIUM
Container,97.5,201.9,None,0.681,85.0,1881.8,21,MEDIUM
Car,100.5,83.3,Hospital,0.85,88.9,0.0,17,HIGH
Container,1.7,293.3,Hospital,0.861,48.2,0.0,9,HIGH
Bus,18.9,273.6,Hairpin,0.901,59.6,0.0,21,MEDIUM
Ambulance,77.6,244.2,Construction,0.948,29.1,75.5,22,MEDIUM
Truck,29.9,31.7,None,0.825,76.5,713.4,23,LOW
Car,43.3,23.0,RoadBlock,0.941,40.2,0.0,23,MEDIUM
Lorry,8.2,356.2,None,0.569,82.6,148.0,12,LOW
Bike,20.5,235.1,None,0.854,28.1,2605.5,15,LOW
Police,35.3,355.3,School,0.969,52.1,0.0,10,MEDIUM
Car,46.8,216.9,None,0.422,11.1,103.5,3,MEDIUM
Bike,67.8,67.9,None,0.968,23.4,1782.5,21,LOW
Bike,72.8,258.9,Flood,0.852,95.1,44.3,18,MEDIUM
Truck,28.2,36.2,Hairpin,0.814,53.8,27.8,4,HIGH
Car,31.8,237.8,None,0.537,89.3,1799.4,19,LOW
Bus,85.6,89.3,School,0.842,75.2,0.0,20,HIGH
Tanker,64.0,46.7,Construction,0.451,44.9,0.0,19,HIGH
Auto,88.2,328.5,Hospital,0.81,28.8,0.0,3,HIGH
Auto,104.3,257.3,Bridge,0.735,16.8,0.0,6,MEDIUM
Ambulance,76.5,157.4,None,0.728,52.4,1226.4,3,MEDIUM
Auto,90.3,162.0,Flood,0.861,34.3,0.0,6,HIGH
Auto,28.7,100.1,Accident,0.756,24.0,0.0,2,HIGH
Bus,80.9,308.6,None,0.894,61.8,2240.8,5,MEDIUM
Bike,53.9,10.4,Accident,0.932,75.0,0.0,7,MEDIUM
Car,45.3,268.0,Flood,0.976,28.4,0.0,20,MEDIUM
Bus,100.9,141.7,School,0.762,31.0,0.0,2,HIGH
Bus,0.9,193.6,Hospital,0.521,69.0,89.7,20,MEDIUM
Tanker,38.1,300.1,None,0.849,18.5,1790.3,22,MEDIUM
Police,5.7,121.0,Flood,0.65,32.1,0.0,4,MEDIUM
Bike,82.3,142.7,None,0.628,25.6,2080.0,13,MEDIUM
Bus,47.0,212.4,Hairpin,0.625,65.4,31.0,5,MEDIUM
Auto,92.0,336.0,Hospital,0.989,74.9,29.0,9,MEDIUM
Car,96.5,65.0,Bridge,0.995,25.1,0.0,3,MEDIUM
Truck,60.5,43.8,None,0.788,15.3,1724.8,17,MEDIUM
Police,9.3,324.4,RoadBlock,0.756,84.6,0.0,1,MEDIUM
Bus,33.7,78.2,None,0.964,52.1,775.8,15,LOW
Car,64.8,331.4,Hairpin,0.741,26.8,179.0,11,MEDIUM
Ambulance,27.3,32.8,None,0.949,22.3,602.3,10,LOW
Police,6.0,235.7,Hairpin,0.566,39.3,0.0,23,HIGH
Bike,68.3,150.7,Accident,0.778,94.2,0.0,0,HIGH
Truck,39.5,257.7,Hospital,0.945,47.7,0.0,23,HIGH
Auto,101.7,273.7,None,0.612,32.5,1673.8,13,MEDIUM
Container,87.9,13.0,Bridge,0.998,25.7,0.0,10,MEDIUM
Lorry,105.1,148.5,None,0.808,49.1,1720.3,6,MEDIUM
Lorry,6.4,250.0,Hospital,0.857,39.1,0.0,18,HIGH
Ambulance,65.6,103.2,Flood,0.9,19.1,0.0,19,MEDIUM
Ambulance,105.8,153.3,None,0.81,65.0,2806.5,4,MEDIUM
Lorry,21.5,274.5,None,0.9,25.6,1182.6,8,LOW
Bus,45.9,107.9,Hairpin,0.852,34.4,170.9,18,MEDIUM
Bus,62.9,163.3,Construction,0.922,17.6,0.0,14,HIGH
Container,24.8,147.5,Bridge,0.681,82.0,0.0,19,LOW
Auto,51.5,78.1,Accident,0.873,56.9,156.0,17,MEDIUM
Truck,37.4,64.2,None,0.827,43.4,318.5,16,LOW
Lorry,105.4,156.2,None,0.786,78.0,2430.9,14,MEDIUM
Ambulance,60.8,175.4,Bridge,0.924,69.4,0.0,10,LOW
Lorry,18.4,351.3,Flood,0.828,89.9,3.2,0,MEDIUM
Car,97.5,97.5,Hairpin,0.704,80.8,0.0,23,HIGH
Car,60.8,347.4,None,0.649,15.0,1568.7,16,MEDIUM
Truck,95.8,76.6,None,0.891,49.6,1606.4,15,MEDIUM
Bike,69.5,287.4,School,0.921,69.2,143.8,23,MEDIUM
Lorry,61.4,20.3,Flood,0.922,11.7,0.0,9,HIGH
Truck,29.2,111.3,School,0.678,50.0,0.0,21,HIGH
Police,67.7,104.9,School,0.96,40.8,0.0,14,HIGH
Ambulance,0.4,9.9,Accident,0.72,48.3,0.0,20,MEDIUM
Car,68.7,85.3,Hospital,0.883,98.4,0.0,22,MEDIUM
Car,6.9,12.6,None,0.947,18.4,2770.6,13,LOW
Auto,37.8,326.0,RoadBlock,0.819,16.7,22.9,2,MEDIUM
Container,42.2,337.5,Hairpin,0.834,97.7,4.4,21,MEDIUM
Car,104.2,132.4,Construction,0.877,76.5,0.0,11,MEDIUM
Car,105.5,229.3,None,0.664,62.4,2613.9,11,LOW
Bike,104.9,242.5,Hospital,0.836,26.7,51.7,22,HIGH
Bus,33.5,129.3,None,0.808,58.4,1388.0,7,LOW
Police,69.8,297.1,RoadBlock,0.977,48.3,129.3,7,MEDIUM
Tanker,19.5,201.2,None,0.786,99.9,1779.7,8,LOW
Container,4.6,210.6,None,0.656,27.5,2924.4,14,LOW
Bike,39.8,215.9,Construction,0.625,46.3,0.0,22,MEDIUM
Bike,19.9,195.4,None,0.778,85.5,2839.0,14,LOW
Truck,30.0,60.9,RoadBlock,0.932,40.9,0.0,2,MEDIUM
Bus,76.4,144.1,None,0.952,91.6,2993.2,2,LOW
Tanker,18.1,19.6,Construction,0.995,28.1,155.1,4,MEDIUM
Lorry,78.4,227.9,School,0.906,30.1,0.0,13,HIGH
Bike,10.0,156.7,Flood,0.508,96.3,0.0,11,MEDIUM
Car,72.0,15.6,None,0.933,25.4,1738.1,6,LOW
Lorry,77.4,72.7,None,0.656,68.8,2985.7,13,MEDIUM
Container,103.2,1.5,None,0.825,95.0,1871.2,18,MEDIUM
Bike,78.7,273.5,None,0.854,58.4,1820.0,14,LOW
Bus,59.8,35.6,None,0.842,60.5,2109.1,5,LOW
Lorry,58.5,155.9,None,0.928,78.2,1315.7,11,LOW
Car,32.7,168.9,Flood,0.851,31.2,0.0,9,MEDIUM
Bus,105.0,344.2,Accident,0.629,60.3,170.1,17,HIGH
Bus,109.6,182.4,Flood,0.854,60.0,0.0,7,HIGH
Container,55.5,329.0,Flood,0.85,70.8,0.0,8,MEDIUM
Lorry,20.9,332.6,Hairpin,0.905,85.6,72.7,10,MEDIUM
Bus,47.0,352.5,None,0.834,47.1,2176.7,14,LOW
Bus,12.0,97.1,None,0.913,70.8,2804.2,3,LOW
Ambulance,26.1,249.0,None,0.855,75.3,2055.3,4,LOW
Container,37.0,60.9,Flood,0.362,40.5,0.0,23,HIGH
Bike,23.3,95.4,None,0.919,77.2,1043.9,20,LOW
Police,73.5,257.4,None,0.86,96.3,2600.6,18,LOW
Auto,18.5,117.3,None,0.97,58.6,2103.7,10,LOW
Police,46.3,306.6,Hairpin,0.598,89.1,0.0,21,MEDIUM
Tanker,32.1,84.2,School,0.748,39.1,0.0,19,HIGH
Police,106.8,261.1,None,0.836,58.3,2522.6,2,MEDIUM
Auto,67.7,227.5,RoadBlock,0.875,37.5,92.5,16,MEDIUM
Tanker,20.5,228.4,RoadBlock,0.769,89.9,0.0,2,MEDIUM
Police,75.0,121.7,Hospital,0.302,54.4,59.9,12,MEDIUM
Container,35.9,345.0,Hairpin,0.934,47.5,149.0,11,MEDIUM
Ambulance,94.2,111.3,None,0.926,37.8,2070.3,12,LOW
Tanker,62.2,156.6,None,0.683,91.1,856.4,11,LOW
Police,95.5,231.3,Hospital,0.694,42.1,0.0,23,HIGH
Ambulance,35.0,223.0,None,0.892,86.7,816.7,9,LOW
Ambulance,1.9,222.3,None,0.811,24.5,2226.3,4,LOW
Auto,47.5,160.1,Hospital,0.975,25.6,0.0,6,MEDIUM
Bike,36.3,83.0,None,0.966,10.7,2965.4,2,LOW
Auto,72.5,131.2,None,0.979,89.5,634.0,2,LOW
Tanker,92.4,43.6,None,0.754,96.4,2649.1,5,MEDIUM
Auto,83.0,335.1,Flood,0.825,81.7,0.0,5,MEDIUM
Tanker,85.2,94.2,None,0.867,96.4,1071.6,1,MEDIUM
Tanker,85.6,307.1,None,0.37,77.9,758.7,15,MEDIUM
Police,97.7,139.1,Bridge,0.863,63.7,0.0,0,MEDIUM
Tanker,18.9,151.0,None,0.676,62.3,1636.7,3,MEDIUM
Tanker,92.8,84.3,None,0.734,40.0,1466.6,5,MEDIUM
Lorry,2.9,33.0,School,0.536,10.7,0.0,8,HIGH
Truck,10.3,280.4,None,0.497,49.4,2582.7,18,LOW
Ambulance,18.4,95.3,None,0.949,18.5,1175.3,20,LOW
Truck,78.0,81.1,None,0.744,63.3,1535.4,16,MEDIUM
Car,104.0,268.4,None,0.849,93.5,846.3,5,LOW
Bus,29.7,147.7,None,0.597,35.4,1688.4,14,MEDIUM
Bus,9.2,328.6,None,0.986,32.7,1187.1,5,LOW
Container,88.0,299.5,None,0.572,90.0,735.6,20,MEDIUM
Container,74.6,209.1,Hairpin,0.756,29.5,0.0,9,HIGH
Truck,44.0,67.8,RoadBlock,0.619,42.1,120.6,5,MEDIUM
Auto,61.2,145.3,Accident,0.82,86.5,29.9,10,MEDIUM
Tanker,3.3,335.1,None,0.401,53.4,2909.1,21,MEDIUM
Container,73.9,55.2,Construction,0.761,11.9,188.9,18,MEDIUM
Bus,18.7,3.4,School,0.863,89.1,0.0,16,MEDIUM
Police,45.2,199.2,None,0.821,54.2,153.5,10,LOW
Bus,16.3,135.8,Construction,0.87,90.0,0.0,4,MEDIUM
Lorry,14.7,175.6,Construction,0.754,13.0,0.0,14,HIGH
Truck,32.8,303.4,Flood,0.94,90.4,0.0,15,MEDIUM
Container,20.0,43.2,Flood,0.954,77.7,0.0,19,MEDIUM
Container,67.4,247.1,Accident,0.176,68.0,123.0,9,HIGH
Truck,79.1,230.8,Bridge,0.906,10.1,0.0,22,MEDIUM
Lorry,65.0,349.0,None,0.975,79.6,824.1,4,LOW
Truck,67.0,246.9,None,0.902,90.6,2598.5,22,MEDIUM
Truck,18.0,9.3,Hospital,0.896,43.6,0.0,15,HIGH
Car,49.8,113.2,RoadBlock,0.649,61.6,0.0,1,MEDIUM
Bike,32.0,285.2,Hairpin,0.805,66.8,0.0,3,MEDIUM
Car,104.2,104.7,Hospital,0.864,76.7,0.0,21,MEDIUM
Truck,52.2,39.5,Construction,0.616,47.2,31.1,6,MEDIUM
Lorry,86.4,43.8,Accident,0.894,38.3,17.8,11,HIGH
Bus,51.1,268.6,None,0.899,99.1,2442.2,18,LOW
Bus,20.7,76.1,Bridge,0.929,75.2,38.0,18,LOW
Auto,100.0,297.2,School,0.85,18.5,64.5,6,HIGH
Tanker,109.2,243.6,Accident,0.643,32.4,47.7,0,HIGH
Truck,21.2,206.3,RoadBlock,0.94,11.2,96.9,22,MEDIUM
Auto,6.1,351.0,Accident,0.596,78.3,0.0,21,MEDIUM
Bus,62.5,292.3,None,0.801,46.5,1749.4,12,MEDIUM
Bike,87.0,250.3,Bridge,0.894,73.8,0.0,3,MEDIUM
Container,81.6,248.9,Construction,0.913,88.9,0.0,3,HIGH
Police,106.1,208.7,None,0.76,45.6,887.2,22,MEDIUM
Car,32.1,44.2,Hospital,0.865,33.3,0.0,15,MEDIUM
Tanker,71.8,43.5,None,0.907,63.9,800.5,19,LOW
Police,54.0,26.6,Bridge,0.908,71.9,198.6,13,LOW
Ambulance,43.5,224.2,RoadBlock,0.935,35.1,0.0,15,MEDIUM
Container,46.9,47.0,Accident,0.491,22.6,0.0,21,HIGH
Truck,108.4,34.6,None,0.92,57.2,1284.0,14,MEDIUM
Truck,34.1,106.7,Construction,0.916,81.9,0.0,12,MEDIUM
Auto,68.0,165.2,Construction,0.6,46.2,14.3,5,MEDIUM
Lorry,56.8,124.2,None,0.846,68.9,400.1,6,LOW
Ambulance,27.9,329.9,Construction,0.966,36.3,0.0,13,MEDIUM
Tanker,60.8,250.1,None,0.72,32.9,2459.5,20,MEDIUM
Container,68.0,300.9,None,0.908,22.5,1782.6,21,MEDIUM
Ambulance,97.7,170.0,None,0.789,50.2,602.1,16,LOW
Police,5.3,88.5,Construction,0.981,13.2,0.0,8,MEDIUM
Lorry,65.1,128.6,Flood,0.969,78.7,0.0,3,HIGH
Truck,94.8,54.1,None,0.874,92.6,326.5,21,LOW
Bus,47.0,191.1,None,0.863,41.6,892.8,19,LOW
Bus,63.5,335.1,None,0.644,93.8,2310.5,19,LOW
Truck,57.2,73.3,None,0.847,27.6,1839.1,14,LOW
Police,36.5,3.3,None,0.949,44.1,127.8,16,LOW
Container,31.2,42.8,School,0.735,42.5,0.0,13,HIGH
Truck,46.7,328.7,None,0.515,18.1,1990.7,14,MEDIUM
Ambulance,53.6,283.8,None,0.537,98.3,2510.1,14,LOW
Bus,100.3,91.3,None,0.865,11.7,2899.6,22,MEDIUM
Ambulance,16.4,294.2,Flood,0.953,41.3,0.0,22,MEDIUM
Truck,1.7,23.1,None,0.563,32.0,1765.7,21,MEDIUM
Bike,84.5,103.7,None,0.955,23.8,1917.9,15,MEDIUM
Bus,8.1,68.1,Hairpin,0.966,63.0,0.0,8,MEDIUM
Ambulance,93.2,176.6,None,0.891,96.9,1591.5,9,LOW
Car,52.1,271.2,Hairpin,0.85,29.0,0.0,11,MEDIUM
Auto,19.8,124.7,School,0.8,20.9,65.9,10,MEDIUM
Ambulance,61.9,67.2,None,0.802,35.3,157.7,11,LOW
Car,59.5,343.4,Bridge,0.634,74.7,0.0,7,LOW
Auto,107.2,247.3,Hospital,0.664,37.3,156.8,2,HIGH
Truck,32.6,202.0,None,0.846,58.8,919.2,5,LOW
Container,35.6,126.2,Hairpin,0.978,42.1,0.0,21,HIGH
Auto,80.2,247.9,None,0.984,47.3,1357.3,8,LOW
Police,51.4,253.0,School,0.927,61.1,0.0,12,MEDIUM
Container,77.6,192.9,Construction,0.455,36.0,0.0,3,HIGH
Lorry,17.2,229.5,None,0.969,84.9,2653.7,15,LOW
Container,66.8,309.0,Accident,0.875,52.5,62.8,9,MEDIUM
Ambulance,95.7,61.2,RoadBlock,0.699,88.9,0.0,20,MEDIUM
Truck,64.5,27.7,RoadBlock,0.904,41.2,0.0,8,MEDIUM
Auto,47.7,164.8,None,0.632,15.5,1519.1,7,LOW
Truck,89.5,35.5,Construction,0.616,60.9,94.2,10,MEDIUM
Auto,97.7,275.2,None,0.71,87.8,2785.4,13,LOW
Truck,2.6,18.5,None,0.823,20.7,333.3,16,LOW
Ambulance,17.2,89.7,None,0.667,58.5,1601.4,6,LOW
Tanker,1.0,0.6,None,0.427,90.5,2793.0,21,LOW
Bus,107.3,337.1,School,0.965,90.0,170.4,22,HIGH
Bus,47.7,272.4,None,0.636,92.4,963.8,6,LOW
Police,104.5,54.4,None,0.633,84.6,2216.1,20,LOW
Auto,23.0,340.6,None,0.871,48.0,598.3,18,LOW
Car,39.4,69.3,RoadBlock,0.882,61.2,0.0,14,MEDIUM
Bus,70.0,247.5,None,0.362,87.4,2355.7,13,MEDIUM
Truck,27.0,275.7,RoadBlock,0.682,10.4,0.0,8,HIGH
Bus,77.5,55.8,None,0.579,26.7,692.9,21,MEDIUM
Ambulance,26.3,81.3,Bridge,0.925,74.7,0.0,4,LOW
Lorry,5.4,315.2,None,0.723,47.0,1177.6,14,LOW
Ambulance,32.7,54.7,None,0.887,62.1,2964.0,20,LOW
Lorry,41.0,164.3,Accident,0.863,98.8,0.0,4,MEDIUM
Tanker,16.5,152.0,Accident,0.953,34.5,71.0,1,MEDIUM
Police,10.4,153.7,School,0.841,99.0,0.0,2,MEDIUM
Tanker,105.8,279.9,Hospital,0.767,93.2,0.0,11,HIGH
Truck,92.8,241.6,None,0.749,84.7,2525.9,23,MEDIUM
Lorry,89.6,231.6,Construction,0.903,17.9,126.5,23,HIGH
Truck,55.4,189.1,None,0.905,57.7,184.2,15,LOW
Lorry,4.5,219.9,Construction,0.593,64.9,0.0,10,MEDIUM
Ambulance,67.4,225.6,Bridge,0.684,95.6,0.0,6,LOW
Bus,73.9,35.7,RoadBlock,0.95,59.2,0.0,14,MEDIUM
Auto,109.5,322.1,Hairpin,0.721,69.0,0.0,17,HIGH
Truck,35.5,152.4,None,0.889,90.5,1540.2,17,LOW
Lorry,59.9,343.4,None,0.873,27.6,431.5,4,MEDIUM
Container,81.4,276.4,None,0.906,90.0,2980.7,0,MEDIUM
Auto,9.5,309.5,Hairpin,0.952,60.6,3.7,21,MEDIUM
Car,45.3,26.3,Bridge,0.893,77.2,0.0,17,LOW
Container,7.9,256.9,Construction,0.817,50.6,150.0,7,MEDIUM
Ambulance,99.2,17.9,School,0.913,42.5,0.0,8,HIGH
Lorry,69.4,335.4,None,0.845,25.3,1535.2,6,MEDIUM
Bus,51.9,343.3,None,0.861,41.3,1259.6,20,LOW
Ambulance,39.7,296.7,Hairpin,0.812,53.9,0.0,2,HIGH
Police,16.6,219.5,None,0.895,63.8,632.3,23,LOW
Container,31.3,149.6,None,0.54,68.9,992.5,3,MEDIUM
Tanker,13.9,273.1,Hospital,0.934,58.0,0.0,13,MEDIUM
Bike,4.6,259.0,None,0.438,23.4,2956.6,14,LOW
Car,97.8,276.9,Accident,0.64,40.2,197.1,14,HIGH
Bus,57.4,50.5,School,0.92,47.7,0.0,6,MEDIUM
Container,39.0,352.7,Hospital,0.937,99.5,0.0,5,MEDIUM
Bus,61.1,174.0,None,0.911,34.5,2327.0,10,MEDIUM
Bus,93.8,279.6,None,0.457,85.7,2063.9,5,MEDIUM
Container,76.8,192.4,None,0.928,54.3,2678.7,6,LOW
Container,38.1,132.6,Accident,0.45,34.9,0.0,12,HIGH
Auto,13.2,315.7,Bridge,0.335,26.6,0.0,0,MEDIUM
Auto,45.0,251.0,Bridge,0.47,65.6,0.0,14,LOW
Bus,36.8,316.4,Hairpin,0.829,58.8,0.0,19,MEDIUM
Tanker,76.7,170.8,Flood,0.764,98.6,0.0,11,MEDIUM
Auto,86.8,118.5,Construction,0.885,59.8,0.0,22,HIGH
Police,42.9,179.0,None,0.716,13.3,638.2,3,LOW
Lorry,84.2,145.4,RoadBlock,0.886,19.9,0.0,9,HIGH
Ambulance,18.5,124.0,Flood,0.863,27.2,0.0,6,MEDIUM
Tanker,72.3,69.2,RoadBlock,0.904,68.0,0.0,5,MEDIUM
Bus,1.3,194.2,School,0.766,52.4,0.0,8,MEDIUM
Police,6.2,146.7,Bridge,0.995,22.1,0.0,18,LOW
Police,98.4,68.2,Hospital,0.949,32.6,0.0,15,HIGH
Container,93.8,208.2,None,0.788,11.7,279.7,21,MEDIUM
Ambulance,97.7,311.9,None,0.731,48.5,428.9,23,MEDIUM
Truck,47.7,164.2,Construction,0.953,58.3,88.5,1,MEDIUM
Lorry,84.9,185.5,None,0.617,46.5,2786.1,11,MEDIUM
Auto,38.8,164.7,Hairpin,0.615,76.5,0.0,8,MEDIUM
Ambulance,1.9,172.2,None,0.705,76.6,1660.6,12,LOW
Bus,9.6,332.5,Hairpin,0.793,29.0,167.6,5,MEDIUM
Bike,31.9,67.0,None,0.957,94.6,507.8,10,LOW
Bus,7.8,200.2,Hospital,0.937,32.9,0.0,22,HIGH
Bus,55.1,85.9,None,0.334,11.5,1614.1,3,MEDIUM
Bus,36.9,0.5,None,0.916,55.7,2108.1,8,LOW
Ambulance,69.3,288.5,None,0.671,47.6,2304.6,8,LOW
Tanker,19.2,121.6,None,0.959,81.8,2381.2,13,LOW
Container,40.1,355.0,None,0.583,77.4,668.8,4,LOW
Police,51.5,309.4,Hairpin,0.679,35.6,0.0,4,HIGH
Bus,13.6,247.8,Hairpin,0.907,21.2,0.0,8,HIGH
Police,21.4,149.2,None,0.681,12.0,2800.0,3,MEDIUM
Police,75.5,12.3,Hairpin,0.839,47.8,0.0,11,HIGH
Bike,48.1,27.0,None,0.679,18.4,2393.2,14,LOW
Bus,8.3,24.6,Construction,0.967,16.9,0.0,2,MEDIUM
Tanker,78.7,290.4,Accident,0.9,33.2,0.0,23,HIGH
Tanker,81.4,217.2,RoadBlock,0.803,76.2,103.1,0,MEDIUM
Auto,81.3,325.7,Accident,0.642,94.2,0.0,2,HIGH
Police,14.0,155.3,Construction,0.671,16.4,0.0,0,MEDIUM
Truck,85.1,301.2,None,0.863,21.2,1100.6,11,MEDIUM
Truck,15.1,358.4,None,0.995,61.4,534.9,4,LOW
Police,86.2,119.3,None,0.477,64.7,1226.3,14,MEDIUM
Tanker,55.4,276.0,School,0.892,48.8,0.0,1,HIGH
Police,45.2,216.4,None,0.721,60.3,1679.3,23,LOW
Auto,22.6,249.6,Flood,0.606,43.7,0.0,1,MEDIUM
Tanker,49.8,284.8,None,0.724,62.2,788.7,1,MEDIUM
Bike,43.8,272.2,None,0.659,32.6,1549.0,2,LOW
Bus,82.1,202.0,Bridge,0.916,28.3,0.0,2,MEDIUM
Lorry,18.9,353.4,Accident,0.905,73.6,0.0,12,MEDIUM
Bus,75.7,97.8,Construction,0.792,68.9,0.0,15,HIGH
Tanker,40.3,231.7,Flood,0.745,52.5,0.0,21,MEDIUM
Container,45.6,191.9,RoadBlock,0.806,50.1,0.0,14,MEDIUM
Police,54.5,312.4,None,0.833,76.9,506.1,18,LOW
Truck,73.8,84.8,None,0.829,31.6,390.1,11,MEDIUM
Ambulance,76.1,10.4,None,0.699,30.3,1881.8,2,MEDIUM
Container,3.1,334.5,None,0.796,45.4,2042.8,21,LOW
Bus,51.7,137.8,None,0.892,22.2,1826.6,16,LOW
Bike,37.7,81.1,Hospital,0.418,54.2,0.0,14,MEDIUM
Police,61.5,240.3,None,0.901,60.4,2611.9,4,LOW
Tanker,97.1,25.1,Bridge,0.994,77.0,180.8,13,LOW
Car,0.9,77.8,Hospital,0.733,63.7,0.0,16,MEDIUM
Ambulance,3.9,184.4,None,0.65,52.1,2588.2,3,LOW
Auto,37.7,95.7,None,0.918,98.3,2163.4,11,LOW
Truck,46.0,250.9,School,0.933,29.0,0.0,23,HIGH
Bus,74.9,88.8,Accident,0.576,57.6,0.0,1,HIGH
Tanker,54.3,107.2,None,0.977,19.8,2272.9,18,LOW
Police,33.6,341.6,None,0.531,17.1,441.3,10,LOW
Bus,19.3,278.1,RoadBlock,0.823,56.0,0.0,2,MEDIUM
Auto,60.7,351.5,None,0.884,44.1,2472.5,21,LOW
Bike,100.4,72.6,School,0.869,27.3,0.0,12,HIGH
Bus,44.1,285.6,None,0.742,58.2,2587.6,14,LOW
Auto,6.4,189.0,None,0.884,46.6,2610.9,9,LOW
Auto,103.3,356.4,None,0.936,65.8,2760.3,22,MEDIUM
Ambulance,51.0,37.2,None,0.798,11.6,2982.6,2,LOW
Car,59.8,170.0,RoadBlock,0.926,34.4,0.0,0,MEDIUM
Lorry,56.9,70.6,School,0.703,26.3,0.0,15,HIGH
Lorry,70.6,240.2,None,0.674,36.8,629.5,20,MEDIUM
Bike,67.8,84.0,RoadBlock,0.427,53.7,0.0,9,HIGH
Bus,71.6,127.9,None,0.885,41.4,2515.7,13,LOW
Bus,76.7,248.2,Flood,0.849,66.3,79.0,22,MEDIUM
Police,108.9,171.9,None,0.606,64.3,2800.6,0,MEDIUM
Auto,93.5,24.3,Bridge,0.897,25.4,0.0,9,MEDIUM
Ambulance,2.4,83.7,Hairpin,0.668,14.6,0.0,0,HIGH
Ambulance,25.0,198.7,None,0.939,62.8,2127.7,15,LOW
Auto,57.8,299.7,None,0.873,73.5,1241.6,1,LOW
Police,30.0,1.2,None,0.762,30.5,1904.4,7,LOW
Bike,1.3,175.4,School,0.917,63.8,0.0,18,MEDIUM
Truck,43.8,114.6,None,0.893,26.8,1910.8,20,LOW
Police,74.7,175.0,Construction,0.686,84.7,0.0,19,MEDIUM
Container,97.8,115.7,None,0.972,52.0,2703.7,22,MEDIUM
Bus,16.5,296.5,None,0.967,71.6,1906.2,23,LOW
Container,16.8,303.3,None,0.961,37.9,2268.9,7,LOW
Auto,61.2,317.0,None,0.975,46.1,1500.2,19,LOW
Police,39.1,115.6,Flood,0.623,60.9,0.0,23,MEDIUM
Ambulance,7.6,310.3,None,0.987,75.2,1391.4,15,LOW
Bus,6.6,286.3,RoadBlock,0.969,40.7,0.0,22,MEDIUM
Police,34.3,157.3,Flood,0.985,88.0,0.0,6,MEDIUM
Police,74.8,196.7,Construction,0.903,84.5,0.0,15,MEDIUM
Lorry,98.8,226.1,Hairpin,0.836,55.8,0.0,11,HIGH
Container,81.0,196.2,Accident,0.863,65.3,0.0,16,HIGH
Truck,79.5,292.6,None,0.789,54.9,653.0,13,LOW
Lorry,60.8,146.3,Construction,0.861,15.2,171.4,7,MEDIUM
Container,105.7,247.1,None,0.884,78.9,1199.5,1,MEDIUM
Bike,52.7,66.8,None,0.83,51.9,350.9,4,LOW
Bike,6.3,134.4,Construction,0.84,81.8,142.3,1,MEDIUM
Police,58.0,184.7,None,0.824,33.7,2716.7,3,LOW
Auto,31.3,234.8,Construction,0.985,14.4,149.1,1,MEDIUM
Bus,82.1,240.8,Construction,0.92,19.2,0.0,11,HIGH
Tanker,38.4,288.9,None,0.9,81.8,719.8,16,LOW
Truck,29.4,83.7,Flood,0.962,88.7,114.5,11,LOW
Bus,96.6,70.3,Construction,0.956,81.5,0.0,14,HIGH
Car,103.6,143.0,Bridge,0.981,28.7,0.0,10,MEDIUM
Bus,12.2,11.4,Hospital,0.606,20.3,0.0,11,HIGH
Ambulance,14.2,302.6,None,0.94,63.5,2423.4,20,LOW
Bus,29.1,75.4,None,0.526,60.7,2233.5,7,LOW
Ambulance,29.7,126.6,None,0.849,100.0,1362.3,13,LOW
Bike,47.1,302.5,None,0.724,64.8,2641.0,0,LOW
Car,97.2,39.0,Hospital,0.878,46.7,0.0,10,HIGH
Bus,62.2,34.5,None,0.876,90.8,936.5,1,LOW
Car,27.4,337.2,Flood,0.949,12.3,48.2,1,MEDIUM
Bike,85.2,86.2,None,0.934,32.0,1191.5,13,MEDIUM
Bike,33.1,39.4,None,0.41,59.0,193.4,23,LOW
Container,68.1,19.9,School,0.927,92.0,0.0,16,HIGH
Bus,33.6,210.6,None,0.743,10.3,2303.2,14,MEDIUM
Bike,83.8,283.2,None,0.854,26.0,2078.5,22,MEDIUM
Ambulance,58.4,29.9,RoadBlock,0.604,66.0,0.0,2,MEDIUM
Container,32.9,42.8,None,0.995,63.0,1694.1,23,LOW
Bus,8.6,338.6,None,0.845,46.2,305.6,6,LOW
Bike,84.4,25.6,None,0.906,45.4,730.0,16,LOW
Bus,83.5,281.6,School,0.776,33.1,0.0,17,HIGH
Lorry,37.4,153.7,None,0.469,52.4,2359.7,23,MEDIUM
Bike,70.5,21.8,Construction,0.863,38.2,77.4,1,MEDIUM
Tanker,100.0,300.4,None,0.891,19.6,948.5,3,MEDIUM
Truck,60.7,23.0,None,0.742,59.6,826.5,9,MEDIUM
Car,40.8,34.7,None,0.616,13.0,2990.6,10,LOW
Auto,10.9,245.1,Bridge,0.603,32.5,0.0,9,MEDIUM
Auto,37.6,344.4,Flood,0.959,24.1,42.9,12,MEDIUM
Lorry,40.3,316.0,Construction,0.834,61.2,0.0,16,MEDIUM
Container,47.8,40.2,None,0.837,64.7,2174.5,3,LOW
Ambulance,41.0,244.0,None,0.774,17.5,892.6,2,LOW
Ambulance,32.7,201.3,Flood,0.844,50.7,0.0,6,MEDIUM
Container,88.3,203.0,None,0.704,61.9,2808.3,18,MEDIUM
Ambulance,35.5,131.3,None,0.581,23.5,1388.1,18,LOW
Ambulance,19.5,237.7,None,0.898,86.6,1429.6,22,LOW
Police,2.6,177.6,None,0.854,60.7,322.9,5,LOW
Bus,88.0,332.2,None,0.974,68.6,1651.2,22,MEDIUM
Bike,50.5,325.8,Construction,0.992,77.5,41.7,6,LOW
Car,75.6,125.4,Accident,0.656,34.9,80.1,11,MEDIUM
Truck,74.8,319.8,None,0.872,33.8,741.7,3,MEDIUM
Auto,21.5,46.9,None,0.864,94.0,2291.6,1,LOW
Truck,86.9,37.6,None,0.98,84.0,2358.1,9,MEDIUM
Tanker,97.9,333.2,None,0.844,23.9,2598.3,15,MEDIUM
Bus,36.2,132.2,Flood,0.724,46.6,7.2,13,MEDIUM
Tanker,40.8,62.0,None,0.848,63.0,512.1,6,LOW
Police,28.5,196.1,School,0.903,95.3,0.0,17,MEDIUM
Car,36.8,114.7,None,0.873,58.4,272.7,15,LOW
Auto,61.1,284.1,None,0.766,59.0,1513.9,10,LOW
Police,41.9,258.1,Flood,0.379,52.0,0.0,16,MEDIUM
Police,19.5,57.1,None,0.793,98.2,1027.1,4,LOW
Container,81.9,191.0,Hospital,0.894,94.4,2.5,21,HIGH
Ambulance,63.0,257.5,Bridge,0.859,57.0,0.0,10,MEDIUM
Police,4.9,120.3,None,0.642,99.4,2908.1,20,LOW
Bus,53.8,250.0,School,0.628,73.2,149.4,20,MEDIUM
Tanker,27.9,314.4,Construction,0.759,77.5,110.1,17,MEDIUM
Auto,42.0,290.7,Hairpin,0.935,13.2,172.8,16,MEDIUM
Police,39.6,229.5,School,0.792,78.2,0.0,21,MEDIUM
Bus,68.7,272.0,School,0.876,49.1,0.0,6,HIGH
Auto,39.9,45.9,None,0.914,16.7,689.5,2,LOW
Auto,10.2,22.7,None,0.763,88.8,610.6,12,LOW
Police,29.1,27.4,School,0.834,31.9,0.0,13,MEDIUM
Car,83.2,300.5,None,0.724,35.3,1826.4,12,MEDIUM
Truck,75.9,141.1,Construction,0.888,52.5,170.7,5,MEDIUM
Bus,71.0,16.1,None,0.904,14.2,559.8,2,MEDIUM
Ambulance,43.8,82.5,Accident,0.917,84.7,0.0,19,MEDIUM
Bus,26.0,135.3,School,0.566,91.8,88.8,1,MEDIUM
Truck,82.1,334.0,None,0.946,20.1,1410.4,4,MEDIUM
Container,21.2,321.0,None,0.758,72.7,1128.5,12,LOW
Truck,97.6,350.3,Hairpin,0.737,49.6,0.0,7,HIGH
Auto,7.4,90.7,Bridge,0.979,44.9,0.0,16,LOW
Ambulance,91.8,171.0,Construction,0.802,68.8,0.0,1,HIGH
Bike,103.7,358.0,None,0.991,24.2,2582.8,2,MEDIUM
Ambulance,100.1,161.4,Bridge,0.863,91.9,0.0,8,MEDIUM
Auto,71.0,200.8,Construction,0.891,78.8,0.0,17,MEDIUM
Bus,84.7,81.2,None,0.975,19.1,1543.5,18,MEDIUM
Truck,47.1,117.0,RoadBlock,0.707,82.4,0.0,11,MEDIUM
Bus,39.6,116.6,Bridge,0.796,91.3,17.6,13,LOW
Bike,90.5,54.6,None,0.969,93.9,1411.7,1,LOW
Police,80.8,179.9,None,0.513,49.6,1231.3,20,MEDIUM
Car,74.0,247.9,Hairpin,0.885,31.2,0.0,8,HIGH
Ambulance,109.6,264.4,None,0.506,63.9,642.6,20,MEDIUM
Bike,86.0,343.1,None,0.841,76.1,2790.5,1,LOW
Bike,69.2,283.6,Hospital,0.892,67.1,0.0,2,HIGH
Truck,87.1,290.1,Flood,0.762,66.0,8.1,17,HIGH
Ambulance,1.9,115.0,RoadBlock,0.926,39.3,48.0,16,MEDIUM
Container,99.9,180.5,None,0.429,40.6,1940.0,20,MEDIUM
Police,65.0,105.4,None,0.945,92.3,204.9,7,LOW
Container,26.8,69.5,None,0.473,63.5,2663.2,6,LOW
Auto,100.2,344.2,None,0.835,10.6,2149.8,0,MEDIUM
Bus,103.1,67.1,School,0.823,97.3,69.6,15,MEDIUM
Car,38.5,194.9,Accident,0.784,57.0,0.0,17,MEDIUM
Police,1.8,201.9,None,0.755,62.5,1113.0,17,LOW
Truck,92.8,129.7,School,0.922,45.1,131.2,14,HIGH
Container,28.0,155.1,None,0.924,47.8,356.0,19,LOW
Bus,22.2,55.5,School,0.532,88.6,0.0,14,MEDIUM
Lorry,4.5,241.3,None,0.854,47.2,1499.2,0,LOW
Car,50.5,349.6,None,0.682,48.7,1416.1,21,LOW
Container,96.7,321.6,RoadBlock,0.877,39.0,0.0,19,HIGH
Lorry,77.9,279.5,Bridge,0.626,75.6,0.0,11,MEDIUM
Police,73.7,92.5,RoadBlock,0.81,34.2,0.0,6,MEDIUM
Ambulance,48.8,214.3,Construction,0.833,37.1,0.0,18,MEDIUM
Bus,76.5,252.8,RoadBlock,0.987,24.1,138.8,23,MEDIUM
Auto,10.3,336.7,Accident,0.462,11.9,0.0,18,HIGH
Truck,8.2,354.9,Flood,0.93,13.9,0.0,18,MEDIUM
Bike,18.7,250.4,None,0.888,75.6,788.9,6,LOW
Car,37.7,203.7,None,0.565,17.4,1052.2,21,LOW
Police,46.7,194.8,School,0.994,97.0,0.0,20,MEDIUM
Car,108.6,108.5,None,0.819,18.7,1354.7,13,MEDIUM
Ambulance,37.2,44.0,None,0.817,65.1,1338.8,3,LOW
Police,26.3,132.5,None,0.974,89.2,1376.9,11,LOW
Car,68.8,176.1,Bridge,0.951,74.8,0.0,8,MEDIUM
Bike,19.5,282.6,None,0.74,49.5,2072.6,10,LOW
Lorry,11.9,345.1,None,0.99,46.8,2018.6,2,LOW
Car,69.7,137.4,Bridge,0.687,68.6,103.8,13,LOW
Lorry,109.1,19.6,RoadBlock,0.952,95.2,0.0,10,MEDIUM
Truck,70.4,191.6,School,0.684,91.3,0.0,13,HIGH
Auto,57.6,218.3,None,0.969,90.6,2259.0,8,LOW
Police,11.6,352.5,Bridge,0.378,70.0,0.0,1,MEDIUM
Bike,41.2,304.7,Bridge,0.975,68.8,0.0,19,LOW
Truck,71.7,18.9,None,0.407,46.3,2195.4,18,MEDIUM
Car,75.2,345.9,Hairpin,0.776,57.1,0.0,10,HIGH
Truck,57.8,83.3,Flood,0.919,39.2,0.0,14,MEDIUM
Auto,104.5,208.6,None,0.6,61.7,1526.2,2,MEDIUM
Car,80.7,203.4,Hairpin,0.866,18.6,0.0,12,HIGH
Auto,56.6,296.9,None,0.911,36.1,2551.5,7,LOW
Auto,54.3,178.9,School,0.837,11.9,0.0,12,MEDIUM
Ambulance,103.5,312.8,Construction,0.907,12.2,0.0,20,HIGH
Car,16.0,312.0,None,0.602,91.1,2183.2,16,LOW
Lorry,38.3,210.9,Construction,0.678,40.7,0.0,0,HIGH
Truck,43.5,334.0,RoadBlock,0.752,31.9,60.1,4,MEDIUM
Tanker,63.5,195.5,None,0.925,25.8,2369.6,13,MEDIUM
Auto,73.0,245.3,None,0.941,15.0,531.4,5,LOW
Car,63.4,265.4,Hairpin,0.798,39.6,0.0,9,HIGH
Bike,100.8,343.1,None,0.793,49.7,1011.1,9,MEDIUM
Bike,41.2,222.8,Flood,0.77,14.3,0.0,15,MEDIUM
Container,58.6,207.6,None,0.849,59.1,2515.8,11,LOW
Bike,59.1,185.6,Flood,0.834,57.2,0.0,7,MEDIUM
Bike,12.2,285.3,Hairpin,0.924,52.6,0.0,11,MEDIUM
Lorry,69.7,153.4,RoadBlock,0.696,93.0,0.0,10,MEDIUM
Police,58.1,288.5,None,0.983,60.8,2582.3,19,LOW
Auto,98.4,232.9,None,0.602,91.7,1308.4,19,LOW
Container,34.6,139.4,Accident,0.808,63.0,0.0,14,HIGH
Car,67.4,315.3,None,0.768,73.5,1074.3,7,LOW
Lorry,16.2,51.5,Bridge,0.706,81.2,0.0,19,LOW
Police,106.4,157.6,None,0.913,43.6,1796.2,23,MEDIUM
Ambulance,1.3,119.2,Accident,0.931,57.5,0.0,11,MEDIUM
Container,13.3,183.4,School,0.938,59.5,118.7,3,MEDIUM
Police,3.2,205.8,RoadBlock,0.765,70.5,8.4,18,MEDIUM
Container,94.1,325.3,Hairpin,0.817,71.1,0.0,6,HIGH
Bus,72.9,117.7,Bridge,0.911,95.9,0.0,23,MEDIUM
Bike,109.3,246.8,Bridge,0.988,48.8,0.0,6,MEDIUM
Tanker,69.7,291.9,Construction,0.885,91.1,0.0,21,MEDIUM
Truck,93.8,187.0,None,0.745,32.9,1561.9,6,MEDIUM
Lorry,89.4,267.0,None,0.991,65.0,1616.2,11,MEDIUM
Bike,0.8,298.0,None,0.924,94.2,2601.5,22,LOW
Bus,31.4,56.4,Flood,0.64,42.7,0.0,6,MEDIUM
Container,98.7,13.6,None,0.664,13.7,1515.8,19,MEDIUM
Lorry,49.6,119.0,Hairpin,0.778,76.1,145.7,18,MEDIUM
Bike,46.8,332.0,None,0.911,66.0,1013.3,4,LOW
Car,18.0,14.4,None,0.985,88.8,1593.9,4,LOW
Auto,80.2,12.8,None,0.972,88.3,2824.4,6,LOW
Police,8.7,125.3,Hospital,0.803,98.0,0.0,16,MEDIUM
Bike,17.9,72.5,None,0.759,76.6,2019.3,15,LOW
Bus,91.0,246.1,None,0.783,36.5,2425.6,22,MEDIUM
Police,76.6,336.5,None,0.955,19.0,2002.9,15,LOW
Ambulance,87.0,127.4,Hairpin,0.927,36.7,0.0,7,HIGH
Police,97.9,347.2,Bridge,0.521,44.0,0.0,6,MEDIUM
Ambulance,59.0,237.4,Accident,0.649,90.0,0.0,8,MEDIUM
Bus,98.3,310.8,Hospital,0.716,93.5,0.0,14,HIGH
Lorry,67.0,41.6,Hairpin,0.789,35.7,0.0,16,HIGH
Ambulance,51.6,7.8,None,0.652,69.5,1042.1,14,LOW
Container,56.8,159.7,None,0.823,19.5,509.0,10,LOW
Car,107.5,211.0,Accident,0.989,17.6,0.0,7,HIGH
Truck,62.8,328.2,None,0.82,28.3,190.2,2,MEDIUM
Bike,56.5,30.3,Hospital,0.727,30.2,0.0,7,MEDIUM
Truck,98.4,11.8,None,0.521,86.5,1126.6,1,MEDIUM
Container,61.0,220.9,RoadBlock,0.994,43.7,148.1,10,MEDIUM
Tanker,100.8,164.3,RoadBlock,0.734,80.2,159.1,19,MEDIUM
Bike,28.2,190.0,None,0.844,94.0,2266.6,0,LOW
Tanker,25.4,119.9,None,0.717,77.8,2206.9,12,LOW
Auto,100.4,262.3,School,0.776,91.2,0.0,20,HIGH
Bus,43.8,30.0,None,0.993,57.5,592.5,7,LOW
Lorry,88.0,173.9,None,0.705,82.7,2333.5,7,MEDIUM
Bike,24.5,221.2,None,0.758,74.9,2129.5,23,LOW
Container,105.4,214.1,Hospital,0.848,31.1,0.0,6,HIGH
Ambulance,16.2,181.6,RoadBlock,0.849,40.1,0.0,14,MEDIUM
Car,67.7,250.2,None,0.993,92.4,2705.0,4,LOW
Bus,106.8,239.6,None,0.983,26.9,111.8,23,MEDIUM
Container,79.2,152.8,None,0.958,67.8,1438.4,7,LOW
Ambulance,33.6,79.8,None,0.97,27.7,646.3,10,LOW
Auto,78.9,126.5,Hairpin,0.776,58.0,0.0,4,HIGH
Container,87.0,203.4,None,0.507,57.1,1592.1,12,MEDIUM
Ambulance,51.5,265.8,Hospital,0.778,17.2,139.2,12,MEDIUM
Truck,42.0,47.6,None,0.712,58.4,2777.4,18,LOW
Tanker,65.6,348.8,Hospital,0.962,18.2,0.0,3,HIGH
Bus,67.3,261.6,Hairpin,0.788,46.4,155.4,19,MEDIUM
Bus,104.9,28.3,RoadBlock,0.563,64.5,0.0,12,HIGH
Lorry,85.8,294.3,None,0.346,80.4,166.9,21,MEDIUM
Police,106.6,290.7,Hairpin,0.785,44.8,0.0,16,HIGH
Container,19.5,105.0,None,0.527,87.1,1617.3,12,LOW
Truck,39.9,88.9,Flood,0.928,45.3,158.9,13,MEDIUM
Truck,35.7,180.2,None,0.571,50.2,2448.4,6,LOW
Lorry,26.8,317.1,None,0.582,64.1,2284.2,13,LOW
Police,47.7,196.5,Accident,0.769,79.9,101.7,18,MEDIUM
Auto,56.0,260.4,RoadBlock,0.505,44.7,1.7,22,MEDIUM
Tanker,67.5,10.7,RoadBlock,0.826,80.8,0.0,4,HIGH
Ambulance,80.6,219.1,Bridge,0.964,75.9,139.0,10,LOW
Police,87.2,92.2,None,0.908,67.1,432.5,14,LOW
Truck,85.9,258.7,None,0.954,35.2,760.6,20,MEDIUM
Police,88.6,229.1,None,0.787,81.5,2903.4,22,MEDIUM
Tanker,80.0,356.4,None,0.922,10.6,2076.9,19,MEDIUM
Bus,29.6,292.7,None,0.703,74.9,2289.8,7,LOW
Auto,24.3,179.9,None,0.75,80.1,782.0,14,LOW
Bus,82.9,310.7,Construction,0.94,44.2,0.0,22,HIGH
Lorry,17.7,352.0,Accident,0.824,36.3,0.0,20,HIGH
Truck,12.1,169.3,RoadBlock,0.966,16.9,0.0,13,MEDIUM
Bike,58.3,142.4,Construction,0.693,36.6,0.0,2,MEDIUM
Bike,40.8,8.1,None,0.802,64.0,196.3,13,LOW
Tanker,9.0,172.9,RoadBlock,0.962,58.1,139.1,1,MEDIUM
Truck,98.6,52.7,None,0.998,98.4,554.4,12,LOW
Ambulance,59.5,35.5,RoadBlock,0.752,15.8,0.0,1,MEDIUM
Truck,16.0,82.6,Flood,0.854,48.0,0.0,21,MEDIUM
Police,108.4,131.8,None,0.838,40.8,163.4,2,MEDIUM
Lorry,39.6,319.3,None,0.569,73.0,531.2,4,LOW
Tanker,95.5,108.3,Accident,0.519,93.7,0.0,0,HIGH
Bus,101.4,19.5,None,0.515,94.1,797.6,3,MEDIUM
Ambulance,30.1,330.5,Accident,0.934,72.5,0.0,21,MEDIUM
Tanker,93.8,50.3,Flood,0.82,94.7,0.0,11,MEDIUM
Car,59.5,334.8,RoadBlock,0.982,85.5,0.0,22,MEDIUM
Bike,61.0,259.3,Construction,0.919,91.6,0.0,22,MEDIUM
Car,98.5,49.7,School,0.863,81.3,0.0,12,HIGH
Lorry,94.3,196.1,None,0.885,92.9,829.9,7,LOW
Car,39.1,55.3,None,0.755,59.8,356.5,0,LOW
Container,80.2,216.1,RoadBlock,0.842,93.4,198.0,21,MEDIUM
Truck,63.9,39.1,Accident,0.856,19.5,146.7,5,MEDIUM
Bike,35.3,95.3,Construction,0.831,81.5,0.0,10,MEDIUM
Lorry,17.5,280.9,RoadBlock,0.665,79.9,66.1,12,MEDIUM
Truck,72.4,44.6,Bridge,0.816,52.8,0.0,3,MEDIUM
Bus,48.9,16.3,School,0.957,43.3,0.0,20,MEDIUM
Ambulance,62.0,341.3,RoadBlock,0.857,52.1,0.0,7,MEDIUM
Tanker,61.1,227.6,None,0.787,67.6,1421.5,1,MEDIUM
Lorry,50.4,5.9,None,0.972,57.0,1100.4,9,LOW
Police,11.5,344.0,Construction,0.522,31.5,114.0,17,MEDIUM
Auto,91.9,69.1,Accident,0.8,92.3,0.0,3,HIGH
Ambulance,49.3,349.4,Flood,0.959,61.3,0.0,5,MEDIUM
Container,78.2,255.7,None,0.955,17.7,1916.9,2,MEDIUM
Auto,30.9,182.0,None,0.751,97.2,554.6,12,LOW
Lorry,93.8,252.2,School,0.611,42.4,0.0,0,HIGH
Truck,66.1,44.8,None,0.707,20.1,1205.1,7,MEDIUM
Lorry,85.2,149.8,Hospital,0.826,41.6,0.0,4,HIGH
Tanker,35.9,87.2,RoadBlock,0.86,85.5,0.0,12,MEDIUM
Car,102.4,59.4,Bridge,0.966,63.9,36.9,19,MEDIUM
Police,52.8,236.3,None,0.964,37.3,1291.6,4,LOW
Car,2.5,240.0,None,0.639,33.7,467.2,20,LOW
Car,40.7,265.1,Bridge,0.992,39.7,145.2,10,LOW
Lorry,67.3,43.0,Hairpin,0.963,63.6,35.0,7,HIGH
Lorry,34.3,7.3,None,0.553,84.6,928.4,16,LOW
Police,20.4,348.9,School,0.821,76.9,0.0,15,MEDIUM
Lorry,62.4,154.0,Hairpin,0.855,35.0,179.7,4,HIGH
Bus,51.4,140.8,Hospital,0.836,65.0,0.0,18,MEDIUM
Lorry,85.0,348.8,Bridge,0.761,34.1,176.0,2,MEDIUM
Police,17.9,23.1,None,0.986,66.5,2561.3,5,LOW
Lorry,25.3,293.4,None,0.972,74.3,731.5,5,LOW
Tanker,19.4,128.6,None,0.597,52.4,1343.1,18,LOW
Lorry,25.7,19.3,None,0.935,10.9,2902.6,15,LOW
Container,37.6,355.6,None,0.987,85.8,2264.6,12,LOW
Police,109.1,220.3,None,0.791,73.0,1279.6,16,LOW
Ambulance,60.2,338.4,Flood,0.924,15.6,0.0,0,HIGH
Ambulance,32.8,184.6,Hospital,0.825,35.1,0.0,19,MEDIUM
Bike,63.6,85.3,Accident,0.989,82.7,0.0,12,MEDIUM
Police,72.0,67.9,None,0.559,79.2,1127.2,12,LOW
Police,76.4,337.9,Hospital,0.691,88.5,0.0,4,HIGH
Lorry,42.4,20.5,Flood,0.909,93.8,0.0,0,MEDIUM
Bike,47.1,207.7,None,0.766,92.9,408.5,15,LOW
Ambulance,23.2,132.9,None,0.649,94.7,1726.2,23,LOW
Police,72.5,132.0,None,0.719,86.8,2289.3,20,LOW
Truck,56.9,205.4,None,0.717,89.1,1968.8,1,LOW
Truck,40.9,221.9,None,0.37,61.7,1341.6,18,LOW
Ambulance,29.0,273.2,None,0.778,78.0,1037.4,23,LOW
Police,103.2,27.5,None,0.868,81.7,2543.0,22,LOW
Ambulance,44.1,154.3,None,0.772,27.9,1664.6,23,LOW
Police,20.1,157.5,Hairpin,0.592,26.8,0.0,20,HIGH
Car,52.7,162.9,Flood,0.761,88.4,0.0,19,MEDIUM
Bus,60.0,261.3,None,0.838,83.9,1972.5,7,LOW
Bus,44.3,169.4,School,0.831,93.8,0.0,2,HIGH
Ambulance,19.7,238.3,None,0.656,90.0,1056.5,22,LOW
Truck,6.8,170.9,RoadBlock,0.968,89.8,0.0,5,MEDIUM
Tanker,84.9,302.7,None,0.546,32.8,2447.8,16,MEDIUM
Ambulance,104.5,167.0,None,0.786,89.3,1401.9,23,MEDIUM
Truck,6.7,303.2,Construction,0.836,94.1,30.4,18,MEDIUM
Container,89.1,295.5,Flood,0.718,48.3,0.0,23,HIGH
Ambulance,48.7,29.5,None,0.664,91.1,2509.3,0,LOW
Police,103.2,311.9,School,0.701,71.0,0.0,2,HIGH
Ambulance,51.5,244.7,None,0.848,20.0,2916.2,20,LOW
Ambulance,63.1,45.9,Accident,0.998,95.6,0.0,11,MEDIUM
Bus,1.8,27.4,RoadBlock,0.711,66.0,0.0,5,MEDIUM
Truck,34.5,150.0,None,0.969,56.8,818.9,18,LOW
Bus,10.5,152.2,RoadBlock,0.796,97.5,0.0,23,MEDIUM
Lorry,66.9,131.2,None,0.96,75.1,1535.8,13,LOW
Auto,47.5,147.3,Construction,0.571,89.5,46.3,5,MEDIUM
Truck,98.6,122.6,None,0.967,43.6,2192.3,3,MEDIUM
Container,36.0,226.0,School,0.804,25.0,64.5,7,MEDIUM
Truck,47.5,256.3,School,0.727,80.5,0.0,8,MEDIUM
Car,48.4,353.1,Hairpin,0.657,93.2,0.0,6,MEDIUM
Car,9.1,316.5,None,0.76,39.7,2643.8,19,LOW
Tanker,11.8,13.6,None,0.928,78.0,576.4,15,LOW
Auto,100.5,132.1,None,0.609,60.5,2329.3,10,MEDIUM
Container,83.4,240.8,None,0.904,83.7,228.5,7,MEDIUM
Ambulance,35.3,205.3,None,0.602,26.6,256.4,19,LOW
Container,63.1,247.2,None,0.99,73.2,1167.4,3,LOW
Ambulance,73.8,298.6,Flood,0.78,79.7,0.0,19,MEDIUM
Bike,25.1,69.1,None,0.853,74.5,969.1,22,LOW
Lorry,18.3,53.0,None,0.992,18.7,942.5,14,LOW
Police,72.6,35.4,None,0.732,16.1,2046.9,21,LOW
Container,51.0,298.3,School,0.956,37.1,17.0,11,MEDIUM
Container,103.3,196.9,None,0.718,67.8,550.6,7,MEDIUM
Ambulance,45.6,225.9,Hospital,0.737,41.2,0.0,13,MEDIUM
Police,79.1,342.0,Construction,0.852,59.7,10.3,12,MEDIUM
Lorry,107.2,297.5,Flood,0.822,69.4,12.8,18,HIGH
Bike,105.3,53.1,Hairpin,0.698,88.3,0.0,15,HIGH
Tanker,72.0,181.0,None,0.535,87.3,1457.3,5,MEDIUM
Truck,23.5,335.5,None,0.9,31.5,845.2,21,LOW
Lorry,33.8,214.7,RoadBlock,0.815,48.9,0.0,21,MEDIUM
Truck,105.6,275.7,None,0.963,52.1,2449.4,22,MEDIUM
Container,84.4,181.4,None,0.783,34.0,876.2,8,MEDIUM
Tanker,97.8,277.2,None,0.694,21.5,135.3,21,MEDIUM
Bus,69.3,128.9,None,0.916,38.8,1068.5,2,MEDIUM
Container,92.4,232.5,Bridge,0.702,99.0,166.4,19,LOW
Container,64.8,237.8,None,0.78,58.1,1197.2,22,MEDIUM
Ambulance,83.8,188.3,None,0.692,51.2,432.7,7,MEDIUM
Truck,66.4,134.8,None,0.937,61.4,2959.7,2,LOW
Container,64.8,19.9,RoadBlock,0.638,97.0,190.0,3,MEDIUM
Bus,108.2,311.1,None,0.822,96.7,1756.7,12,MEDIUM
Car,9.4,214.5,None,0.619,43.7,1187.3,1,LOW
Lorry,14.6,337.7,None,0.772,64.6,1413.0,13,LOW
Container,85.6,152.7,Flood,0.964,49.8,39.3,21,HIGH
Lorry,49.5,56.4,Construction,0.858,26.7,0.0,0,HIGH
Police,72.7,168.3,None,0.757,22.2,1184.6,4,MEDIUM
Tanker,89.1,204.0,Bridge,0.933,85.9,0.0,21,MEDIUM
Auto,47.7,325.0,None,0.691,61.8,1250.9,4,LOW
Car,109.0,316.6,None,0.602,37.5,2344.5,9,MEDIUM
Truck,49.9,316.7,None,0.966,90.0,2969.7,22,LOW
Lorry,12.7,46.7,None,0.946,46.5,1920.1,9,LOW
Ambulance,84.7,196.8,Hairpin,0.762,51.6,0.0,4,HIGH
Lorry,99.7,295.1,Bridge,0.966,40.9,15.1,23,MEDIUM
Bus,36.5,165.4,None,0.802,27.2,1605.1,23,MEDIUM
Bus,74.0,15.9,School,0.979,56.0,32.9,12,MEDIUM
Police,98.4,105.2,None,0.798,65.4,1071.1,12,LOW
Bike,74.6,166.4,None,0.916,86.7,1568.5,9,LOW
Lorry,53.9,129.9,None,0.831,67.9,438.8,3,LOW
Auto,41.1,49.8,Hairpin,0.791,55.6,30.8,9,MEDIUM
Bus,36.3,49.2,Flood,0.694,51.3,0.0,22,HIGH
Bus,34.6,114.9,RoadBlock,0.734,26.8,0.0,23,HIGH
Car,73.5,268.6,None,0.872,81.4,2240.0,23,LOW
Truck,101.8,21.0,Flood,0.951,67.8,0.0,13,HIGH
Bus,69.6,299.4,Hairpin,0.878,46.3,0.0,11,HIGH
Bus,66.6,177.5,Hairpin,0.706,66.2,0.0,16,HIGH
Auto,53.5,344.5,None,0.75,75.4,2753.6,4,LOW
Ambulance,33.4,266.3,Bridge,0.557,53.3,0.0,3,MEDIUM
Police,91.6,305.4,None,0.606,54.1,814.5,22,MEDIUM
Bus,55.8,50.9,None,0.506,79.9,2382.5,22,MEDIUM
Truck,68.6,301.3,None,0.664,94.9,1264.2,20,LOW
Police,58.1,44.1,None,0.894,51.0,2570.3,0,LOW
Truck,23.8,181.6,Construction,0.84,25.9,0.0,20,MEDIUM
Bike,68.0,32.9,Bridge,0.82,52.1,0.0,18,MEDIUM
Auto,60.6,253.6,None,0.571,87.6,1059.5,8,LOW
Truck,28.5,266.9,Accident,0.93,14.1,0.0,15,HIGH
Ambulance,37.8,293.2,None,0.762,97.1,2452.2,18,LOW
Container,8.5,256.1,Hospital,0.816,93.3,160.0,17,MEDIUM
Car,108.0,289.5,None,0.983,65.5,2791.7,17,LOW
Bike,55.0,319.2,None,0.761,55.3,1053.7,2,LOW
Auto,72.9,357.2,Construction,0.938,36.5,0.0,21,MEDIUM
Bus,84.9,78.1,Accident,0.924,11.6,0.0,17,HIGH
Container,47.4,119.2,Construction,0.812,73.1,0.0,4,MEDIUM
Bus,65.4,281.6,Hospital,0.635,28.6,156.1,8,HIGH
Car,88.5,295.2,Hospital,0.75,89.8,0.0,16,HIGH
Bike,15.9,335.6,Accident,0.808,76.3,0.0,21,MEDIUM
Tanker,12.6,208.5,Hairpin,0.838,56.1,166.3,9,MEDIUM
Police,47.0,151.6,Flood,0.937,15.1,163.3,15,MEDIUM
Bike,68.2,344.5,None,0.847,33.6,465.3,19,LOW
Lorry,24.7,38.1,Construction,0.903,73.5,165.9,1,MEDIUM
Lorry,96.5,230.7,Flood,0.694,58.7,0.0,6,HIGH
Auto,4.4,142.7,RoadBlock,0.699,79.8,126.4,11,LOW
Auto,108.0,246.2,None,0.959,24.5,2930.7,2,MEDIUM
Tanker,34.7,154.0,None,0.989,77.1,640.9,20,LOW
Ambulance,25.9,284.7,None,0.94,72.9,361.3,2,LOW
Ambulance,97.7,326.5,Flood,0.848,66.7,67.1,6,MEDIUM
Tanker,92.0,257.3,RoadBlock,0.964,37.5,93.2,11,MEDIUM
Bike,54.8,194.6,Accident,0.98,20.2,0.0,4,MEDIUM
Ambulance,39.2,176.3,None,0.709,83.9,2362.2,0,LOW
Lorry,56.5,89.7,Hospital,0.747,83.2,0.0,3,HIGH
Bike,109.4,164.1,None,0.942,41.8,2244.5,2,MEDIUM
Truck,54.4,10.3,None,0.735,73.8,734.7,10,LOW
Bus,83.7,258.8,Bridge,0.842,18.6,0.0,0,HIGH
Lorry,103.6,156.5,None,0.792,55.0,2915.5,3,MEDIUM
Truck,14.3,321.7,Accident,0.76,83.3,78.4,23,MEDIUM
Auto,93.6,228.5,None,0.956,25.3,163.8,3,MEDIUM
Auto,23.3,192.6,None,0.99,73.4,1138.1,17,LOW
Truck,96.9,231.2,Hairpin,0.813,43.7,0.0,10,HIGH
Ambulance,71.7,308.9,Accident,0.95,11.4,0.0,23,HIGH
Bike,58.0,305.1,None,0.927,82.3,1221.0,15,LOW
Tanker,22.5,23.3,School,0.838,71.4,27.9,16,MEDIUM
Bus,15.7,271.2,Flood,0.96,35.9,0.0,18,MEDIUM
Car,25.3,150.6,None,0.718,70.9,693.6,22,LOW
Auto,68.0,46.5,None,0.838,40.0,1050.6,22,LOW
Police,44.1,253.5,None,0.965,55.9,1564.7,14,LOW
Tanker,15.1,72.5,None,0.993,10.4,2913.7,16,LOW
Lorry,103.8,173.6,None,0.865,92.4,1927.2,20,MEDIUM
Tanker,92.8,322.5,None,0.954,50.1,1086.5,10,MEDIUM
Truck,51.4,154.1,Hospital,0.557,84.6,184.8,7,MEDIUM
Bus,69.9,38.0,Hairpin,0.743,81.9,0.0,23,HIGH
Police,24.5,207.2,School,0.739,69.0,0.0,21,MEDIUM
Bus,17.7,214.3,None,0.996,12.6,2946.5,15,LOW
Bike,68.7,179.8,Construction,0.998,51.8,0.0,0,MEDIUM
Car,19.8,199.8,None,0.84,50.1,2951.5,22,LOW
Container,32.6,86.3,Bridge,0.714,65.6,55.9,21,LOW
Bike,5.6,327.5,Hairpin,0.588,27.0,58.6,14,MEDIUM
Bike,97.9,62.1,Bridge,0.718,34.2,0.0,2,MEDIUM
Bus,29.3,106.5,None,0.898,51.0,1705.9,1,LOW
Ambulance,13.5,288.0,Accident,0.819,81.3,0.0,3,MEDIUM
Lorry,99.2,84.9,Construction,0.893,14.8,0.0,9,HIGH
Tanker,59.8,297.6,RoadBlock,0.687,70.9,0.0,23,MEDIUM
Ambulance,108.4,194.3,RoadBlock,0.946,25.3,0.0,20,HIGH
Car,37.1,310.7,None,0.474,98.7,1323.7,19,LOW
Car,104.5,12.7,None,0.966,21.7,2627.6,0,MEDIUM
Container,39.4,224.7,None,0.956,54.5,607.3,11,LOW
Container,80.7,129.9,Accident,0.68,53.4,0.0,11,HIGH
Ambulance,15.3,328.4,None,0.509,87.2,285.1,6,LOW
Bike,104.9,219.9,Flood,0.586,23.2,0.0,3,HIGH
Car,94.3,13.6,Flood,0.863,12.9,150.6,8,MEDIUM
Ambulance,72.1,275.6,None,0.859,45.7,1404.4,9,LOW
Bus,101.4,201.0,None,0.906,63.9,1943.4,3,MEDIUM
Police,78.5,276.4,Accident,0.594,76.8,0.0,11,HIGH
Car,88.3,297.7,None,0.943,78.6,2190.6,22,LOW
Lorry,109.7,93.1,None,0.609,90.6,1826.8,1,MEDIUM
Ambulance,90.7,195.8,None,0.95,10.5,2958.4,1,MEDIUM
Lorry,107.9,357.6,None,0.876,30.2,2841.4,21,MEDIUM
Truck,1.5,196.0,None,0.887,63.2,2716.1,15,LOW
Bus,75.7,348.6,None,0.918,86.1,1969.1,12,LOW
Ambulance,88.1,282.3,Flood,0.969,71.0,0.0,3,HIGH
Bus,3.4,32.8,Flood,0.924,76.3,0.0,16,MEDIUM
Lorry,35.5,31.6,Hairpin,0.752,96.2,13.7,10,MEDIUM
Auto,85.1,111.2,School,0.968,80.0,0.0,15,MEDIUM
Police,31.5,263.5,Hospital,0.826,88.2,0.0,7,MEDIUM
Bike,48.9,182.2,Accident,0.671,63.6,0.0,8,MEDIUM
Tanker,84.6,125.8,Bridge,0.769,74.2,155.7,13,MEDIUM
Truck,29.9,52.7,Accident,0.91,55.9,0.0,18,MEDIUM
Bus,58.8,151.7,Bridge,0.903,93.2,0.0,4,MEDIUM
Tanker,96.4,44.8,RoadBlock,0.565,43.2,0.0,13,HIGH
Lorry,103.2,30.8,Hospital,0.869,89.6,0.0,12,HIGH
Tanker,63.9,58.5,Bridge,0.892,57.0,0.0,10,MEDIUM
Car,29.3,137.9,None,0.993,31.8,328.8,20,LOW
Truck,2.7,90.2,None,0.515,65.0,2572.3,11,LOW
Container,31.0,317.7,None,0.979,97.8,501.7,7,LOW
Car,37.5,114.6,Accident,0.529,21.1,0.0,0,HIGH
Container,109.6,83.4,RoadBlock,0.805,83.3,0.0,15,HIGH
Auto,44.4,87.0,Construction,0.975,66.8,0.0,5,MEDIUM
Police,39.3,0.4,None,0.835,59.4,880.9,10,LOW
Truck,109.9,211.7,School,0.758,29.8,133.4,17,HIGH
Bus,98.5,246.0,None,0.905,64.6,945.3,11,MEDIUM
Container,101.8,198.1,None,0.679,14.5,1585.7,7,MEDIUM
Lorry,53.0,269.7,None,0.892,19.4,659.8,2,MEDIUM
Bus,109.9,70.2,Construction,0.37,63.7,0.0,18,HIGH
Lorry,96.8,159.6,RoadBlock,0.721,77.1,68.3,14,MEDIUM
Truck,38.6,42.6,None,0.874,43.1,2200.7,9,LOW
Lorry,9.1,212.2,Flood,0.869,79.8,0.0,4,MEDIUM
Bike,61.9,26.8,None,0.868,77.6,1594.4,17,LOW
Container,9.5,264.0,None,0.868,24.8,305.6,20,LOW
Ambulance,35.2,170.0,Hospital,0.749,59.1,0.0,13,MEDIUM
Bike,109.8,128.7,School,0.686,14.8,0.0,19,HIGH
Bus,2.3,133.1,None,0.691,81.7,2415.3,1,LOW
Car,85.3,188.4,RoadBlock,0.943,26.6,135.2,12,MEDIUM
Bike,75.5,234.3,Hospital,0.81,46.6,0.0,14,HIGH
Ambulance,21.2,47.6,None,0.821,57.8,1502.1,12,LOW
Lorry,75.8,341.6,Accident,0.702,72.2,0.0,5,HIGH
Auto,58.8,245.8,School,0.911,97.6,16.0,14,MEDIUM
Bike,0.4,136.7,None,0.772,25.3,2571.2,9,LOW
Tanker,95.5,241.9,None,0.668,72.6,1658.0,17,MEDIUM
Lorry,2.0,342.3,Hairpin,0.689,18.6,101.1,7,MEDIUM
Bus,50.2,147.3,None,0.623,13.8,1286.5,4,MEDIUM
Car,79.0,73.1,Bridge,0.784,71.6,0.0,17,LOW
Container,37.0,222.3,None,0.784,16.9,1704.2,10,LOW
Bike,36.2,43.6,None,0.836,12.2,2491.0,23,LOW
Auto,100.8,74.6,None,0.603,34.2,2131.1,10,MEDIUM
Car,13.9,19.1,None,0.723,54.8,1367.4,7,LOW
Tanker,43.2,179.4,Accident,0.898,47.2,0.0,0,HIGH
Auto,59.0,162.8,Construction,0.768,97.4,127.5,23,MEDIUM
Tanker,106.0,56.8,RoadBlock,0.922,29.1,0.0,7,HIGH
Lorry,71.4,113.1,None,0.725,45.5,390.9,4,MEDIUM
Ambulance,83.8,131.2,None,0.56,39.2,1905.8,4,MEDIUM
Truck,10.2,223.0,None,0.785,90.4,1873.1,5,LOW
Bus,12.7,183.4,RoadBlock,0.792,77.4,41.4,15,MEDIUM
Bus,94.9,123.0,None,0.956,66.4,152.5,0,MEDIUM
Bus,66.9,176.4,None,0.724,79.8,2798.0,21,LOW
Truck,39.5,289.2,Flood,0.51,39.2,0.0,13,MEDIUM
Ambulance,74.6,296.8,Construction,0.739,24.4,102.7,16,MEDIUM
Car,42.7,57.3,Construction,0.842,87.3,0.0,12,MEDIUM
Car,4.9,56.6,Hairpin,0.979,57.7,0.0,7,MEDIUM
Tanker,87.6,2.9,Flood,0.764,99.5,154.9,19,MEDIUM
Car,79.9,129.6,Construction,0.661,17.4,71.8,23,MEDIUM
Truck,47.7,93.6,RoadBlock,0.939,15.7,0.0,15,MEDIUM
Police,84.2,262.4,Accident,0.634,77.3,0.0,10,HIGH
Lorry,93.6,55.7,Hairpin,0.967,77.0,54.8,22,HIGH
Bike,69.1,329.3,Construction,0.895,15.6,0.0,1,MEDIUM
Tanker,47.5,115.2,Construction,0.779,19.2,142.2,13,MEDIUM
Lorry,39.9,30.7,School,0.969,91.2,0.0,13,MEDIUM
Container,39.0,208.1,None,0.772,33.6,2735.6,7,LOW
Ambulance,104.5,96.6,Construction,0.649,32.2,0.0,5,HIGH
Lorry,89.3,128.7,Construction,0.748,84.1,0.0,11,HIGH
Container,59.0,100.4,Construction,0.966,95.8,0.0,2,MEDIUM
Auto,66.6,46.0,Flood,0.661,27.5,0.0,13,MEDIUM
Auto,99.3,58.8,Accident,0.901,72.6,65.1,13,MEDIUM
Tanker,89.7,197.4,None,0.793,31.9,361.0,11,MEDIUM
Tanker,48.6,319.5,None,0.909,90.6,1334.9,21,LOW
Tanker,86.9,85.0,Hospital,0.758,54.3,0.0,4,HIGH
Bus,96.5,16.8,None,0.99,26.6,1105.3,4,MEDIUM
Police,73.0,173.1,Hospital,0.933,13.0,0.0,18,HIGH
Tanker,35.2,122.8,Flood,0.796,31.8,0.0,10,MEDIUM
Bus,35.2,117.2,None,0.554,12.0,734.6,11,MEDIUM
Ambulance,11.8,282.0,None,0.926,83.1,1780.9,22,LOW
Auto,25.9,321.2,None,0.755,87.2,1009.7,4,LOW
Lorry,21.5,185.3,None,0.642,96.9,764.7,13,LOW
Bike,15.8,327.7,None,0.447,79.6,2767.7,17,LOW
Lorry,47.0,105.3,None,0.408,23.8,1461.3,2,MEDIUM
Ambulance,76.0,286.9,Bridge,0.742,47.2,139.6,2,LOW
Car,55.8,86.6,RoadBlock,0.687,55.0,0.0,11,MEDIUM
Bus,81.9,261.3,Construction,0.984,63.7,0.0,11,HIGH
Bus,21.2,325.2,None,0.878,21.8,2658.8,14,LOW
Bike,91.1,234.1,None,0.89,73.2,1744.1,7,LOW
Lorry,64.7,118.8,Hairpin,0.796,95.8,192.6,4,MEDIUM
Bus,61.1,217.8,None,0.959,70.2,999.9,23,LOW
Ambulance,5.5,298.6,None,0.844,26.0,2345.5,1,LOW
Auto,35.4,288.9,Hospital,0.972,64.1,0.0,19,MEDIUM
Car,25.1,177.2,Flood,0.566,65.2,0.0,4,MEDIUM
Truck,33.1,220.3,School,0.796,34.5,91.4,13,MEDIUM
Bus,88.8,163.8,None,0.949,12.1,1015.8,23,MEDIUM
Bike,20.3,334.4,None,0.845,31.1,661.8,15,LOW
Container,24.5,254.4,None,0.778,82.5,1647.5,20,LOW
Tanker,11.6,286.2,Construction,0.666,63.8,0.0,1,HIGH
Car,24.3,17.0,Accident,0.602,77.9,88.4,5,MEDIUM
Ambulance,86.3,350.5,None,0.755,68.6,1329.5,17,MEDIUM
Tanker,25.1,25.1,None,0.771,35.3,141.5,22,LOW
Bus,13.0,315.0,None,0.945,94.4,2359.5,2,LOW
Bus,66.6,87.1,RoadBlock,0.628,85.0,0.0,19,MEDIUM
Ambulance,90.7,119.7,Accident,0.901,61.6,102.1,17,MEDIUM
Truck,92.3,310.8,None,0.821,51.8,1051.4,15,MEDIUM
Ambulance,44.5,295.3,None,0.921,85.9,179.1,5,LOW
Container,25.3,324.9,None,0.892,90.4,842.8,6,LOW
Truck,46.3,299.6,Hospital,0.779,39.3,0.0,19,HIGH
Container,78.0,193.6,School,0.795,64.9,0.0,9,HIGH
Truck,40.6,77.3,Hospital,0.832,35.1,0.0,19,MEDIUM
Tanker,39.5,1.3,RoadBlock,0.952,64.7,100.7,6,MEDIUM
Car,42.0,322.6,Bridge,0.935,63.6,0.0,2,MEDIUM
Auto,24.0,233.8,Hairpin,0.615,78.2,7.7,15,MEDIUM
Container,60.6,348.1,Hospital,0.877,88.6,0.0,0,HIGH
Tanker,42.4,40.5,None,0.979,34.4,1845.2,16,LOW
Ambulance,102.3,307.6,None,0.893,98.5,981.3,4,LOW
Truck,35.6,355.3,None,0.913,20.0,1306.9,13,LOW
Bike,86.9,157.5,Construction,0.503,37.8,164.5,4,MEDIUM
Ambulance,62.3,107.9,None,0.756,92.8,1767.2,18,LOW
Car,101.2,16.7,None,0.902,85.5,1906.9,5,LOW
Police,81.0,125.3,Hospital,0.915,92.7,115.7,2,MEDIUM
Lorry,77.7,149.7,RoadBlock,0.843,66.2,42.4,20,MEDIUM
Bus,87.3,340.4,None,0.969,63.6,1689.0,14,MEDIUM
Container,101.9,192.4,None,0.863,64.8,1867.6,11,MEDIUM
Ambulance,32.6,299.4,Hairpin,0.814,29.6,135.7,21,MEDIUM
Lorry,10.0,52.8,Hospital,0.752,66.3,0.0,18,HIGH
Police,16.2,195.2,Construction,0.689,42.4,0.0,4,MEDIUM
Tanker,107.8,42.6,Hospital,0.534,44.6,0.0,3,HIGH
Bus,22.0,18.7,None,0.851,28.1,1097.3,5,LOW
Auto,93.0,31.5,None,0.754,40.5,2279.7,11,LOW
Bus,86.3,82.4,None,0.733,12.3,1848.4,8,MEDIUM
Tanker,31.9,155.4,None,0.792,74.1,1972.4,20,LOW
Truck,20.4,74.0,None,0.881,68.7,1859.4,1,LOW
Tanker,45.1,112.2,None,0.668,78.9,2475.0,13,LOW
Bus,13.7,350.7,None,0.697,28.5,1328.7,11,LOW
Auto,73.0,25.5,None,0.702,12.0,1810.9,11,LOW
Ambulance,85.4,282.9,None,0.726,60.6,1287.2,8,MEDIUM
Car,85.0,145.0,Hairpin,0.742,14.1,108.7,7,HIGH
Bike,87.3,219.1,School,0.847,38.3,0.0,3,HIGH
Bus,17.8,4.7,None,0.86,70.6,1542.6,2,LOW
Police,79.0,295.9,Hospital,0.95,89.7,0.0,14,MEDIUM
Bike,41.2,308.9,None,0.843,71.3,348.4,3,LOW
Truck,19.6,145.2,None,0.873,38.4,2895.7,13,LOW
Container,75.8,141.1,Hospital,0.891,55.1,0.0,10,HIGH
Police,69.5,142.9,RoadBlock,0.912,52.5,100.2,23,MEDIUM
Tanker,97.3,216.8,None,0.477,95.4,2852.5,1,MEDIUM
Police,103.8,292.7,Flood,0.832,45.2,194.3,6,MEDIUM
Car,38.6,311.6,None,0.915,20.7,660.2,1,LOW
Container,92.2,22.8,None,0.688,28.7,2188.9,15,MEDIUM
Lorry,89.2,49.8,School,0.71,58.4,44.0,13,HIGH
Bus,34.1,347.0,Hospital,0.969,46.1,0.0,2,HIGH
Truck,31.6,304.4,None,0.945,13.6,890.4,22,MEDIUM
Ambulance,44.1,171.7,RoadBlock,0.601,38.5,166.2,8,MEDIUM
Car,60.0,119.3,Hospital,0.875,66.4,0.0,10,MEDIUM
Tanker,36.2,146.1,Accident,0.808,50.4,0.0,11,HIGH
Police,99.1,198.0,None,0.982,76.9,417.1,17,LOW
Bus,44.5,288.9,None,0.911,28.9,211.0,11,LOW
Auto,96.0,270.0,None,0.877,50.4,1071.1,0,MEDIUM
Auto,58.7,162.5,RoadBlock,0.904,96.1,0.0,23,MEDIUM
Auto,108.1,111.9,Flood,0.963,60.4,0.0,21,MEDIUM
Container,81.7,181.6,School,0.969,62.8,0.0,14,HIGH
Police,9.6,168.6,None,0.546,83.9,1951.0,3,LOW
Ambulance,15.0,52.0,None,0.946,99.4,1162.4,16,LOW
Police,49.9,255.5,Flood,0.741,80.3,44.5,14,MEDIUM
Auto,95.8,19.0,Construction,0.684,80.4,0.0,6,HIGH
Lorry,40.5,246.3,None,0.518,35.4,1661.0,22,MEDIUM
Bus,19.6,325.9,None,0.45,60.3,108.0,6,LOW
Lorry,40.2,49.8,School,0.498,28.9,0.0,11,HIGH
Tanker,5.9,310.7,Construction,0.916,35.4,118.2,15,MEDIUM
Police,109.3,316.3,None,0.856,46.5,1070.0,13,LOW
Bike,37.8,273.0,None,0.794,99.7,2867.2,16,LOW
Container,103.5,291.2,Construction,0.984,65.0,0.0,14,HIGH
Bus,106.6,329.8,Accident,0.966,48.6,191.9,13,HIGH
Ambulance,19.3,32.2,None,0.597,16.3,1827.9,22,MEDIUM
Truck,1.5,116.7,Hospital,0.801,38.3,0.0,2,HIGH
Auto,83.8,180.0,None,0.798,84.9,2047.8,3,MEDIUM
Auto,19.4,329.6,Construction,0.715,30.0,101.2,14,MEDIUM
Car,91.4,52.9,None,0.669,80.6,1993.2,13,LOW
Police,47.7,40.2,None,0.867,72.1,2187.2,3,LOW
Police,61.4,80.2,Construction,0.948,93.0,0.0,14,MEDIUM
Ambulance,44.6,13.8,School,0.773,67.0,0.0,7,MEDIUM
Tanker,2.1,37.7,None,0.484,83.5,2031.0,9,LOW
Ambulance,80.9,97.6,Bridge,0.927,97.8,0.0,13,LOW
Car,87.4,225.8,Flood,0.827,86.9,0.0,16,MEDIUM
Auto,104.1,182.2,None,0.676,66.4,1562.7,10,LOW
Auto,106.4,248.5,None,0.819,19.2,2709.9,7,MEDIUM
Ambulance,31.5,93.0,RoadBlock,0.912,92.2,16.6,20,LOW
Car,90.8,196.5,None,0.563,78.6,196.7,4,MEDIUM
Ambulance,50.1,54.2,Accident,0.9,79.5,0.0,10,MEDIUM
Ambulance,86.8,26.4,Bridge,0.505,13.9,0.0,22,HIGH
Bike,70.5,143.2,Construction,0.702,21.2,188.8,18,MEDIUM
Tanker,37.5,256.0,Accident,0.596,45.6,0.0,6,HIGH
Car,28.4,247.7,None,0.879,34.2,654.1,0,LOW
Auto,55.9,73.1,Flood,0.761,98.8,0.0,19,MEDIUM
Truck,95.6,272.8,None,0.758,60.2,1452.7,0,MEDIUM
Bus,63.3,197.8,None,0.604,49.4,1464.2,20,MEDIUM
Container,30.7,136.3,Accident,0.56,38.4,0.0,20,HIGH
Tanker,14.6,90.8,RoadBlock,0.901,32.1,131.3,7,MEDIUM
Ambulance,6.7,156.8,None,0.921,39.7,310.3,21,LOW
Truck,109.3,312.3,Flood,0.734,28.0,94.4,0,HIGH
Auto,100.3,3.6,Construction,0.903,71.8,0.0,14,MEDIUM
Truck,46.0,209.6,Construction,0.722,24.6,0.0,9,MEDIUM
Bus,100.4,5.6,Hospital,0.823,35.4,0.0,15,HIGH
Lorry,45.2,84.1,None,0.648,40.5,2401.0,3,MEDIUM
Car,23.3,265.1,None,0.872,73.2,610.7,2,LOW
Truck,106.9,220.9,RoadBlock,0.499,45.4,155.0,13,HIGH
Container,107.2,97.3,None,0.885,30.1,1651.9,5,MEDIUM
Car,61.9,251.3,Accident,0.849,66.0,65.6,18,MEDIUM
Car,50.3,77.4,Construction,0.721,21.2,0.0,11,MEDIUM
Auto,108.8,260.5,School,0.932,23.9,0.0,16,HIGH
Truck,7.0,104.1,RoadBlock,0.912,37.1,186.8,0,MEDIUM
Bike,34.2,129.4,Flood,0.468,88.5,0.0,11,MEDIUM
Lorry,79.5,31.2,School,0.702,29.2,0.0,4,HIGH
Bus,77.0,259.1,None,0.869,73.5,2448.8,8,LOW
Truck,67.2,39.8,None,0.875,86.6,2067.1,22,MEDIUM
Tanker,27.6,342.4,None,0.955,76.6,2418.0,23,LOW
Ambulance,79.8,72.6,None,0.81,11.0,1121.8,6,LOW
Lorry,54.9,340.7,None,0.887,81.0,117.5,12,LOW
Auto,14.0,193.1,None,0.851,56.0,2939.8,5,LOW
Police,13.7,133.8,None,0.836,17.9,2166.4,14,LOW
Tanker,107.0,193.0,None,0.834,68.7,175.6,19,MEDIUM
Ambulance,60.4,213.6,None,0.874,64.6,2552.7,6,LOW
Container,32.5,327.4,Hospital,0.908,96.1,0.0,5,MEDIUM
Bike,36.3,68.1,None,0.941,49.0,1292.9,18,LOW
Auto,55.4,292.4,None,0.764,20.8,461.7,12,LOW
Bus,104.3,294.2,None,0.6,30.9,584.7,13,MEDIUM
Container,83.6,123.8,Bridge,0.977,72.8,0.0,6,MEDIUM
Container,106.6,324.2,Flood,0.765,30.9,0.0,3,HIGH
Car,55.1,236.6,None,0.983,59.7,1798.7,6,LOW
Container,33.3,229.7,Bridge,0.977,94.4,43.2,2,LOW
Auto,28.2,53.5,RoadBlock,0.931,60.2,66.9,6,LOW
Tanker,37.8,104.2,Hospital,0.74,70.7,59.6,20,MEDIUM
Ambulance,58.2,301.6,None,0.615,29.0,2261.1,10,LOW
Car,71.1,331.5,None,0.834,59.7,1226.3,15,LOW
Tanker,92.9,1.6,None,0.748,84.8,2530.5,3,MEDIUM
Bus,91.6,54.8,None,0.736,18.5,1633.1,18,MEDIUM
Auto,32.0,349.2,School,0.899,91.1,0.0,0,MEDIUM
Auto,80.6,264.4,School,0.619,53.7,0.0,9,HIGH
Ambulance,17.6,279.5,Hairpin,0.816,92.8,176.1,16,LOW
Car,53.2,129.0,Hospital,0.647,38.0,0.0,3,HIGH
Ambulance,52.3,24.8,None,0.838,91.4,362.4,8,LOW
Container,95.7,135.2,None,0.755,12.9,487.7,2,MEDIUM
Container,69.9,237.9,None,0.763,61.8,856.3,19,LOW
Tanker,100.4,6.5,None,0.964,15.9,1981.0,15,MEDIUM
Truck,106.1,198.1,None,0.62,34.6,1402.4,19,MEDIUM
Lorry,21.8,31.4,Hairpin,0.834,14.7,0.0,4,HIGH
Container,12.1,240.4,None,0.763,72.4,859.1,7,LOW
Lorry,101.7,64.5,None,0.722,10.2,2513.1,17,MEDIUM
Car,28.9,317.6,None,0.739,84.7,595.6,1,LOW
Tanker,40.9,215.5,Hospital,0.738,87.7,0.0,10,MEDIUM
Ambulance,107.5,71.3,None,0.953,86.6,238.9,22,LOW
Bus,88.0,141.6,None,0.874,88.0,1678.3,3,MEDIUM
Bus,4.3,166.7,None,0.764,20.8,2738.8,20,LOW
Truck,93.1,254.3,Bridge,0.647,42.0,114.2,15,MEDIUM
Tanker,28.3,158.1,None,0.858,44.3,2269.2,23,LOW
Truck,19.3,152.4,None,0.72,87.7,605.2,9,LOW
Container,2.1,234.1,Bridge,0.387,18.2,186.1,20,MEDIUM
Lorry,68.8,66.0,Hospital,0.721,68.4,0.0,15,HIGH
Car,20.2,216.6,RoadBlock,0.921,90.6,0.0,12,MEDIUM
Truck,107.9,350.5,None,0.775,85.4,1520.0,6,MEDIUM
Bike,89.6,112.3,None,0.967,87.5,2399.7,9,LOW
Bus,34.7,127.5,Construction,0.783,61.4,0.0,7,MEDIUM
Ambulance,20.6,297.5,None,0.672,75.8,2228.8,19,LOW
Ambulance,11.6,97.2,RoadBlock,0.603,98.6,0.0,8,MEDIUM
Tanker,2.9,340.3,Construction,0.778,29.7,0.0,14,MEDIUM
Truck,9.6,175.7,Bridge,0.708,79.0,0.0,14,LOW
Car,92.4,338.2,None,0.624,64.4,2039.1,21,MEDIUM
Container,61.0,126.1,None,0.926,83.8,2016.4,3,MEDIUM
Truck,1.4,64.7,None,0.875,36.7,2796.1,13,LOW
Ambulance,81.5,102.2,None,0.837,90.6,1104.8,16,LOW
Police,94.7,19.3,None,0.951,37.7,1450.0,11,LOW
Ambulance,95.1,279.5,None,0.926,28.6,929.8,6,MEDIUM
Ambulance,54.3,161.5,Accident,0.835,79.2,80.6,8,MEDIUM
Police,55.6,231.4,None,0.784,99.0,1470.2,3,LOW
Lorry,106.7,196.5,Construction,0.758,19.4,0.0,3,HIGH
Car,32.2,142.1,None,0.957,14.3,1722.6,7,LOW
Truck,82.6,70.3,None,0.766,57.4,1130.2,7,MEDIUM
Ambulance,65.6,351.2,None,0.9,42.1,2958.2,12,LOW
Tanker,77.9,161.2,None,0.871,26.4,164.1,6,MEDIUM
Lorry,39.0,329.6,None,0.504,73.6,1314.7,20,LOW
Auto,73.6,43.7,None,0.944,73.2,1300.7,23,LOW
Bus,65.8,154.3,None,0.942,11.0,758.9,23,MEDIUM
Lorry,36.6,11.3,Accident,0.932,99.9,0.0,21,MEDIUM
Bus,0.3,285.5,None,0.874,57.1,2017.1,14,LOW
Car,82.4,88.3,None,0.974,97.7,2110.0,13,LOW
Bus,44.7,139.9,None,0.629,36.6,2347.1,2,MEDIUM
Car,94.0,150.9,None,0.784,12.6,1877.5,15,MEDIUM
Police,33.4,266.6,Bridge,0.563,64.9,0.0,3,MEDIUM
Car,101.9,187.1,None,0.803,26.4,1831.7,7,MEDIUM
Bus,76.2,168.2,Flood,0.946,81.1,0.0,3,MEDIUM
Container,16.4,191.1,None,0.869,49.3,1998.8,15,LOW
Bike,77.0,309.8,None,0.736,13.7,395.1,21,LOW
Container,9.6,196.5,None,0.909,68.8,1027.6,0,LOW
Tanker,26.7,122.9,None,0.665,14.9,2127.6,16,MEDIUM
Auto,48.3,262.5,None,0.825,82.6,1436.0,3,LOW
Bike,8.3,258.1,School,0.844,35.3,0.0,13,MEDIUM
Bus,97.4,0.1,None,0.806,18.0,2265.6,15,MEDIUM
Auto,93.2,38.8,None,0.787,10.0,2802.2,11,MEDIUM
Truck,60.5,222.7,RoadBlock,0.606,91.7,0.0,20,MEDIUM
Tanker,18.8,328.0,None,0.771,48.6,793.4,16,LOW
Container,69.3,289.6,None,0.761,71.5,803.9,12,LOW
Tanker,66.9,348.2,None,0.796,22.2,654.2,6,MEDIUM
Bike,46.3,211.7,None,0.528,45.3,1359.4,19,LOW
Police,77.3,238.0,None,0.984,51.2,2090.7,9,LOW
Car,81.6,279.6,None,0.953,81.5,1927.1,21,LOW
Bus,52.1,231.4,None,0.719,73.5,1762.6,19,LOW
Bus,4.1,134.4,None,0.876,34.5,2259.2,15,LOW
Tanker,46.1,174.5,School,0.626,57.6,0.0,1,HIGH
Auto,106.5,19.9,Construction,0.829,74.1,0.0,15,MEDIUM
Ambulance,17.8,137.9,None,0.853,48.6,2210.1,21,LOW
Car,15.8,58.4,None,0.983,28.9,923.9,4,LOW
Tanker,101.2,153.3,Flood,0.335,71.8,0.0,22,HIGH
Lorry,30.2,283.3,None,0.927,10.3,2625.4,18,LOW
Tanker,35.9,148.8,Bridge,0.915,65.5,0.0,15,MEDIUM
Lorry,35.8,87.5,None,0.389,56.1,1308.5,13,LOW
Truck,86.8,152.5,None,0.921,65.0,2184.6,9,MEDIUM
Bus,34.4,12.2,None,0.788,43.8,282.8,21,LOW
Auto,57.4,234.5,Flood,0.952,82.2,185.5,6,LOW
Ambulance,107.2,322.5,RoadBlock,0.859,11.4,0.0,9,HIGH
Auto,85.6,275.7,None,0.858,45.8,2535.8,17,LOW
Ambulance,9.6,149.7,Construction,0.934,25.6,0.0,16,MEDIUM
Container,101.1,182.7,None,0.865,41.4,943.8,14,MEDIUM
Police,66.2,278.3,None,0.97,24.9,2992.4,13,LOW
Bike,43.1,259.6,School,0.355,21.3,0.0,2,HIGH
Auto,57.4,72.5,None,0.81,54.0,751.4,7,LOW
Container,5.9,279.7,Flood,0.468,25.3,186.2,17,MEDIUM
Tanker,52.6,122.2,Hairpin,0.828,49.0,0.0,4,HIGH
Car,76.2,88.9,None,0.902,69.3,436.2,16,LOW
Car,42.6,224.4,Hospital,0.846,85.2,0.0,8,MEDIUM
Truck,7.1,140.4,None,0.99,38.3,499.6,19,LOW
Tanker,81.7,315.9,None,0.768,76.8,258.4,22,MEDIUM
Car,69.4,126.0,Construction,0.822,20.6,84.0,18,MEDIUM
Car,39.7,65.7,RoadBlock,0.852,25.9,163.7,4,MEDIUM
Police,30.4,331.1,Flood,0.806,83.9,0.0,21,MEDIUM
Bus,3.1,337.2,None,0.909,14.3,2376.2,20,LOW
Car,42.3,38.5,None,0.818,11.4,2132.3,19,LOW
Truck,60.5,233.6,Hospital,0.599,59.1,0.0,4,HIGH
Truck,102.7,334.4,Construction,0.684,89.9,0.0,6,HIGH
Car,90.6,301.6,None,0.463,20.3,2543.1,12,MEDIUM
Truck,54.8,45.7,None,0.803,28.3,2556.1,12,LOW
Bus,30.9,284.7,Bridge,0.907,85.7,8.0,8,LOW
Police,107.2,232.7,Construction,0.969,98.7,0.0,4,MEDIUM
Bus,79.5,156.2,Flood,0.879,27.6,127.7,21,MEDIUM
Bike,63.3,202.9,RoadBlock,0.796,84.4,0.0,15,MEDIUM
Truck,45.5,276.6,None,0.883,51.4,2002.9,11,LOW
Ambulance,28.7,8.2,None,0.993,19.6,2760.6,22,LOW
Police,98.5,326.2,None,0.835,98.9,1065.8,13,LOW
Tanker,64.4,279.8,None,0.616,64.5,373.1,3,MEDIUM
Car,97.2,195.2,None,0.9,87.1,2465.7,1,MEDIUM
Auto,6.8,88.7,None,0.896,25.8,2908.4,1,LOW
Container,23.4,68.5,Flood,0.697,54.5,0.0,23,HIGH
Car,97.9,3.3,Accident,0.812,58.4,0.0,16,HIGH
Bike,33.1,88.0,RoadBlock,0.591,81.2,0.0,22,MEDIUM
Bike,97.9,207.6,Hospital,0.945,14.6,0.0,20,HIGH
Auto,67.5,179.4,None,0.627,35.4,254.2,14,MEDIUM
Bus,99.0,260.4,None,0.918,30.0,2241.3,21,MEDIUM
Ambulance,99.5,84.5,Hospital,0.957,35.6,84.6,15,MEDIUM
Police,42.3,305.9,Accident,0.659,68.8,194.1,22,MEDIUM
Bike,63.8,294.8,None,0.614,79.2,2900.1,4,LOW
Auto,37.3,232.7,None,0.876,83.4,1005.6,18,LOW
Ambulance,25.1,154.6,Hospital,0.652,81.6,0.0,0,MEDIUM
Bus,73.5,233.3,Bridge,0.814,70.8,0.0,21,MEDIUM
Police,95.7,268.4,None,0.957,95.7,1043.5,7,LOW
Lorry,46.4,39.3,Construction,0.907,69.9,0.0,23,MEDIUM
Ambulance,20.1,109.4,Hospital,0.583,80.7,0.0,19,MEDIUM
Car,85.0,163.9,Hospital,0.922,16.6,0.0,11,HIGH
Car,78.8,234.8,Accident,0.63,65.0,0.0,3,HIGH
Ambulance,81.0,119.6,Flood,0.806,86.7,165.0,18,MEDIUM
Lorry,98.1,337.6,None,0.968,48.8,2254.9,15,MEDIUM
Tanker,55.2,292.2,Bridge,0.909,51.1,0.0,23,MEDIUM
Bike,60.2,317.9,RoadBlock,0.566,12.4,0.0,18,MEDIUM
Truck,48.1,84.5,RoadBlock,0.549,39.0,0.0,4,HIGH
Container,76.9,170.1,None,0.664,79.9,1733.4,18,LOW
Truck,73.6,117.6,None,0.848,29.8,1571.6,5,MEDIUM
Bike,4.4,324.8,None,0.729,99.7,906.2,6,LOW
Auto,85.8,208.7,None,0.986,74.0,2345.6,16,LOW
Auto,0.1,181.3,Flood,0.973,94.7,0.0,14,MEDIUM
Ambulance,10.5,24.9,Hospital,0.984,15.5,171.6,2,MEDIUM
Bike,89.8,353.8,None,0.978,22.1,1010.6,3,MEDIUM
Lorry,13.0,163.3,Hairpin,0.85,52.5,103.8,17,MEDIUM
Lorry,94.0,262.9,None,0.963,51.1,2954.5,8,MEDIUM
Container,56.6,266.3,Hospital,0.838,89.3,0.0,9,MEDIUM
Auto,38.1,348.3,Bridge,0.804,54.1,71.7,19,LOW
Ambulance,30.7,242.2,Hairpin,0.807,91.1,91.4,22,MEDIUM
Auto,21.7,57.4,None,0.837,90.6,321.3,8,LOW
Car,102.3,142.3,None,0.832,99.7,2329.7,13,LOW
Container,42.1,200.1,Hairpin,0.904,59.4,0.0,6,MEDIUM
Container,100.4,19.7,Hairpin,0.913,45.0,0.0,15,HIGH
Auto,63.6,195.1,Hairpin,0.613,17.7,0.0,2,HIGH
Auto,15.1,167.8,Hospital,0.986,12.5,111.4,15,MEDIUM
Tanker,18.6,0.4,Hairpin,0.919,65.0,0.0,1,HIGH
Lorry,46.1,318.5,None,0.989,92.5,2564.4,13,LOW
Lorry,87.7,354.3,School,0.7,85.8,0.0,0,HIGH
Lorry,59.1,2.5,None,0.611,92.6,1141.6,21,LOW
Car,94.2,324.1,None,0.463,39.6,397.4,1,MEDIUM
Ambulance,29.1,47.0,Flood,0.91,71.7,0.0,22,MEDIUM
Bus,86.3,261.3,Construction,0.863,50.7,0.0,3,HIGH
Container,87.2,102.3,None,0.908,55.3,942.9,6,MEDIUM
Car,33.6,286.0,Bridge,0.779,51.8,0.0,2,MEDIUM
Lorry,51.8,51.5,None,0.887,63.4,2270.9,23,LOW
Bike,16.6,338.0,Hairpin,0.854,80.3,0.0,23,MEDIUM
Car,42.2,236.1,Hospital,0.909,69.8,0.0,4,MEDIUM
Tanker,106.9,311.8,Hairpin,0.848,86.4,0.0,11,HIGH
Lorry,45.5,200.4,None,0.988,68.6,779.8,4,LOW
Police,16.1,225.8,Construction,0.777,19.7,109.8,2,MEDIUM
Bike,84.0,206.6,RoadBlock,0.814,70.8,0.0,22,HIGH
Container,80.2,233.9,Bridge,0.925,72.4,0.0,22,MEDIUM
Container,56.6,311.6,None,0.756,79.8,461.2,20,LOW
Tanker,71.9,106.2,None,0.635,10.8,1936.7,22,MEDIUM
Truck,12.5,236.7,Hairpin,0.937,80.9,0.0,13,MEDIUM
Auto,44.8,121.1,None,0.57,97.8,2819.6,8,LOW
Bus,47.0,259.8,Bridge,0.888,25.2,0.0,23,MEDIUM
Truck,73.0,178.6,None,0.775,65.6,2656.0,23,MEDIUM
Bus,14.5,286.3,Hairpin,0.945,37.1,0.0,22,HIGH
Police,40.4,309.0,Construction,0.619,44.8,0.0,15,MEDIUM
Tanker,71.4,124.9,None,0.992,15.6,981.5,18,MEDIUM
Truck,35.3,345.3,Hairpin,0.862,83.3,0.0,19,MEDIUM
Car,21.0,145.3,None,0.886,74.5,2935.9,12,LOW
Lorry,88.8,99.2,RoadBlock,0.797,91.3,0.0,5,HIGH
Bike,11.5,285.9,Hairpin,0.933,10.3,22.8,9,MEDIUM
Container,38.6,30.0,School,0.63,35.3,103.7,10,MEDIUM
Tanker,80.9,34.0,RoadBlock,0.891,99.2,0.0,10,HIGH
Auto,31.7,283.9,None,0.906,28.1,1988.3,13,LOW
Car,80.6,44.9,Construction,0.894,74.2,132.8,12,MEDIUM
Tanker,0.7,51.0,None,0.922,16.8,2275.1,13,LOW
Auto,86.6,206.2,None,0.826,53.1,1585.6,5,MEDIUM
Police,44.1,333.8,Bridge,0.624,22.6,0.0,0,MEDIUM
Tanker,99.6,203.6,Hospital,0.862,40.1,0.0,17,HIGH
Auto,7.6,52.1,None,0.779,70.7,1234.5,1,LOW
Container,44.0,274.6,None,0.918,78.5,1861.2,21,LOW
Auto,67.7,283.3,School,0.752,42.3,0.0,9,HIGH
Container,91.9,184.3,None,0.898,49.0,2142.9,5,MEDIUM
Car,50.0,165.1,None,0.577,45.6,2002.4,0,LOW
Container,91.1,284.2,None,0.517,87.8,2586.3,20,MEDIUM
Lorry,104.7,27.3,None,0.882,79.3,1142.5,1,MEDIUM
Truck,19.7,73.4,None,0.91,85.6,832.8,19,LOW
Truck,14.7,69.3,None,0.777,45.6,2707.7,5,LOW
Tanker,28.7,141.2,None,0.89,30.0,1269.7,15,LOW
Bus,107.3,218.2,Flood,0.572,73.3,170.4,20,MEDIUM
Truck,55.8,172.6,Hairpin,0.854,82.1,0.0,21,MEDIUM
Police,87.0,336.3,None,0.856,79.5,887.8,1,MEDIUM
Lorry,81.5,279.5,Hairpin,0.643,76.5,93.1,8,HIGH
Car,65.7,149.3,None,0.875,86.4,160.4,17,LOW
Auto,7.3,164.2,Bridge,0.702,45.9,0.0,3,MEDIUM
Police,38.8,261.5,Construction,0.755,94.1,58.6,2,LOW
Container,79.9,262.4,None,0.877,23.1,847.6,21,MEDIUM
Ambulance,64.5,114.5,None,0.584,10.4,1984.1,4,MEDIUM
Auto,46.4,122.7,None,0.863,48.9,222.0,10,LOW
Container,15.3,28.4,None,0.662,82.3,1029.4,9,LOW
Bus,50.4,258.9,None,0.933,55.4,2904.9,1,LOW
Bus,72.8,324.9,School,0.973,97.1,0.0,19,MEDIUM
Container,99.3,159.8,None,0.952,51.6,623.8,6,MEDIUM
Auto,82.0,42.4,Hairpin,0.889,56.0,12.6,23,HIGH
Truck,62.0,286.3,Hospital,0.947,32.5,0.0,18,HIGH
Auto,106.2,86.4,None,0.72,95.4,1313.8,17,LOW
Bike,95.0,92.1,Hairpin,0.873,67.6,1.6,15,HIGH
Bike,27.9,100.1,None,0.895,70.2,1335.4,10,LOW
Auto,108.7,55.0,None,0.951,19.0,506.8,7,MEDIUM
Container,17.6,333.5,Bridge,0.732,65.9,0.0,10,MEDIUM
Truck,16.0,247.6,Bridge,0.87,66.8,0.0,23,MEDIUM
Ambulance,43.6,247.8,None,0.65,56.1,259.4,2,LOW
Bike,63.1,323.3,Hospital,0.895,31.0,0.0,20,HIGH
Lorry,63.7,131.0,None,0.992,90.3,133.0,13,LOW
Bus,0.2,296.8,Bridge,0.759,11.3,0.0,21,MEDIUM
Bus,67.3,7.8,None,0.842,58.6,333.8,9,LOW
Truck,84.3,210.0,Hospital,0.747,92.5,0.0,13,HIGH
Bus,8.6,43.4,None,0.991,33.8,2208.9,20,LOW
Lorry,92.1,281.6,Accident,0.983,25.1,0.0,0,HIGH
Ambulance,56.2,190.9,None,0.962,81.8,1026.2,17,LOW
Police,71.0,52.8,Construction,0.572,96.3,0.0,1,MEDIUM
Car,61.8,149.2,Accident,0.682,90.3,0.0,4,HIGH
Bike,58.0,38.6,None,0.82,15.8,1308.8,13,LOW
Ambulance,74.2,47.9,Bridge,0.87,84.4,195.0,9,LOW
Container,93.0,307.0,Construction,0.718,15.1,189.6,1,HIGH
Container,0.4,350.7,None,0.542,32.1,2335.6,13,MEDIUM
Ambulance,88.5,89.5,None,0.513,50.8,1953.2,15,MEDIUM
Bus,96.5,188.3,Hospital,0.922,50.1,0.0,0,HIGH
Container,3.4,210.3,None,0.862,49.6,1135.1,12,LOW
Bus,81.0,230.4,None,0.809,98.6,725.4,3,MEDIUM
Police,78.6,191.7,None,0.613,75.9,2350.7,1,LOW
Bike,7.4,73.6,None,0.427,54.9,713.2,9,LOW
Container,19.0,182.5,Accident,0.605,52.6,0.0,1,HIGH
Lorry,102.0,33.2,None,0.945,39.4,1958.9,16,MEDIUM
Auto,0.2,347.5,None,0.866,31.1,2988.8,3,LOW
Bus,0.5,229.6,Construction,0.747,90.4,0.0,8,MEDIUM
Lorry,63.1,347.3,Accident,0.789,43.5,0.0,8,HIGH
Truck,23.0,235.8,Bridge,0.686,98.9,170.9,8,LOW
Lorry,42.7,328.1,Accident,0.981,71.2,0.0,19,MEDIUM
Bike,29.3,206.1,RoadBlock,0.782,32.8,0.0,15,MEDIUM
Car,70.8,186.0,None,0.54,54.6,2799.4,6,LOW
Auto,98.6,121.1,None,0.895,55.5,1844.7,23,MEDIUM
Bus,0.6,34.3,None,0.952,34.9,2621.1,9,LOW
Truck,16.0,177.9,None,0.78,11.8,1973.8,13,LOW
Truck,69.5,39.6,Flood,0.894,51.5,0.0,23,HIGH
Container,90.7,272.6,Hospital,0.832,73.2,193.0,7,HIGH
Container,49.9,227.0,Accident,0.72,95.6,73.9,10,MEDIUM
Bike,107.8,194.7,Hospital,0.887,12.0,89.6,22,HIGH
Car,108.7,240.6,None,0.756,90.5,625.7,3,MEDIUM
Bike,50.5,211.1,None,0.897,81.3,1631.4,6,LOW
Car,44.2,10.6,School,0.855,11.3,0.0,4,HIGH
Lorry,54.2,280.8,RoadBlock,0.412,88.6,0.0,15,MEDIUM
Bus,107.6,356.6,None,0.471,14.5,1477.8,9,MEDIUM
Truck,6.3,257.9,RoadBlock,0.842,72.6,0.0,13,MEDIUM
Bike,85.5,264.8,RoadBlock,0.799,94.7,56.9,5,MEDIUM
Tanker,102.0,346.0,None,0.855,72.5,2908.1,20,MEDIUM
Container,86.2,80.5,None,0.849,33.2,2675.5,16,MEDIUM
Bus,35.9,203.4,None,0.821,90.6,1040.9,7,LOW
Police,41.7,281.1,None,0.8,46.7,2482.4,20,LOW
Container,56.0,99.7,None,0.888,15.7,2676.5,9,LOW
Truck,102.4,210.7,None,0.752,16.0,509.8,13,MEDIUM
Container,34.0,15.6,Bridge,0.844,99.5,47.9,13,LOW
Police,26.3,246.6,None,0.646,27.7,1056.0,21,LOW
Ambulance,67.0,131.8,Flood,0.597,51.0,0.0,15,MEDIUM
Lorry,75.5,85.7,School,0.764,69.8,0.0,8,HIGH
Ambulance,17.3,191.4,Hairpin,0.963,27.3,164.6,10,MEDIUM
Container,35.9,159.4,None,0.691,37.5,1824.8,12,LOW
Ambulance,36.6,260.5,None,0.704,45.1,1596.4,8,LOW
Tanker,55.7,270.9,None,0.915,44.1,2265.9,23,LOW
Car,97.2,275.3,None,0.726,48.8,294.9,14,MEDIUM
Auto,50.7,16.7,Accident,0.991,84.0,84.7,6,MEDIUM
Truck,99.0,28.7,None,0.816,37.5,2453.0,4,MEDIUM
Car,91.5,118.4,School,0.706,24.3,0.0,2,HIGH
Container,90.7,349.0,None,0.894,68.0,616.4,17,MEDIUM
Car,87.0,107.4,RoadBlock,0.953,43.4,0.0,17,MEDIUM
Bus,87.2,158.9,None,0.625,71.5,1895.4,22,MEDIUM
Bus,68.0,245.2,None,0.92,40.8,462.6,10,LOW
Bike,66.0,135.0,Bridge,0.601,28.9,0.0,1,MEDIUM
Bike,66.7,235.8,Construction,0.851,20.6,13.2,12,MEDIUM
Car,34.2,49.0,Accident,0.946,25.9,0.0,9,MEDIUM
Lorry,60.9,81.6,Hairpin,0.612,41.3,0.0,23,HIGH
Ambulance,26.8,35.8,None,0.864,80.3,213.9,4,LOW
Tanker,33.9,205.8,Hospital,0.94,97.7,0.0,2,MEDIUM
Ambulance,4.3,13.1,School,0.486,91.7,0.0,23,HIGH
Auto,86.7,170.6,Flood,0.682,26.7,0.0,23,HIGH
Ambulance,50.2,222.7,RoadBlock,0.995,53.9,45.8,9,MEDIUM
Ambulance,4.5,242.6,School,0.819,69.2,0.0,8,MEDIUM
Truck,90.2,110.7,None,0.693,41.3,2238.7,20,MEDIUM
Ambulance,72.1,69.7,None,0.763,37.8,701.4,13,LOW
Ambulance,45.0,70.2,None,0.989,67.2,2088.0,15,LOW
Bike,51.4,20.0,Bridge,0.761,50.5,0.0,0,MEDIUM
Ambulance,8.5,163.7,None,0.857,29.6,631.4,17,LOW
Police,85.0,91.6,Bridge,0.974,65.7,81.8,0,MEDIUM
Lorry,58.8,342.5,None,0.753,68.9,324.7,11,LOW
Truck,6.4,174.2,None,0.917,43.8,1219.0,10,LOW
Truck,21.4,183.9,Construction,0.788,55.8,12.6,5,MEDIUM
Police,16.9,340.2,Bridge,0.778,76.5,0.0,4,LOW
Police,71.6,262.9,Bridge,0.909,94.8,0.0,15,LOW
Tanker,106.4,31.9,None,0.797,25.8,850.6,4,MEDIUM
Auto,82.4,58.9,None,0.895,19.2,2278.4,0,MEDIUM
Lorry,34.3,257.5,None,0.976,79.2,2309.8,17,LOW
Lorry,56.7,333.3,None,0.905,14.2,1862.6,14,LOW
Bike,41.2,268.3,Hospital,0.646,77.4,0.0,13,MEDIUM
Ambulance,51.1,346.7,Flood,0.889,95.5,0.0,5,MEDIUM
Truck,33.4,229.2,Accident,0.693,48.7,0.0,14,HIGH
Truck,59.4,355.1,Hairpin,0.871,20.3,0.0,15,HIGH
Bike,62.8,212.8,None,0.682,50.7,753.3,4,MEDIUM
Bike,17.8,143.6,None,0.602,78.5,1063.2,12,LOW
Truck,63.6,35.2,None,0.749,80.1,158.2,9,LOW
Tanker,59.8,31.2,None,0.821,57.0,1605.0,19,LOW
Auto,42.5,168.3,Accident,0.852,87.7,0.0,9,MEDIUM
Lorry,38.2,229.6,None,0.801,14.4,2120.3,16,LOW
Police,92.5,232.9,None,0.861,96.6,1353.7,6,LOW
Bus,73.2,190.7,Accident,0.745,52.5,122.7,22,HIGH
Car,11.7,201.2,None,0.937,75.3,823.7,13,LOW
Police,97.7,205.8,Hospital,0.674,79.7,0.0,9,HIGH
Lorry,33.3,309.1,Construction,0.747,35.8,6.5,14,MEDIUM
Car,22.0,143.5,None,0.884,78.8,1027.3,19,LOW
Container,104.7,231.8,Bridge,0.548,78.6,0.0,20,MEDIUM
Lorry,78.8,207.5,None,0.909,68.9,345.5,9,LOW
Ambulance,104.5,38.4,None,0.494,91.8,1426.9,11,MEDIUM
Ambulance,108.7,212.8,None,0.88,53.2,529.8,17,LOW
Lorry,47.7,269.2,Hospital,0.771,16.3,117.3,4,MEDIUM
Lorry,66.8,22.3,None,0.978,41.1,1307.6,5,LOW
Truck,87.7,58.2,Flood,0.47,59.6,96.0,18,HIGH
Ambulance,73.4,288.0,None,0.808,57.7,722.5,18,LOW
Auto,10.4,191.0,None,0.531,49.3,941.7,23,LOW
Police,42.1,125.6,RoadBlock,0.722,59.2,0.0,0,MEDIUM
Lorry,16.8,147.6,Hospital,0.831,70.3,49.0,4,MEDIUM
Police,34.7,70.3,School,0.71,31.3,0.0,2,HIGH
Car,69.7,228.5,Flood,0.622,70.3,91.7,14,MEDIUM
Police,104.3,64.4,None,0.631,81.9,556.6,9,LOW
Truck,20.5,351.3,Bridge,0.6,86.0,146.1,12,LOW
Ambulance,91.5,75.9,None,0.799,12.2,1781.3,11,MEDIUM
Bike,92.4,136.4,None,0.804,11.4,2114.5,16,MEDIUM
Auto,25.4,308.1,RoadBlock,0.88,95.2,0.0,20,MEDIUM
Bus,77.6,238.1,None,0.877,91.1,2436.5,17,LOW
Tanker,7.9,89.4,Construction,0.969,36.9,161.5,13,MEDIUM
Bus,58.7,285.0,School,0.743,94.3,0.0,14,MEDIUM
Container,80.4,282.5,None,0.591,75.3,718.3,6,MEDIUM
Lorry,67.7,160.7,None,0.97,52.0,1811.3,11,LOW
Car,5.2,144.4,RoadBlock,0.926,19.0,0.0,11,MEDIUM
Car,87.8,130.8,None,0.957,66.5,1245.8,10,LOW
Container,1.1,241.9,None,0.694,44.8,2131.8,16,LOW
Auto,64.2,29.4,None,0.786,85.9,608.0,1,LOW
Police,99.5,158.3,None,0.813,92.4,769.5,1,MEDIUM
Tanker,28.3,129.8,None,0.909,63.8,120.6,20,LOW
Auto,3.8,52.9,School,0.941,67.3,138.8,15,MEDIUM
Police,24.0,320.5,None,0.84,18.7,2429.9,5,LOW
Bike,95.3,209.6,Construction,0.983,53.9,0.0,11,MEDIUM
Bus,53.2,343.4,Accident,0.601,95.2,0.0,2,HIGH
Truck,23.3,14.3,Hairpin,0.91,12.2,0.0,20,HIGH
Container,48.0,226.4,Construction,0.937,18.8,136.3,8,MEDIUM
Lorry,32.3,285.5,School,0.976,11.0,0.0,21,HIGH
Container,71.1,105.2,Accident,0.803,85.1,96.5,23,HIGH
Bike,64.5,313.7,School,0.973,42.1,196.0,12,MEDIUM
Car,108.2,80.1,Hospital,0.87,65.7,0.0,16,HIGH
Tanker,36.3,305.1,Hospital,0.79,31.7,0.0,14,HIGH
Auto,33.3,16.1,RoadBlock,0.88,91.0,158.1,16,LOW
Car,21.3,263.3,None,0.914,61.3,1527.2,8,LOW
Truck,57.0,315.5,None,0.68,56.8,2856.1,14,LOW
Truck,71.4,99.6,None,0.884,26.0,197.4,2,MEDIUM
Truck,37.2,153.5,Accident,0.905,53.4,38.6,2,MEDIUM
Auto,103.1,3.7,School,0.897,37.3,0.0,0,HIGH
Container,20.4,167.5,None,0.988,74.5,391.3,2,LOW
Lorry,68.7,40.6,None,0.88,60.7,610.5,21,LOW
Lorry,108.9,151.4,Flood,0.855,50.0,0.0,1,HIGH
Tanker,55.0,250.4,Accident,0.923,56.0,0.0,4,HIGH
Ambulance,30.4,153.5,Bridge,0.935,40.7,0.0,8,LOW
Bus,93.4,93.3,None,0.937,80.1,2568.6,8,MEDIUM
Tanker,29.9,213.1,Hospital,0.854,70.1,0.0,11,MEDIUM
Container,89.1,50.1,None,0.783,75.7,2200.1,20,MEDIUM
Bus,69.5,285.9,Hairpin,0.789,44.6,4.5,12,HIGH
Auto,42.1,290.4,RoadBlock,0.824,53.0,81.5,13,LOW
Tanker,102.5,14.8,RoadBlock,0.833,57.8,0.0,22,HIGH
Bike,54.9,45.0,None,0.977,78.1,2103.2,2,LOW
Lorry,67.1,14.7,None,0.721,37.4,1206.4,6,MEDIUM
Car,19.3,259.5,Construction,0.907,92.1,47.4,21,LOW
Police,37.9,100.7,Flood,0.697,71.8,0.0,18,MEDIUM
Auto,107.9,107.3,None,0.972,72.8,2223.6,21,LOW
Car,50.7,243.0,None,0.642,28.0,879.2,22,LOW
Container,48.4,160.2,School,0.978,29.3,0.0,13,HIGH
Container,51.7,254.4,Construction,0.666,94.1,0.0,11,MEDIUM
Police,109.1,223.7,Accident,0.99,90.5,0.0,14,HIGH
Police,65.1,133.7,None,0.985,46.7,1125.5,23,LOW
Lorry,11.3,195.0,None,0.978,14.7,2978.4,23,MEDIUM
Container,55.8,8.7,None,0.86,22.6,2007.4,21,LOW
Car,84.3,205.5,Bridge,0.958,66.3,1.3,3,MEDIUM
Tanker,38.8,308.0,None,0.312,31.9,2464.1,18,MEDIUM
Bike,11.7,175.0,Accident,0.887,76.8,0.0,19,MEDIUM
Bike,32.3,204.5,RoadBlock,0.603,37.0,12.5,4,MEDIUM
Container,40.9,352.3,Hairpin,0.888,27.7,0.0,9,HIGH
Bus,37.1,276.8,None,0.832,68.6,518.7,14,LOW
Police,65.4,47.2,School,0.61,13.1,159.8,4,HIGH
Bus,79.9,29.4,None,0.903,32.9,1514.6,9,LOW
Lorry,26.0,223.6,RoadBlock,0.871,89.1,0.0,2,MEDIUM
Bus,50.8,353.4,None,0.919,55.3,1720.3,0,LOW
Container,26.4,199.9,Construction,0.916,83.9,0.0,17,MEDIUM
Lorry,95.8,61.0,None,0.612,96.3,210.8,21,MEDIUM
Police,102.0,65.0,Bridge,0.922,44.3,0.0,12,MEDIUM
Bus,107.2,217.7,None,0.724,89.7,1225.8,10,MEDIUM
Ambulance,74.7,81.9,None,0.973,14.5,2526.6,17,LOW
Police,7.1,318.6,School,0.751,54.2,0.0,19,MEDIUM
Lorry,31.6,238.0,None,0.603,45.4,2558.1,11,LOW
Car,101.2,192.7,None,0.83,93.1,1948.1,2,MEDIUM
Bus,104.7,33.2,None,0.751,14.6,741.5,6,MEDIUM
Tanker,26.9,121.3,None,0.844,16.0,256.9,2,MEDIUM
Bus,64.5,318.5,None,0.868,28.2,2007.4,4,MEDIUM
Ambulance,48.8,104.4,None,0.727,35.2,1658.9,1,LOW
Ambulance,76.8,226.4,Accident,0.795,50.6,0.0,12,HIGH
Truck,92.2,344.5,None,0.937,24.0,258.8,2,MEDIUM
Truck,44.1,120.9,None,0.464,35.0,2863.2,0,MEDIUM
Bus,9.5,337.1,None,0.967,48.7,2250.9,21,LOW
Police,29.6,201.9,None,0.72,56.4,790.5,13,LOW
Tanker,21.3,342.5,None,0.897,43.1,1119.4,8,LOW
Truck,70.1,345.2,None,0.778,78.0,2593.4,16,LOW
Police,53.5,222.5,None,0.76,28.7,1423.2,17,LOW
Truck,22.9,178.9,Accident,0.694,91.1,0.0,17,MEDIUM
Truck,3.5,227.3,Flood,0.843,10.9,0.0,10,HIGH
Auto,52.2,124.6,None,0.773,94.1,2633.8,6,LOW
Auto,57.5,317.4,None,0.709,53.1,2844.3,13,LOW
Tanker,61.7,239.7,Hairpin,0.882,20.8,0.0,15,HIGH
Car,66.1,308.7,None,0.853,33.8,2792.4,8,LOW
Tanker,73.4,148.7,School,0.949,84.2,146.0,8,MEDIUM
Container,25.2,343.4,None,0.963,46.5,1907.0,0,LOW
Tanker,97.1,355.3,Hairpin,0.45,51.9,157.2,3,HIGH
Car,53.1,138.8,None,0.625,61.4,2738.6,7,LOW
Bike,107.4,81.6,Construction,0.959,41.2,0.0,23,HIGH
Police,87.7,177.6,None,0.989,11.0,1479.1,8,MEDIUM
Police,37.0,242.3,Bridge,0.764,19.7,129.8,16,LOW
Car,83.1,115.4,Hospital,0.527,97.8,0.0,11,HIGH
Auto,85.2,275.8,Construction,0.9,48.3,0.0,16,HIGH
Truck,55.1,228.1,None,0.915,97.5,587.3,20,LOW
Ambulance,45.1,34.1,None,0.621,30.5,2355.7,0,LOW
Tanker,105.9,116.2,Hospital,0.55,82.2,0.0,3,HIGH
Auto,65.8,189.4,None,0.751,13.0,1745.5,9,MEDIUM
Bike,18.8,50.4,Bridge,0.823,68.4,94.6,1,LOW
Police,106.0,126.5,RoadBlock,0.65,39.6,0.0,8,HIGH
Bus,30.7,2.2,None,0.461,46.7,208.4,16,MEDIUM
Auto,26.1,279.7,None,0.944,28.8,1069.1,5,LOW
Tanker,73.1,201.4,School,0.815,24.3,0.0,6,HIGH
Ambulance,95.8,164.4,Flood,0.89,92.8,0.0,8,MEDIUM
Container,20.5,45.6,Construction,0.852,30.1,0.0,7,MEDIUM
Container,52.1,203.0,Bridge,0.791,77.1,0.0,19,LOW
Auto,103.3,174.6,None,0.662,94.2,1324.6,18,LOW
Auto,88.9,136.5,None,0.962,29.1,764.5,17,MEDIUM
Bike,33.6,243.7,School,0.572,16.2,0.0,10,HIGH
Police,61.0,117.7,Flood,0.567,82.2,0.0,23,MEDIUM
Bike,80.8,353.7,Accident,0.647,81.1,83.5,12,MEDIUM
Car,65.0,20.0,Hospital,0.818,26.7,7.2,15,MEDIUM
Container,95.1,142.3,Hospital,0.996,53.5,0.0,23,HIGH
Container,93.9,70.2,None,0.86,44.3,1995.1,9,MEDIUM
Police,46.1,341.5,None,0.475,72.6,2150.9,0,LOW
Auto,39.5,78.9,Accident,0.559,47.3,163.6,11,MEDIUM
Ambulance,42.6,216.5,School,0.633,91.2,0.0,17,MEDIUM
Lorry,103.9,321.4,None,0.63,12.3,1481.8,17,MEDIUM
Auto,48.6,271.7,Construction,0.853,63.9,0.0,12,MEDIUM
Truck,37.1,134.4,None,0.672,99.4,2293.7,5,LOW
Ambulance,75.1,145.5,None,0.834,26.1,1323.3,11,LOW
Ambulance,46.5,272.8,None,0.783,80.8,529.2,10,LOW
Truck,57.8,307.9,None,0.52,87.4,1002.4,16,LOW
Ambulance,0.2,84.1,Bridge,0.777,94.1,0.0,15,LOW
Tanker,50.6,155.9,None,0.945,48.6,314.6,5,LOW
Bus,58.2,232.4,None,0.738,47.9,2889.6,9,LOW
Container,30.2,207.4,None,0.996,73.2,683.5,20,LOW
Truck,20.4,344.0,None,0.546,31.7,699.5,18,MEDIUM
Ambulance,43.7,308.7,None,0.761,66.7,719.2,6,LOW
Auto,66.6,137.5,Bridge,0.532,67.3,0.0,19,MEDIUM
Truck,57.1,228.2,None,0.752,29.0,854.6,0,MEDIUM
Lorry,101.2,272.6,Accident,0.951,90.3,23.0,20,HIGH
Truck,87.7,160.3,None,0.707,16.7,1023.9,0,MEDIUM
Ambulance,35.1,118.4,RoadBlock,0.943,76.2,0.0,14,MEDIUM
Lorry,71.9,75.6,Accident,0.724,99.8,0.0,22,HIGH
Container,90.3,42.7,Flood,0.716,38.4,0.0,2,HIGH
Lorry,44.8,327.3,None,0.823,50.4,534.1,14,LOW
Auto,92.1,100.4,None,0.893,33.4,2208.8,7,MEDIUM
Police,85.1,330.5,Construction,0.627,37.9,96.2,10,MEDIUM
Bus,2.1,106.8,Bridge,0.643,59.2,0.0,23,MEDIUM
Car,42.3,69.3,Hairpin,0.851,73.4,39.6,21,MEDIUM
Bike,56.1,159.4,None,0.873,91.3,186.0,12,LOW
Ambulance,15.4,30.4,None,0.518,91.3,2825.6,22,LOW
Auto,18.0,306.2,School,0.503,89.4,0.0,15,MEDIUM
Car,96.3,357.0,None,0.918,36.7,2930.1,12,MEDIUM
Car,77.3,62.3,None,0.92,12.8,2090.3,12,LOW
Bike,53.6,284.0,None,0.773,39.5,1329.2,13,LOW
Truck,72.1,98.1,Flood,0.902,96.8,0.0,18,MEDIUM
Truck,30.3,69.4,Accident,0.572,75.3,0.0,13,HIGH
Bus,88.3,191.2,Bridge,0.999,47.6,0.0,6,MEDIUM
Container,38.5,32.8,Hospital,0.867,28.5,0.0,22,HIGH
Lorry,34.3,282.7,None,0.713,21.2,2411.8,10,LOW
Police,54.5,226.6,None,0.996,68.7,536.0,14,LOW
Auto,67.9,306.0,None,0.913,18.7,2416.8,19,LOW
Bus,107.0,65.1,Flood,0.706,81.3,12.9,9,MEDIUM
Container,97.2,242.0,None,0.841,42.4,1387.1,22,MEDIUM
Bus,90.9,121.7,None,0.923,29.6,1946.4,15,MEDIUM
Tanker,96.9,12.5,Flood,0.613,72.6,51.6,22,HIGH
Auto,2.4,340.3,None,0.956,87.9,1543.5,12,LOW
Lorry,40.3,237.8,School,0.949,28.1,0.0,18,MEDIUM
Auto,88.6,178.6,School,0.899,99.5,0.0,11,HIGH
Bike,65.2,318.0,None,0.838,86.6,1242.9,15,LOW
Bus,78.1,53.0,None,0.616,72.7,134.5,20,LOW
Bike,70.1,194.4,None,0.952,52.4,2060.8,16,LOW
Police,102.2,50.7,Accident,0.823,73.6,65.1,15,MEDIUM
Ambulance,92.9,192.0,School,0.905,97.5,60.4,2,MEDIUM
Tanker,27.4,174.4,RoadBlock,0.888,58.1,0.0,4,MEDIUM
Truck,100.6,305.6,RoadBlock,0.872,62.2,0.0,15,HIGH
Car,25.5,174.3,Bridge,0.666,57.7,122.2,6,LOW
Car,67.0,260.8,None,0.772,36.6,1007.9,20,LOW
Container,13.7,150.3,Hospital,0.896,44.8,0.0,17,HIGH
Bike,4.3,52.3,Hospital,0.953,67.7,0.0,14,MEDIUM
Lorry,90.6,279.5,Bridge,0.711,27.1,0.0,23,HIGH
Lorry,109.0,319.9,Bridge,0.569,47.8,182.0,22,MEDIUM
Car,25.8,35.0,None,0.741,59.3,2975.8,17,LOW
Lorry,24.3,134.9,Hospital,0.958,32.1,0.0,16,MEDIUM
Lorry,59.3,61.5,Bridge,0.609,91.3,0.0,18,MEDIUM
Police,50.2,268.1,None,0.918,33.5,1095.1,3,LOW
Car,56.6,306.9,None,0.986,93.7,290.9,20,LOW
Police,81.5,135.7,Construction,0.518,36.9,0.0,2,HIGH
Truck,109.8,185.8,RoadBlock,0.715,44.8,39.2,15,HIGH
Car,106.0,344.4,None,0.952,85.9,1130.8,3,MEDIUM
Police,46.1,298.7,RoadBlock,0.92,77.9,151.7,20,LOW
Police,6.7,73.0,School,0.631,11.3,0.0,13,HIGH
Police,0.0,22.6,Accident,0.925,71.1,0.0,16,MEDIUM
Tanker,56.4,327.2,None,0.732,12.4,362.7,8,MEDIUM
Lorry,17.2,48.9,None,0.659,18.1,1443.5,8,MEDIUM
Bike,90.4,69.7,None,0.961,22.2,827.4,20,MEDIUM
Bus,75.1,138.5,None,0.273,56.9,168.4,0,MEDIUM
Bike,47.5,205.6,None,0.969,41.3,2939.0,15,LOW
Truck,38.9,165.3,None,0.71,81.5,2859.7,21,LOW
Police,25.4,221.5,None,0.82,49.5,2934.4,20,LOW
Bus,41.8,265.5,RoadBlock,0.787,11.9,0.0,7,MEDIUM
Bike,98.1,259.4,None,0.882,80.2,1623.7,10,LOW
Police,105.2,172.7,Construction,0.75,30.7,66.0,9,MEDIUM
Lorry,93.8,178.8,Flood,0.96,35.3,0.0,5,HIGH
Ambulance,78.3,296.8,Accident,0.606,15.2,0.0,19,HIGH
Container,49.3,75.9,None,0.965,47.1,590.0,20,LOW
Ambulance,8.1,84.8,None,0.76,44.8,2467.0,7,LOW
Police,24.5,42.8,None,0.705,15.1,1341.8,11,LOW
Container,26.2,272.5,None,0.952,19.4,1035.0,23,LOW
Tanker,59.2,349.6,None,0.904,27.3,2310.6,18,LOW
Ambulance,6.7,358.1,School,0.695,39.6,0.0,1,HIGH
Container,101.8,104.5,Flood,0.841,27.1,0.0,8,HIGH
Lorry,44.7,280.7,RoadBlock,0.655,67.0,120.4,22,MEDIUM
Container,81.4,20.4,School,0.588,85.5,0.0,13,HIGH
Container,70.7,285.1,RoadBlock,0.789,65.7,0.0,19,MEDIUM
Tanker,101.3,89.3,Construction,0.987,67.1,0.0,7,MEDIUM
Police,67.1,295.2,None,0.958,39.1,139.3,1,MEDIUM
Ambulance,87.7,117.7,None,0.934,79.5,1238.5,7,LOW
Auto,72.9,258.7,None,0.85,68.3,270.8,1,LOW
Container,90.0,203.2,None,0.987,20.1,1291.0,17,MEDIUM
Tanker,89.9,249.6,Construction,0.884,30.2,0.0,4,HIGH
Truck,107.4,80.4,None,0.359,40.7,2015.1,23,MEDIUM
Bus,60.4,100.0,Flood,0.991,16.2,19.8,9,MEDIUM
Bike,37.6,42.4,Hospital,0.727,77.8,0.0,7,MEDIUM
Bike,102.9,140.8,None,0.778,39.9,1777.9,17,MEDIUM
Tanker,26.4,286.3,School,0.601,60.6,0.0,2,HIGH
Container,63.2,29.4,None,0.468,12.1,828.8,14,MEDIUM
Lorry,13.4,12.7,Accident,0.978,98.6,0.0,14,MEDIUM
Container,93.3,358.1,None,0.509,25.4,1412.3,6,MEDIUM
Tanker,35.1,101.7,None,0.645,29.7,766.7,19,MEDIUM
Car,57.2,146.9,Flood,0.844,86.6,0.0,20,MEDIUM
Ambulance,66.0,307.3,None,0.895,33.3,623.3,1,MEDIUM
Car,21.6,325.9,None,0.654,95.3,593.7,0,LOW
Car,13.2,12.0,None,0.931,78.2,1237.1,17,LOW
Auto,36.4,296.8,None,0.715,17.1,1045.0,20,LOW
Truck,49.3,67.2,Hospital,0.966,98.1,15.7,3,MEDIUM
Bike,23.8,271.6,Hospital,0.531,48.6,36.3,14,MEDIUM
Lorry,106.1,38.6,Hospital,0.95,40.5,103.1,13,HIGH
Police,70.2,194.9,None,0.87,58.7,2675.2,23,LOW
Container,69.6,259.4,Hospital,0.793,100.0,0.0,20,HIGH
Police,43.5,37.7,None,0.859,34.6,843.7,0,LOW
Tanker,27.6,221.2,School,0.604,20.5,97.8,12,MEDIUM
Lorry,44.9,35.2,None,0.717,64.0,2132.5,13,LOW
Lorry,99.9,32.9,None,0.971,67.4,661.4,17,MEDIUM
Lorry,13.1,339.6,None,0.789,75.7,1913.3,22,LOW
Bus,9.7,121.6,RoadBlock,0.964,97.8,0.0,6,MEDIUM
Truck,28.4,79.9,School,0.981,43.2,179.8,19,MEDIUM
Car,82.5,81.8,Flood,0.851,97.4,138.4,11,MEDIUM
Container,11.3,87.8,None,0.555,51.2,2134.6,7,LOW
Lorry,57.7,137.2,None,0.935,44.3,470.4,5,LOW
Tanker,89.8,338.1,Bridge,0.961,85.3,0.0,11,MEDIUM
Police,58.3,77.0,Construction,0.985,35.5,0.0,0,MEDIUM
Lorry,15.6,264.2,None,0.847,12.5,2000.6,1,MEDIUM
Ambulance,66.3,9.8,RoadBlock,0.957,23.6,0.0,12,MEDIUM
Truck,4.8,168.5,Hospital,0.798,44.3,0.0,16,HIGH
Bike,25.3,114.8,Construction,0.771,56.3,0.0,6,MEDIUM
Police,102.1,276.2,None,0.812,12.1,274.3,23,MEDIUM
Ambulance,74.6,133.6,RoadBlock,0.779,27.3,0.0,2,HIGH
Container,68.7,313.3,None,0.922,55.1,2131.4,8,LOW
Police,3.4,319.8,School,0.634,92.3,0.0,12,MEDIUM
Ambulance,83.9,163.8,Construction,0.704,87.9,0.0,11,HIGH
Truck,76.4,294.5,None,0.816,10.8,739.8,20,MEDIUM
Truck,54.1,150.8,None,0.718,96.8,2238.3,15,LOW
Tanker,91.2,37.7,None,0.705,75.4,213.6,1,MEDIUM
Lorry,58.4,202.9,Accident,0.939,78.4,115.7,0,MEDIUM
Bus,91.7,78.3,Flood,0.817,12.3,2.9,15,HIGH
Car,32.0,51.4,RoadBlock,0.777,69.3,2.1,21,MEDIUM
Auto,39.5,184.2,None,0.884,84.2,898.6,5,LOW
Bus,80.4,241.3,Flood,0.768,25.2,141.3,21,MEDIUM
Truck,81.6,318.4,Accident,0.549,52.8,0.0,15,HIGH
Ambulance,71.0,178.4,None,0.92,44.3,377.7,8,LOW
Car,62.5,100.6,School,0.694,51.9,0.0,0,HIGH
Car,63.6,13.4,Flood,0.92,69.3,0.0,1,MEDIUM
Auto,2.1,150.2,Accident,0.939,65.5,0.0,3,MEDIUM
Lorry,56.9,169.7,Hospital,0.95,47.9,0.0,2,HIGH
Police,100.9,339.8,None,0.912,50.8,2160.8,13,MEDIUM
Bike,66.2,348.5,None,0.527,44.2,2104.8,4,MEDIUM
Car,72.5,5.0,None,0.932,50.6,2951.6,15,LOW
Tanker,32.2,33.1,Flood,0.999,70.5,0.0,21,MEDIUM
Auto,69.5,279.7,Construction,0.55,88.4,0.0,15,MEDIUM
Auto,37.8,32.9,RoadBlock,0.949,39.8,0.0,7,MEDIUM
Bus,103.2,234.1,Bridge,0.968,41.5,85.2,2,MEDIUM
Ambulance,65.9,188.3,None,0.73,24.2,995.6,19,LOW
Lorry,77.3,233.6,None,0.944,51.3,417.1,5,LOW
Tanker,109.3,59.4,None,0.811,88.7,2876.9,22,MEDIUM
Auto,19.0,172.1,None,0.921,81.8,208.1,4,LOW
Container,88.7,9.6,Flood,0.76,35.2,102.7,23,HIGH
Car,100.7,17.8,None,0.987,24.6,1357.9,20,LOW
Lorry,84.9,280.3,Accident,0.881,76.1,0.0,4,HIGH
Lorry,92.2,325.0,Accident,0.846,47.5,0.0,10,HIGH
Police,23.1,128.1,None,0.707,78.9,1818.2,11,LOW
Auto,26.3,0.1,None,0.808,62.7,2481.0,14,LOW
Police,42.9,71.1,None,0.866,67.9,1846.9,17,LOW
Tanker,71.5,226.7,None,0.891,67.1,2029.6,10,MEDIUM
Bus,26.3,214.7,None,0.63,48.4,1926.5,10,LOW
Police,3.9,27.9,None,0.868,32.2,1349.7,21,LOW
Container,36.5,210.2,None,0.716,68.2,1715.8,2,MEDIUM
Ambulance,86.4,197.8,School,0.767,27.1,55.1,4,HIGH
Police,32.5,182.4,Construction,0.974,73.6,0.0,17,MEDIUM
Bus,2.5,203.2,None,0.773,83.3,1475.3,9,LOW
Bike,94.6,59.9,Hospital,0.756,24.0,125.0,5,HIGH
Bike,8.5,16.1,RoadBlock,0.974,83.0,0.0,21,MEDIUM
Car,76.8,162.5,RoadBlock,0.852,46.5,66.5,23,MEDIUM
Auto,23.5,335.1,Flood,0.928,28.8,118.7,16,MEDIUM
Bike,77.0,234.8,None,0.58,35.9,241.1,17,LOW
Bike,71.6,36.2,Accident,0.854,87.6,0.0,5,MEDIUM
Bus,3.4,308.0,Bridge,0.983,88.0,51.2,4,LOW
Auto,11.1,310.4,None,0.808,21.9,2716.5,6,LOW
Ambulance,82.5,331.8,None,0.932,64.7,2786.7,12,LOW
Ambulance,42.2,252.4,None,0.464,40.1,178.7,14,LOW
Tanker,106.9,292.0,School,0.517,54.0,0.0,8,HIGH
Tanker,23.8,107.8,RoadBlock,0.916,70.4,145.3,19,MEDIUM
Truck,83.0,13.2,Hairpin,0.748,14.7,0.0,4,HIGH
Bus,8.2,268.7,Bridge,0.895,46.6,0.0,5,MEDIUM
Ambulance,78.5,132.6,RoadBlock,0.915,54.1,0.0,11,MEDIUM
Tanker,61.7,288.5,Flood,0.335,44.7,0.0,3,HIGH
Auto,3.2,156.9,Flood,0.828,31.7,0.0,14,MEDIUM
Tanker,13.6,92.5,None,0.548,77.5,449.7,0,MEDIUM
Bike,56.8,159.5,None,0.89,34.7,763.0,16,LOW
Auto,97.6,232.4,None,0.617,59.9,2821.0,7,MEDIUM
Tanker,107.5,357.3,Construction,0.869,91.8,180.9,23,MEDIUM
Bus,91.4,146.0,Hospital,0.72,53.0,113.5,10,HIGH
Car,66.4,335.9,None,0.718,33.7,708.6,8,LOW
Police,101.9,249.0,None,0.952,50.9,1420.6,18,LOW
Police,59.2,227.9,None,0.798,66.4,302.5,7,LOW
Truck,14.7,208.1,None,0.94,97.5,528.1,7,LOW
Police,43.4,238.7,None,0.91,79.6,1618.7,13,LOW
Truck,48.7,193.7,None,0.826,95.5,924.7,23,LOW
Tanker,8.9,296.6,None,0.934,16.6,1666.0,13,LOW
Tanker,30.5,328.5,None,0.889,95.2,683.8,2,LOW
Police,63.6,139.5,Bridge,0.895,46.6,12.6,15,LOW
Ambulance,77.6,180.6,None,0.613,63.2,2213.1,3,MEDIUM
Police,7.8,8.1,None,0.915,69.1,1063.3,19,LOW
Ambulance,56.7,346.6,Hairpin,0.511,13.9,3.7,3,HIGH
Truck,35.7,26.5,Construction,0.896,39.1,0.0,7,MEDIUM
Auto,103.4,142.1,None,0.871,12.9,2100.4,12,MEDIUM
Car,8.8,84.9,None,0.738,46.5,445.3,20,LOW
Police,82.3,216.0,Hairpin,0.75,38.1,0.0,20,HIGH
Ambulance,23.6,245.0,School,0.781,92.9,0.0,18,MEDIUM
Container,85.5,142.0,Construction,0.897,17.4,0.0,13,HIGH
Police,96.5,28.6,None,0.95,73.5,2129.9,11,LOW
Container,94.0,31.4,None,0.842,96.5,2820.4,7,LOW
Car,99.3,326.6,None,0.768,21.9,489.3,14,MEDIUM
Tanker,2.6,41.9,Accident,0.98,54.0,0.0,17,MEDIUM
Bike,97.3,121.6,None,0.896,24.1,2934.0,23,MEDIUM
Container,7.7,191.7,Accident,0.556,53.7,0.0,2,HIGH
Auto,61.6,67.5,Bridge,0.757,40.3,0.0,9,MEDIUM
Truck,28.1,191.4,None,0.62,24.8,2276.2,10,MEDIUM
Bus,74.0,4.3,None,0.973,14.0,562.3,6,MEDIUM
Police,105.3,261.2,None,0.897,35.4,1808.0,10,MEDIUM
Container,15.8,145.2,Accident,0.722,84.8,0.0,10,MEDIUM
Lorry,56.0,85.0,None,0.797,49.7,796.9,16,LOW
Bike,47.4,313.3,None,0.845,11.7,2834.6,17,LOW
Ambulance,36.2,145.1,Hospital,0.469,54.9,0.0,2,HIGH
Auto,61.5,91.6,None,0.795,64.9,1617.9,8,LOW
Container,86.2,10.4,None,0.575,58.7,1030.8,12,MEDIUM
Ambulance,58.0,198.3,Construction,0.931,18.2,60.2,9,MEDIUM
Truck,71.5,49.1,None,0.787,79.7,1969.8,7,LOW
Car,95.8,254.6,Bridge,0.864,46.8,180.6,4,MEDIUM
Tanker,32.5,3.3,School,0.852,68.6,0.0,7,MEDIUM
Lorry,86.8,181.0,Bridge,0.546,18.5,0.0,14,HIGH
Lorry,78.7,236.1,Flood,0.849,43.0,0.0,9,MEDIUM
Car,107.6,73.8,None,0.495,83.0,422.4,14,MEDIUM
Bike,4.5,119.9,RoadBlock,0.844,82.0,0.0,5,MEDIUM
Auto,67.2,185.3,None,0.747,83.8,1294.2,20,LOW
Ambulance,38.3,352.3,None,0.908,40.5,2777.0,22,LOW
Container,5.4,159.8,None,0.991,68.0,489.8,13,LOW
Lorry,104.9,212.9,None,0.389,64.4,2868.2,17,MEDIUM
Bus,39.6,317.1,None,0.968,74.8,1490.8,22,LOW
Bike,57.5,10.8,Flood,0.956,73.9,0.0,16,MEDIUM
Bike,25.9,276.5,None,0.918,72.2,205.5,3,LOW
Auto,24.6,221.3,Bridge,0.635,66.0,84.6,11,LOW
Bike,96.4,187.9,Bridge,0.951,38.7,0.0,8,MEDIUM
Car,2.1,317.7,None,0.696,72.3,2475.0,19,LOW
Auto,81.5,329.4,None,0.932,58.1,314.4,2,MEDIUM
Bus,92.6,345.0,School,0.821,73.0,182.4,14,HIGH
Car,10.3,198.6,None,0.563,85.4,1412.2,15,LOW
Bus,82.3,108.3,Hospital,0.886,35.5,130.8,11,HIGH
Tanker,71.3,26.4,None,0.992,74.2,126.9,23,LOW
Auto,30.4,51.1,None,0.999,31.7,2513.2,13,LOW
Bus,94.8,133.9,None,0.955,33.2,1223.3,6,MEDIUM
Tanker,5.7,171.8,None,0.574,73.8,268.5,10,LOW
Bike,6.6,133.0,None,0.546,21.9,788.0,4,MEDIUM
Auto,70.7,18.6,None,0.889,84.3,2176.0,0,LOW
Car,71.0,329.0,None,0.918,23.5,1576.7,18,LOW
Truck,102.1,140.7,Hospital,0.902,83.7,118.0,13,MEDIUM
Lorry,35.5,111.5,Bridge,0.818,97.5,164.0,5,LOW
Car,18.8,258.5,None,0.739,12.7,1975.1,23,LOW
Truck,69.8,51.7,Construction,0.885,46.3,0.0,18,HIGH
Ambulance,89.0,24.5,None,0.938,83.9,572.6,12,LOW
Bus,85.8,242.3,None,0.997,91.6,1751.9,5,LOW
Container,96.8,295.8,Accident,0.95,87.6,106.1,13,MEDIUM
Police,11.5,48.7,Hospital,0.436,41.1,0.0,8,HIGH
Lorry,84.8,249.7,None,0.809,49.1,2499.8,20,MEDIUM
Container,55.4,138.0,None,0.748,68.4,1332.7,3,LOW
Car,89.3,329.9,Hairpin,0.707,63.4,179.9,1,HIGH
Truck,21.8,35.3,Accident,0.821,85.0,0.0,16,MEDIUM
Container,9.6,273.6,None,0.923,38.9,590.9,9,LOW
Auto,32.3,7.1,None,0.61,47.5,2218.2,2,LOW
Lorry,31.7,19.9,None,0.698,24.1,2574.2,5,LOW
Container,69.0,289.9,Construction,0.92,18.4,49.4,4,HIGH
Auto,50.5,325.5,Accident,0.61,82.1,0.0,22,HIGH
Bus,39.0,253.4,Flood,0.657,67.7,0.0,0,HIGH
Bike,74.2,277.8,Construction,0.751,61.7,0.0,9,MEDIUM
Bus,18.2,294.5,Accident,0.964,39.4,0.0,15,MEDIUM
Bus,53.4,333.6,None,0.898,49.5,2999.1,14,LOW
Bike,56.5,60.0,None,0.642,80.8,892.2,14,LOW
Bike,32.7,24.9,Hospital,0.851,77.6,0.0,7,MEDIUM
Lorry,37.4,103.5,None,0.928,89.5,1419.0,6,LOW
Car,82.1,52.4,None,0.845,98.9,2400.8,1,MEDIUM
Police,41.8,206.7,Construction,0.85,70.2,149.4,2,MEDIUM
Container,14.6,72.0,None,0.832,29.4,1308.4,17,LOW
Tanker,41.6,334.0,None,0.991,87.2,981.7,4,LOW
Lorry,89.2,327.2,None,0.862,64.1,2146.2,20,MEDIUM
Ambulance,43.4,14.1,None,0.796,12.5,1083.9,2,LOW
Police,57.5,185.7,Construction,0.943,34.4,0.0,17,MEDIUM
Ambulance,22.8,227.2,None,0.831,26.5,1796.6,15,LOW
Tanker,44.9,234.9,Hairpin,0.75,93.0,43.6,1,MEDIUM
Truck,91.0,325.1,None,0.884,44.3,2396.3,18,MEDIUM
Auto,33.5,63.3,Accident,0.784,83.3,63.0,10,MEDIUM
Bike,63.3,74.8,School,0.924,35.5,0.0,9,MEDIUM
Container,12.1,267.8,Hairpin,0.979,52.7,81.3,13,MEDIUM
Bike,104.2,114.9,Accident,0.953,93.2,176.5,11,MEDIUM
Car,31.7,163.4,RoadBlock,0.837,91.0,0.0,14,MEDIUM
Lorry,52.9,324.7,None,0.664,92.1,2996.9,2,LOW
Police,85.1,173.9,RoadBlock,0.986,95.0,5.6,20,MEDIUM
Car,78.3,147.1,None,0.739,27.0,584.3,6,MEDIUM
Truck,80.1,86.0,None,0.729,39.8,1848.8,0,MEDIUM
Container,90.7,33.8,Accident,0.531,30.4,0.0,7,HIGH
Ambulance,4.7,35.4,Hairpin,0.89,85.8,0.0,4,MEDIUM
Auto,54.9,273.0,None,0.779,99.0,764.2,13,LOW
Tanker,69.9,102.1,RoadBlock,0.624,90.6,168.2,23,MEDIUM
Ambulance,74.7,24.2,School,0.907,59.0,0.0,13,MEDIUM
Lorry,24.4,206.7,None,0.831,76.1,398.0,8,LOW
Ambulance,68.3,156.7,Hairpin,0.822,39.4,136.5,14,MEDIUM
Lorry,104.2,202.8,Hospital,0.847,69.9,85.8,3,HIGH
Police,93.0,256.2,Hospital,0.989,82.7,0.0,17,MEDIUM
Tanker,56.1,120.7,None,0.997,26.4,1879.5,9,LOW
Tanker,26.0,37.9,None,0.973,21.6,2754.4,3,MEDIUM
Ambulance,64.6,9.9,RoadBlock,0.77,21.9,0.0,17,HIGH
Lorry,79.8,85.1,Flood,0.963,34.9,166.9,1,MEDIUM
Truck,16.3,221.4,Construction,0.891,98.7,0.0,1,MEDIUM
Bus,73.7,302.1,Hospital,0.886,90.9,180.7,2,MEDIUM
Auto,14.1,73.4,None,0.942,63.3,379.0,14,LOW
Police,52.5,356.2,Hairpin,0.945,61.6,115.9,16,MEDIUM
Lorry,93.7,139.9,RoadBlock,0.823,83.5,53.9,10,MEDIUM
Car,1.2,55.6,Flood,0.843,56.7,0.0,8,MEDIUM
Container,47.3,214.7,None,0.916,64.4,1806.8,6,LOW
Car,69.4,57.0,None,0.887,39.7,2379.4,12,LOW
Tanker,10.3,350.0,Hospital,0.907,16.7,0.0,5,HIGH
Container,36.9,356.5,None,0.55,99.0,1412.9,0,LOW
Truck,13.8,77.1,Bridge,0.991,25.0,66.0,16,LOW
Bus,7.7,319.4,Flood,0.947,36.2,139.6,10,MEDIUM
Truck,92.9,102.8,None,0.972,18.5,1898.4,16,MEDIUM
Auto,56.5,40.9,Accident,0.425,54.3,19.2,10,MEDIUM
Bus,105.3,238.9,Construction,0.992,75.1,110.9,7,MEDIUM
Car,26.5,91.1,Hairpin,0.826,84.8,0.0,18,MEDIUM
Lorry,25.7,298.9,Hairpin,0.676,80.6,4.6,17,MEDIUM
Police,65.5,211.2,None,0.956,56.5,820.5,9,LOW
Ambulance,66.7,264.6,None,0.794,66.1,2844.7,23,LOW
Police,11.4,122.8,None,0.866,26.8,468.6,11,LOW
Police,64.7,181.8,None,0.535,64.9,1327.1,4,MEDIUM
Container,101.2,230.4,Bridge,0.843,39.4,0.0,9,MEDIUM
Bus,71.9,191.2,None,0.919,27.3,558.6,8,MEDIUM
Container,104.9,216.1,School,0.851,63.9,0.0,9,HIGH
Police,52.5,22.2,None,0.761,39.9,1124.1,22,LOW
Lorry,34.0,351.4,None,0.743,42.0,1391.0,4,MEDIUM
Container,105.5,218.5,RoadBlock,0.966,30.5,0.0,13,HIGH
Police,0.5,316.2,None,0.848,99.4,520.6,14,LOW
Police,11.0,157.4,None,0.551,38.3,2754.5,10,LOW
Ambulance,4.6,84.2,Flood,0.813,72.4,55.2,16,LOW
Lorry,50.2,106.7,RoadBlock,0.92,42.7,70.2,6,MEDIUM
Auto,51.5,231.4,None,0.562,74.5,577.6,14,LOW
Ambulance,28.3,153.0,None,0.709,51.4,1315.3,20,LOW
Ambulance,66.0,291.5,Flood,0.737,44.5,0.0,3,HIGH
Police,101.4,176.5,None,0.518,27.7,1427.0,19,MEDIUM
Lorry,96.0,30.9,RoadBlock,0.897,46.5,0.0,17,HIGH
Ambulance,0.4,322.5,None,0.974,19.7,1574.7,5,LOW
Car,80.3,250.7,RoadBlock,0.555,68.3,0.0,18,HIGH
Tanker,7.8,23.3,Flood,0.956,52.1,114.2,12,MEDIUM
Lorry,49.8,329.9,Flood,0.98,76.7,0.0,10,MEDIUM
Bus,64.9,55.1,None,0.951,92.6,754.7,10,LOW
Auto,13.2,72.8,Hairpin,0.605,43.4,34.2,3,HIGH
Truck,30.1,85.8,School,0.662,80.0,0.0,1,HIGH
Truck,22.6,41.6,None,0.679,39.4,2292.8,11,LOW
Bus,34.6,351.4,RoadBlock,0.915,53.5,0.0,2,MEDIUM
Container,29.9,339.7,None,0.843,62.8,2358.5,15,LOW
Bus,89.0,295.5,None,0.692,43.0,1718.3,9,MEDIUM
Bike,54.8,216.2,Accident,0.659,98.4,0.0,5,MEDIUM
Bike,45.4,221.3,None,0.939,53.6,611.9,5,LOW
Police,88.3,98.1,None,0.693,30.9,2678.3,22,MEDIUM
Lorry,90.0,206.4,Construction,0.957,37.7,167.9,4,HIGH
Truck,77.2,118.5,Hairpin,0.629,73.0,0.0,12,HIGH
Police,88.8,235.4,Accident,0.928,78.6,0.0,18,HIGH
Container,3.5,194.9,None,0.642,16.9,563.8,18,MEDIUM
Police,92.1,149.8,School,0.626,48.1,0.0,21,HIGH
Container,11.1,228.4,Hospital,0.837,49.0,0.0,2,HIGH
Auto,11.7,48.2,None,0.779,17.3,1911.8,21,LOW
Bus,95.5,301.2,Construction,0.958,57.8,153.2,6,MEDIUM
Container,8.6,211.8,None,0.837,80.7,737.0,22,LOW
Truck,90.8,43.8,None,0.856,81.9,1560.9,19,MEDIUM
Police,34.0,145.6,School,0.756,37.2,197.2,18,MEDIUM
Bus,55.1,185.4,None,0.974,67.9,2020.1,8,LOW
Tanker,17.0,179.4,School,0.579,29.1,0.0,10,HIGH
Car,41.5,194.2,Bridge,0.932,84.6,54.0,9,LOW
Ambulance,2.5,299.2,None,0.695,78.0,2466.8,1,LOW
Police,24.2,261.7,Hospital,0.98,97.5,0.0,17,MEDIUM
Auto,10.3,44.4,School,0.809,53.6,143.7,18,MEDIUM
Ambulance,39.8,126.8,RoadBlock,0.793,29.2,0.0,12,MEDIUM
Tanker,32.1,240.0,None,0.731,55.5,1900.2,10,LOW
Bike,98.3,69.0,None,0.937,20.5,1720.8,13,MEDIUM
Bus,33.1,358.1,None,0.818,54.5,1499.5,23,LOW
Lorry,49.9,285.8,None,0.871,26.3,910.7,9,LOW
Police,36.6,199.9,Hospital,0.897,85.4,123.4,10,MEDIUM
Truck,25.0,313.0,School,0.777,55.1,0.0,3,HIGH
Bus,24.6,200.1,None,0.718,72.6,1981.1,2,LOW
Lorry,73.7,231.6,Hospital,0.869,52.1,0.0,0,HIGH
Container,39.6,280.7,Hospital,0.834,90.3,0.0,18,MEDIUM
Police,106.6,257.7,None,0.818,67.6,1017.1,21,LOW
Truck,49.6,137.3,Hairpin,0.801,69.7,113.3,4,MEDIUM
Truck,101.6,36.5,Accident,0.948,55.3,0.0,22,HIGH
Car,4.9,104.7,None,0.627,67.5,678.1,21,LOW
Car,91.0,242.9,Hospital,0.893,69.5,0.0,10,HIGH
Lorry,36.9,123.4,None,0.86,49.7,1253.8,6,LOW
Police,40.2,101.8,Accident,0.885,79.6,0.0,9,MEDIUM
Auto,103.9,297.0,Hairpin,0.705,64.0,0.0,5,HIGH
Truck,76.3,159.4,Accident,0.428,85.7,0.0,8,HIGH
Bike,1.5,327.4,RoadBlock,0.91,77.4,128.4,3,MEDIUM
Truck,45.8,243.6,RoadBlock,0.593,72.5,0.0,10,MEDIUM
Lorry,60.4,144.0,Accident,0.775,45.3,0.0,20,HIGH
Tanker,39.5,304.6,None,0.993,15.6,1880.0,16,LOW
Lorry,49.3,217.5,None,0.716,54.9,1126.3,8,LOW
Lorry,102.7,19.5,School,0.621,74.7,112.2,21,HIGH
Bus,53.3,152.0,Hospital,0.519,53.2,0.0,2,HIGH
Car,61.5,110.2,None,0.719,51.8,2293.8,2,MEDIUM
Police,64.3,19.3,School,0.954,74.8,141.1,21,MEDIUM
Auto,77.0,328.8,None,0.629,96.1,531.3,22,LOW
Truck,84.0,227.2,None,0.745,16.1,707.6,23,MEDIUM
Police,0.9,278.8,None,0.832,96.6,400.4,23,LOW
Container,13.4,251.9,None,0.581,93.3,683.0,9,LOW
Container,8.9,121.9,RoadBlock,0.977,69.5,0.0,18,MEDIUM
Container,3.1,349.7,None,0.971,58.0,704.0,14,LOW
Container,15.5,272.5,None,0.891,34.9,2630.4,14,LOW
Police,75.7,124.1,None,0.952,68.8,1664.5,4,LOW
Ambulance,66.9,196.1,None,0.967,68.9,1337.1,0,LOW
Container,107.2,38.7,None,0.949,13.6,614.6,20,MEDIUM
Container,32.3,245.3,School,0.814,12.7,0.0,21,HIGH
Bus,88.7,163.9,Accident,0.96,53.9,0.0,3,HIGH
Police,103.1,201.9,Flood,0.785,10.2,0.0,10,HIGH
Police,39.2,42.3,None,0.944,58.8,2568.6,5,LOW
Bike,36.7,51.1,None,0.905,51.8,2556.6,7,LOW
Auto,103.1,152.9,None,0.717,84.4,2605.5,13,LOW
Bus,62.7,311.2,None,0.918,16.6,1115.5,21,MEDIUM
Truck,68.6,69.0,Hospital,0.92,33.3,0.0,22,HIGH
Tanker,76.9,302.6,Flood,0.744,29.6,0.0,16,HIGH
Lorry,9.4,321.8,None,0.831,28.8,1224.9,15,LOW
Tanker,70.5,314.0,Accident,0.838,98.2,0.0,20,MEDIUM
Auto,102.0,187.5,None,0.849,57.4,155.4,19,LOW
Bus,54.6,104.5,None,0.884,63.0,914.1,10,LOW
Bus,40.4,32.4,None,0.595,51.8,1709.5,18,MEDIUM
Truck,88.2,75.8,School,0.816,27.0,0.0,11,HIGH
Lorry,98.7,191.8,None,0.954,23.0,1937.1,22,MEDIUM
Container,44.5,166.8,None,0.605,29.1,952.7,8,MEDIUM
Auto,77.7,245.4,None,0.715,58.7,948.5,22,LOW
Bus,75.8,0.1,None,0.921,99.5,1308.8,20,LOW
Lorry,5.1,109.8,Bridge,0.706,52.7,0.0,15,MEDIUM
Car,10.0,147.6,None,0.998,81.2,176.2,16,LOW
Ambulance,48.7,210.9,Flood,0.766,45.6,96.4,10,LOW
Police,21.7,179.8,None,0.936,90.1,1887.5,19,LOW
Tanker,34.8,16.4,Hospital,0.428,13.5,0.0,12,HIGH
Tanker,106.1,10.0,Flood,0.628,19.1,0.0,1,HIGH
Lorry,2.6,15.7,School,0.994,48.6,0.0,11,MEDIUM
Police,62.5,44.8,Flood,0.623,65.5,0.0,10,MEDIUM
Container,29.4,309.8,RoadBlock,0.855,60.1,13.8,6,MEDIUM
Auto,68.4,292.2,Construction,0.433,21.0,0.0,23,HIGH
Lorry,28.8,129.7,None,0.63,67.2,2575.9,7,LOW
Ambulance,24.6,182.3,School,0.614,12.5,0.0,8,HIGH
Tanker,58.6,7.4,School,0.919,99.2,0.0,20,MEDIUM
Ambulance,40.0,89.4,Hospital,0.871,42.2,0.0,14,MEDIUM
Bus,31.5,253.3,None,0.848,76.4,1070.5,20,LOW
Bus,99.7,26.9,None,0.674,78.1,700.8,10,MEDIUM
Tanker,68.5,208.2,None,0.912,61.4,272.7,8,LOW
Auto,105.6,39.5,None,0.806,33.4,1923.4,9,MEDIUM
Bus,4.7,138.8,None,0.894,87.5,2028.0,0,LOW
Container,78.2,335.8,None,0.745,74.4,1660.8,11,LOW
Ambulance,102.6,85.7,School,0.937,51.0,86.1,13,MEDIUM
Ambulance,8.0,147.5,Accident,0.785,98.1,0.0,19,MEDIUM
Car,56.7,102.5,None,0.84,76.9,1726.9,10,LOW
Auto,62.9,102.9,Hairpin,0.982,58.7,108.1,1,MEDIUM
Bus,96.2,18.1,None,0.798,97.9,723.1,2,MEDIUM
Bus,102.9,73.7,Flood,0.774,38.7,0.0,16,HIGH
Lorry,48.4,151.8,Hospital,0.817,94.5,0.0,11,MEDIUM
Ambulance,1.6,152.6,None,0.554,64.2,584.7,2,LOW
Bike,97.3,244.1,Hairpin,0.976,25.2,9.2,13,HIGH
Ambulance,37.2,54.1,Flood,0.783,81.4,1.4,2,MEDIUM
Police,37.8,177.6,Accident,0.816,74.8,0.0,8,MEDIUM
Car,23.6,196.4,School,0.796,87.4,0.0,20,MEDIUM
Lorry,47.2,303.5,None,0.638,47.7,931.8,1,LOW
Lorry,37.3,185.1,Flood,0.919,77.1,0.0,16,MEDIUM
Ambulance,39.7,170.5,None,0.841,95.9,1768.0,0,LOW
Tanker,82.9,184.1,None,0.927,69.3,2582.4,0,MEDIUM
Ambulance,80.5,75.8,Hospital,0.868,83.2,0.0,6,HIGH
Lorry,38.4,109.3,Bridge,0.412,38.1,140.8,15,LOW
Truck,54.4,116.1,None,0.908,41.7,722.4,16,LOW
Bus,59.9,52.9,None,0.691,98.1,1418.3,6,LOW
Car,90.4,275.9,None,0.82,33.9,2379.0,8,MEDIUM
Bike,105.3,323.6,None,0.934,18.8,1216.2,5,MEDIUM
Auto,109.1,204.3,None,0.905,99.3,1223.5,10,LOW
Tanker,65.3,38.3,None,0.899,44.8,2902.8,3,MEDIUM
Police,9.3,293.9,School,0.958,78.3,0.0,19,MEDIUM
Bike,28.6,73.4,None,0.859,67.8,2272.8,6,LOW
Car,57.3,183.2,None,0.969,34.3,1691.7,3,LOW
Lorry,39.6,194.0,RoadBlock,0.677,47.9,160.2,23,MEDIUM
Lorry,30.9,312.8,None,0.789,57.3,2903.4,11,LOW
Lorry,31.1,55.3,None,0.974,47.0,2564.9,6,LOW
Tanker,27.4,112.4,School,0.876,45.0,0.0,5,HIGH
Lorry,47.0,16.8,None,0.829,20.1,2137.4,23,MEDIUM
Container,90.5,295.0,None,0.891,92.8,1143.0,12,MEDIUM
Bus,85.8,330.8,None,0.801,27.9,1570.5,15,MEDIUM
Tanker,92.8,189.6,Bridge,0.834,61.9,0.0,19,MEDIUM
Car,82.9,326.5,School,0.597,70.7,144.6,1,HIGH
Tanker,28.7,209.2,School,0.77,48.1,0.0,14,HIGH
Auto,44.2,300.9,Accident,0.82,99.8,0.0,1,MEDIUM
Lorry,81.0,49.9,None,0.813,16.7,498.2,23,MEDIUM
Truck,66.1,186.1,None,0.826,88.6,2440.5,13,LOW
Tanker,86.4,5.7,Hairpin,0.729,41.0,0.0,9,HIGH
Police,74.2,232.2,RoadBlock,0.512,70.7,0.0,20,MEDIUM
Car,75.4,221.2,None,0.852,83.6,719.9,5,LOW
Truck,102.2,8.2,Bridge,0.694,99.3,0.0,18,MEDIUM
Tanker,29.1,18.5,None,0.573,88.7,2028.3,0,LOW
Police,61.8,255.0,Hospital,0.841,65.4,191.6,22,MEDIUM
Truck,36.4,273.2,None,0.696,21.2,1571.1,21,LOW
Car,5.7,115.3,None,0.627,91.8,977.9,13,LOW
Ambulance,82.9,170.2,Accident,0.876,70.1,0.0,18,HIGH
Truck,81.7,180.9,None,0.943,85.7,403.6,22,MEDIUM
Police,104.5,65.5,RoadBlock,0.654,41.8,0.0,0,HIGH
Lorry,20.3,137.2,Bridge,0.738,35.2,49.2,14,MEDIUM
Car,2.0,124.4,None,0.654,38.5,2823.3,17,LOW
Police,28.9,143.0,Bridge,0.891,87.8,153.6,23,LOW
Container,74.9,164.1,Hospital,0.844,54.6,12.4,11,HIGH
Police,9.7,94.4,Accident,0.943,33.5,0.0,21,MEDIUM
Bike,35.9,25.9,Flood,0.983,30.4,0.0,23,MEDIUM
Ambulance,108.4,299.9,Accident,0.964,73.5,27.2,12,MEDIUM
Container,48.8,226.9,None,0.941,76.1,2999.2,4,LOW
Police,44.6,353.8,None,0.965,81.7,1087.9,11,LOW
Truck,99.7,195.6,None,0.841,31.9,914.4,4,MEDIUM
Container,65.9,323.8,None,0.664,84.5,1312.1,14,MEDIUM
Bus,19.3,125.7,Hairpin,0.948,70.1,0.0,16,MEDIUM
Bus,71.3,123.4,None,0.732,57.5,1038.5,17,MEDIUM
Bus,87.0,320.0,Flood,0.861,49.3,0.0,22,HIGH
Ambulance,43.2,341.7,Construction,0.631,26.9,80.4,17,MEDIUM
Truck,91.9,207.5,School,0.925,41.6,0.0,17,HIGH
Bus,80.9,247.5,Bridge,0.845,15.6,17.2,22,HIGH
Police,1.1,203.2,Construction,0.857,19.1,0.0,23,MEDIUM
Container,46.7,302.4,None,0.944,31.9,1923.7,16,LOW
Ambulance,24.5,139.2,Bridge,0.917,66.6,19.0,11,LOW
Truck,51.2,93.6,Bridge,0.928,34.2,190.5,20,LOW
Lorry,82.3,7.0,School,0.763,96.8,44.6,3,HIGH
Truck,64.7,251.4,None,0.398,49.2,2697.3,7,MEDIUM
Tanker,104.5,258.1,RoadBlock,0.725,95.6,87.8,20,MEDIUM
Lorry,47.2,243.4,School,0.973,38.8,0.0,0,HIGH
Lorry,69.5,32.5,Accident,0.817,13.7,7.6,2,HIGH
Police,51.1,29.8,Construction,0.965,24.7,0.0,11,MEDIUM
Car,64.0,328.5,None,0.73,12.4,2211.1,10,LOW
Lorry,89.8,19.1,None,0.823,72.4,275.7,13,MEDIUM
Police,89.9,15.4,Hairpin,0.815,20.6,29.4,15,HIGH
Police,40.6,300.2,None,0.585,46.1,1064.6,11,LOW
Police,88.5,331.8,None,0.611,77.2,1829.8,17,MEDIUM
Ambulance,99.3,72.0,None,0.812,93.2,2763.5,21,LOW
Car,79.2,17.3,None,0.981,20.5,245.7,1,MEDIUM
Truck,83.0,84.7,None,0.933,14.0,648.5,8,MEDIUM
Truck,74.7,29.5,Bridge,0.654,19.1,35.5,22,MEDIUM
Truck,38.4,118.4,None,0.72,84.1,630.1,12,LOW
Lorry,13.7,16.1,None,0.811,91.7,2721.4,1,LOW
Bike,101.6,178.1,None,0.847,74.7,971.0,6,LOW
Truck,82.9,26.5,School,0.906,85.5,39.5,4,HIGH
Car,88.9,285.0,None,0.907,10.8,1640.9,2,MEDIUM
Police,104.8,55.5,None,0.735,90.2,2829.9,22,MEDIUM
Bike,54.5,127.3,Hairpin,0.966,60.6,0.0,18,MEDIUM
Bike,10.5,286.1,None,0.748,15.4,1131.1,5,LOW
Tanker,84.9,220.9,Accident,0.68,68.2,0.0,9,HIGH
Ambulance,57.4,257.8,Construction,0.707,91.4,124.7,4,MEDIUM
Truck,95.7,14.1,RoadBlock,0.889,84.2,0.0,15,MEDIUM
Ambulance,44.6,204.5,Accident,0.895,76.8,0.0,1,MEDIUM
Lorry,84.0,25.1,None,0.654,88.2,234.6,21,MEDIUM
Police,79.3,193.9,Bridge,0.315,70.2,55.4,14,MEDIUM
Truck,2.2,23.9,Construction,0.752,94.9,0.0,4,MEDIUM
Auto,98.4,103.8,School,0.848,71.0,0.0,15,HIGH
Ambulance,94.9,218.7,School,1.0,50.2,131.5,16,MEDIUM
Container,47.6,101.7,Construction,0.898,55.5,0.0,15,MEDIUM
Ambulance,42.3,38.0,None,0.69,85.3,843.5,2,LOW
Tanker,8.4,11.4,None,0.5,32.3,995.1,15,MEDIUM
Lorry,93.0,176.9,Flood,0.616,92.5,0.0,0,HIGH
Auto,108.3,144.5,Accident,0.603,26.0,44.8,6,HIGH
Bike,34.6,283.0,None,0.59,16.3,1894.8,17,LOW
Truck,3.9,189.0,Accident,0.793,74.0,187.4,13,MEDIUM
Car,72.6,2.6,Bridge,0.592,24.0,0.0,4,MEDIUM
Ambulance,39.9,117.2,School,0.591,17.2,0.0,1,HIGH
Car,50.5,199.8,Construction,0.757,56.0,59.2,21,LOW
Bike,39.1,187.4,School,0.971,80.1,0.0,4,MEDIUM
Lorry,53.0,356.0,None,0.792,11.5,563.4,6,LOW
Police,41.5,38.3,None,0.623,85.7,1319.3,15,LOW
Bus,95.4,188.8,None,0.961,48.7,469.2,17,MEDIUM
Bike,13.1,59.2,Hospital,0.963,28.8,0.0,21,MEDIUM
Bike,73.4,322.1,Flood,0.612,85.2,0.0,15,MEDIUM
Truck,69.6,331.0,Accident,0.858,36.0,0.0,20,HIGH
Container,84.1,335.8,Bridge,0.645,81.2,0.0,13,MEDIUM
Ambulance,97.6,78.0,Hairpin,0.546,96.7,0.0,12,HIGH
Container,77.1,21.6,None,0.933,92.0,2683.3,14,LOW
Lorry,24.0,280.1,Flood,0.762,10.9,0.0,19,HIGH
Bike,23.6,358.6,None,0.862,67.8,2467.6,20,LOW
Bus,31.7,352.3,Bridge,0.948,94.3,147.3,16,LOW
Truck,63.5,58.4,None,0.384,30.3,390.3,19,MEDIUM
Truck,42.3,329.6,Hospital,0.964,52.6,158.5,4,MEDIUM
Car,106.5,180.1,None,0.52,86.5,2505.0,8,LOW
Police,52.0,201.2,None,0.921,79.5,1088.8,9,LOW
Auto,82.4,158.8,None,0.893,11.8,2876.5,9,MEDIUM
Police,85.3,53.6,None,0.682,34.8,1392.5,12,MEDIUM
Auto,23.3,18.2,Flood,0.584,22.9,0.0,10,MEDIUM
Police,8.5,166.1,None,0.673,37.9,1191.2,17,LOW
Truck,67.3,60.2,None,0.995,96.7,159.4,20,LOW
Tanker,21.9,161.0,None,0.752,84.6,1196.8,19,LOW
Container,27.8,327.3,None,0.87,58.6,2296.7,7,LOW
Container,0.8,178.3,None,0.932,47.7,400.6,6,LOW
Bike,48.7,289.7,None,0.796,63.2,2256.0,8,LOW
Ambulance,83.7,257.0,RoadBlock,0.831,18.5,3.4,4,HIGH
Tanker,89.6,255.7,RoadBlock,0.49,83.0,157.7,21,MEDIUM
Bike,16.9,83.9,None,0.76,62.3,2498.1,6,LOW
Auto,34.4,18.0,Accident,0.931,85.1,0.0,23,MEDIUM
Tanker,46.8,44.3,Bridge,0.941,98.3,0.0,19,LOW
Container,68.7,114.7,Accident,0.724,89.5,38.4,15,MEDIUM
Ambulance,57.4,183.8,None,0.565,73.0,1944.1,22,LOW
Auto,12.9,223.5,None,0.535,30.4,1348.9,17,LOW
Tanker,10.5,26.8,Hospital,0.997,38.4,0.0,3,HIGH
Bike,45.3,72.9,None,0.853,22.5,611.3,0,LOW
Tanker,27.7,87.9,None,0.929,32.2,1859.2,14,LOW
Bike,108.4,185.8,None,0.649,96.4,1312.0,16,LOW
Lorry,34.5,349.7,None,0.918,24.3,1618.0,1,MEDIUM
Police,81.9,98.0,Construction,0.785,79.0,0.0,13,MEDIUM
Truck,107.5,330.1,Flood,0.584,98.6,0.0,3,HIGH
Car,69.0,73.7,Hairpin,0.966,95.6,0.0,8,MEDIUM
Bike,63.0,79.7,None,0.805,69.6,375.5,4,LOW
Ambulance,2.6,197.0,RoadBlock,0.848,81.7,0.0,21,MEDIUM
Car,80.3,110.3,Construction,0.966,57.1,0.0,19,MEDIUM
Tanker,68.8,339.3,None,0.918,55.7,2748.2,7,LOW
Auto,84.6,353.2,None,0.662,30.4,1526.0,17,MEDIUM
Lorry,18.8,241.6,Flood,0.921,22.8,0.0,17,MEDIUM
Lorry,97.1,99.8,Accident,0.809,65.7,0.0,6,HIGH
Car,18.9,352.4,Accident,0.873,76.0,0.0,18,MEDIUM
Tanker,17.9,260.5,None,0.813,26.1,1466.0,3,LOW
Ambulance,102.7,122.8,Bridge,0.686,23.2,0.0,14,MEDIUM
Bus,109.5,56.1,Bridge,0.759,29.4,0.0,3,MEDIUM
Tanker,20.5,237.5,None,0.964,60.5,2852.8,18,LOW
Ambulance,71.9,343.9,None,0.943,46.8,2205.4,6,LOW
Truck,10.9,271.2,None,0.99,46.4,1512.4,22,LOW
Bus,0.0,319.0,None,0.986,16.0,292.2,19,LOW
Car,1.5,79.2,None,0.963,61.8,1092.2,6,LOW
Police,74.4,266.2,None,0.719,91.3,2322.5,16,LOW
Car,54.2,346.6,None,0.821,87.4,2613.5,16,LOW
Police,66.5,141.2,RoadBlock,0.894,71.3,0.0,4,MEDIUM
Auto,87.0,8.0,None,0.886,62.6,2727.0,5,LOW
Lorry,100.3,281.1,RoadBlock,0.916,23.4,0.0,11,HIGH
Lorry,67.1,278.9,None,0.841,38.8,2975.9,7,MEDIUM
Police,64.9,255.1,School,0.695,99.8,92.5,18,MEDIUM
Truck,77.7,286.4,None,0.825,40.2,1510.0,22,MEDIUM
Ambulance,0.2,322.8,None,0.722,69.2,2482.4,11,LOW
Police,87.2,280.7,None,0.842,55.0,1244.9,23,MEDIUM
Ambulance,61.3,107.3,Hospital,0.947,70.6,0.0,8,MEDIUM
Tanker,96.2,252.9,None,0.89,23.1,665.9,8,MEDIUM
Bus,85.3,94.0,Bridge,0.822,42.6,157.2,20,MEDIUM
Bike,26.4,248.4,RoadBlock,0.821,25.3,0.0,12,MEDIUM
Lorry,45.5,324.4,Hospital,0.678,55.9,186.6,5,MEDIUM
Bike,41.6,15.1,Hairpin,0.7,65.9,0.0,2,MEDIUM
Tanker,99.4,39.5,None,0.939,21.9,1368.3,4,MEDIUM
Ambulance,22.5,307.1,None,0.485,88.1,2696.1,5,LOW
Tanker,6.9,301.9,Accident,0.78,46.2,127.2,2,MEDIUM
Truck,46.7,153.5,Hairpin,0.712,72.1,47.0,20,MEDIUM
Bus,106.7,237.0,None,0.906,57.5,1705.2,17,MEDIUM
Ambulance,20.8,125.1,Accident,0.948,37.2,0.0,0,HIGH
Lorry,25.5,197.5,Hospital,0.823,95.0,0.0,3,MEDIUM
Bus,11.2,299.5,Construction,0.992,24.3,0.0,17,MEDIUM
Bus,60.1,68.0,Flood,0.807,22.2,110.0,5,MEDIUM
Car,19.9,275.5,None,0.946,35.7,2403.1,5,LOW
Bike,68.0,23.0,School,0.345,41.0,160.7,16,HIGH
Ambulance,52.5,324.8,Flood,0.297,29.9,0.0,1,HIGH
Bus,65.1,260.5,Bridge,0.858,55.8,55.6,11,LOW
Tanker,104.8,274.7,None,0.714,71.9,211.1,7,MEDIUM
Truck,32.1,326.5,Bridge,0.835,59.1,0.0,20,MEDIUM
Car,10.4,226.8,Hospital,0.846,93.4,0.0,4,MEDIUM
Police,39.0,38.4,None,0.791,52.6,153.0,21,LOW
Bike,5.7,5.7,None,0.978,89.6,904.2,16,LOW
Bike,91.5,237.8,None,0.844,35.8,2949.9,19,MEDIUM
Ambulance,75.3,133.8,None,0.596,79.1,2205.9,16,LOW
Bus,22.1,213.6,None,0.441,85.2,2930.9,4,MEDIUM
Lorry,66.8,52.1,Hospital,0.725,82.0,170.4,11,MEDIUM
Truck,29.3,312.8,None,0.887,33.5,1306.5,12,LOW
Container,20.2,186.7,School,0.789,15.6,0.0,15,HIGH
Car,45.1,114.8,RoadBlock,0.919,91.4,0.0,20,MEDIUM
Police,75.3,50.9,Flood,0.735,72.1,120.9,9,MEDIUM
Bus,15.5,337.3,School,0.841,18.3,0.0,14,HIGH
Ambulance,38.1,225.9,None,0.621,20.1,542.5,22,LOW
Lorry,27.2,60.4,None,0.744,87.5,594.7,4,LOW
Car,39.6,25.8,Bridge,0.311,59.7,0.0,20,MEDIUM
Tanker,55.8,161.3,None,0.884,57.2,697.7,1,LOW
Ambulance,92.2,358.9,None,0.902,73.4,2249.3,2,MEDIUM
Container,22.8,304.7,None,0.856,97.0,2269.8,1,LOW
Police,0.6,48.4,Hospital,0.765,20.2,0.0,10,MEDIUM
Bike,67.7,285.9,Accident,0.984,64.9,0.0,3,MEDIUM
Bike,92.2,323.1,None,0.626,16.8,296.1,1,MEDIUM
Lorry,16.8,52.9,None,0.888,43.1,301.9,0,LOW
Container,65.0,41.8,None,0.802,80.8,992.7,11,LOW
Tanker,24.5,168.9,None,0.848,17.5,2125.8,1,MEDIUM
Auto,21.0,113.7,Construction,0.964,73.2,0.0,15,MEDIUM
Bike,79.7,249.4,Hairpin,0.835,76.7,46.5,17,MEDIUM
Auto,100.3,192.0,Hospital,0.946,98.5,0.0,12,MEDIUM
Police,12.5,94.5,None,0.924,16.7,1570.2,4,LOW
Lorry,97.3,15.2,Hospital,0.731,80.7,26.8,12,HIGH
Lorry,43.7,353.5,Hairpin,0.642,50.5,0.0,9,MEDIUM
Bus,73.6,344.7,RoadBlock,0.917,25.2,0.0,18,MEDIUM
Bus,54.3,4.3,None,0.755,19.2,1885.2,17,LOW
Lorry,109.7,12.5,School,0.913,90.9,0.0,5,HIGH
Tanker,49.2,293.7,None,0.665,54.9,743.3,2,LOW
Bus,88.6,105.7,None,0.965,14.5,205.6,3,MEDIUM
Police,54.6,77.2,None,0.841,22.2,1781.1,19,LOW
Container,78.1,242.5,None,0.659,52.2,667.5,8,MEDIUM
Bike,10.2,338.9,None,0.935,26.0,1651.6,20,LOW
Bike,78.5,142.3,Flood,0.705,83.4,111.6,21,MEDIUM
Auto,103.8,326.4,None,0.678,54.9,2484.6,19,MEDIUM
Lorry,20.2,120.1,Bridge,0.776,66.3,0.0,13,MEDIUM
Container,79.5,260.2,None,0.686,99.9,874.2,15,LOW
Ambulance,25.4,224.0,Hairpin,0.764,51.9,51.4,9,MEDIUM
Tanker,24.6,343.8,Construction,0.956,87.6,0.0,17,MEDIUM
Lorry,62.4,192.0,Bridge,0.926,83.3,0.0,4,MEDIUM
Bike,51.0,208.2,None,0.775,68.8,2496.4,13,LOW
Ambulance,97.8,208.1,None,0.874,27.7,2862.3,9,LOW
Bus,98.7,11.8,None,0.882,46.5,670.0,21,MEDIUM
Container,67.6,356.7,Hairpin,0.809,26.1,0.0,12,HIGH
Bus,16.7,34.3,None,0.436,14.8,949.6,15,MEDIUM
Container,50.7,95.7,None,0.904,37.0,2580.1,3,LOW
Police,55.7,343.4,None,0.884,82.4,2195.6,12,LOW
Ambulance,68.2,149.7,None,0.862,82.1,2695.7,7,LOW
Auto,82.6,257.4,Accident,0.986,18.4,0.0,5,HIGH
Auto,84.8,315.0,None,0.705,43.8,2032.0,2,MEDIUM
Truck,39.4,7.3,School,0.783,28.5,0.0,17,HIGH
Truck,30.6,216.7,Flood,0.81,43.7,0.0,0,MEDIUM
Car,31.1,144.6,Flood,0.944,38.5,0.0,11,MEDIUM
Container,100.9,4.7,Hospital,0.969,70.2,0.0,5,HIGH
Container,13.3,187.5,Construction,0.7,15.4,0.0,18,MEDIUM
Car,37.8,42.2,School,0.796,45.1,0.0,5,MEDIUM
Police,104.9,192.2,Construction,0.658,96.9,0.0,18,MEDIUM
Bike,105.0,50.6,Hospital,0.647,44.0,2.4,9,HIGH
Police,45.6,81.9,None,0.645,45.4,964.3,5,LOW
Bike,70.8,36.3,Construction,0.698,84.7,0.0,19,MEDIUM
Tanker,9.7,72.6,Hairpin,0.951,51.5,0.0,10,MEDIUM
Police,37.4,119.1,None,0.635,37.4,371.3,11,LOW
Tanker,12.6,107.0,None,0.793,89.5,1342.2,20,LOW
Ambulance,18.9,353.9,None,0.973,95.6,2547.2,7,LOW
Tanker,91.3,349.7,None,0.792,27.1,1501.4,6,MEDIUM
Bus,101.8,61.5,Flood,0.633,97.3,0.0,2,HIGH
Truck,33.4,140.2,Flood,0.964,88.5,0.0,14,MEDIUM
Truck,104.3,97.8,None,0.801,12.4,2154.3,10,MEDIUM
Auto,80.7,283.4,Bridge,0.967,70.8,20.0,15,MEDIUM
Truck,20.6,238.2,None,0.929,25.9,1676.8,22,LOW
Police,105.4,225.5,Hairpin,0.946,26.0,0.0,5,HIGH
Container,94.4,313.4,Hospital,0.786,49.5,0.0,1,HIGH
Tanker,40.2,188.8,None,0.374,62.0,969.9,5,MEDIUM
Police,82.9,36.7,None,0.929,97.3,1616.4,22,LOW
Police,20.6,115.1,Flood,0.619,55.1,0.0,23,MEDIUM
Ambulance,34.9,185.3,None,0.674,69.0,1530.6,18,LOW
Bus,87.5,173.1,School,0.784,70.1,0.0,8,HIGH
Police,19.7,184.8,None,0.906,69.6,2712.4,4,LOW
Bus,106.6,77.8,Bridge,0.839,92.7,41.4,19,MEDIUM
Tanker,102.7,189.3,RoadBlock,0.944,58.7,97.2,5,MEDIUM
Car,53.0,31.6,None,0.602,38.5,112.6,22,LOW
Auto,100.2,273.1,None,0.93,57.3,378.5,10,LOW
Police,106.1,320.9,RoadBlock,0.774,53.3,0.0,4,HIGH
Bike,63.5,156.4,None,0.839,91.1,2127.6,16,LOW
Bike,20.8,204.7,RoadBlock,0.745,51.5,0.0,23,MEDIUM
Police,29.4,320.1,None,0.63,26.3,513.9,17,LOW
Police,43.2,35.6,Hairpin,0.815,59.2,0.0,10,MEDIUM
Auto,104.5,250.8,Hospital,0.642,83.8,0.0,13,HIGH
Auto,94.7,222.4,Bridge,0.539,63.1,0.0,18,MEDIUM
Tanker,12.3,203.8,None,0.995,21.1,1376.5,20,LOW
Lorry,89.3,113.1,None,0.92,84.9,2285.6,12,LOW
Bike,51.3,272.0,Bridge,0.779,50.9,0.0,7,MEDIUM
Police,11.2,36.6,Bridge,0.957,18.5,0.0,0,MEDIUM
Truck,94.1,264.8,None,0.792,83.9,1606.3,17,MEDIUM
Bike,40.4,244.9,None,0.987,60.2,2533.9,0,LOW
Tanker,83.9,42.6,Hairpin,0.825,45.3,0.0,18,HIGH
Bike,77.7,342.1,None,0.776,37.7,2576.2,3,MEDIUM
Ambulance,49.8,358.4,None,0.859,80.4,253.0,5,LOW
Lorry,82.4,18.9,School,0.72,47.4,160.8,13,HIGH
Lorry,32.5,95.4,None,0.952,80.9,2060.1,0,LOW
Tanker,45.3,321.7,Accident,0.738,56.0,136.4,9,MEDIUM
Ambulance,45.5,232.3,Accident,0.98,63.0,0.0,6,MEDIUM
Container,2.8,70.4,Construction,0.945,56.7,0.0,9,MEDIUM
Bike,3.9,125.4,Hospital,0.911,95.8,0.0,4,MEDIUM
Car,53.6,143.6,Bridge,0.789,98.9,0.0,8,LOW
Truck,41.8,147.8,None,0.51,47.5,2178.5,10,LOW
Bike,100.8,330.6,None,0.813,21.1,1508.6,16,MEDIUM
Auto,17.5,207.1,None,0.961,20.2,545.6,2,LOW
Truck,108.9,123.7,None,0.824,25.8,2765.8,5,MEDIUM
Lorry,88.1,82.7,None,0.894,47.4,1341.3,23,MEDIUM
Auto,51.6,309.2,Hospital,0.854,16.7,0.0,5,MEDIUM
Bus,24.2,129.7,RoadBlock,0.853,97.0,0.0,20,MEDIUM
Container,76.5,290.9,None,0.96,99.3,160.0,13,LOW
Bike,23.9,280.0,None,0.96,52.7,2916.2,6,LOW
Auto,45.3,78.3,None,0.912,47.5,1621.8,18,LOW
Truck,104.8,179.4,Bridge,0.955,15.1,67.1,15,MEDIUM
Police,10.4,30.6,None,0.442,36.6,2190.6,10,LOW
Lorry,68.6,287.1,Hairpin,0.671,51.7,0.0,14,HIGH
Auto,39.6,219.7,None,0.832,46.7,1232.9,0,LOW
Container,90.2,10.7,None,0.942,90.0,676.9,13,MEDIUM
Car,24.4,303.8,None,0.795,33.5,2308.2,14,LOW
Truck,56.1,163.6,Construction,0.867,93.4,43.5,4,MEDIUM
Bike,92.2,250.6,None,0.449,70.8,872.6,3,MEDIUM
Car,42.8,132.4,None,0.751,19.8,702.0,7,LOW
Ambulance,66.8,262.8,None,0.739,72.8,732.3,1,LOW
Car,34.7,10.8,None,0.481,83.6,2242.3,21,LOW
Bus,15.5,124.8,None,0.967,80.3,552.3,12,LOW
Tanker,18.9,298.3,None,0.904,64.2,2906.7,13,LOW
Bike,24.5,77.0,None,0.885,42.8,618.1,2,LOW
Tanker,36.5,341.5,None,0.908,56.6,2433.6,0,LOW
Tanker,77.5,87.5,None,0.992,30.1,915.0,5,MEDIUM
Bus,1.1,329.2,Construction,0.866,98.4,0.0,3,MEDIUM
Tanker,78.4,129.1,None,0.928,33.0,2198.0,10,MEDIUM
Bus,29.7,306.5,RoadBlock,0.483,17.0,169.4,2,MEDIUM
Tanker,65.8,312.3,None,0.523,96.2,2566.4,17,MEDIUM
Truck,90.3,168.5,None,0.813,40.7,2089.6,17,MEDIUM
Truck,52.6,29.3,None,0.949,79.0,2278.4,1,LOW
Ambulance,18.4,35.3,Hospital,0.952,88.3,188.9,10,LOW
Car,49.9,28.5,Flood,0.944,62.5,0.0,3,MEDIUM
Auto,97.8,222.6,School,0.819,56.5,0.0,15,HIGH
Container,24.9,251.2,None,0.913,52.9,2934.3,17,LOW
Bus,36.8,352.7,Bridge,0.953,81.1,0.0,10,LOW
Auto,10.4,295.2,Construction,0.738,20.2,129.5,0,MEDIUM
Bus,108.2,215.7,Accident,0.785,47.5,172.2,21,HIGH
Ambulance,106.7,46.4,School,0.869,69.0,54.8,16,MEDIUM
Auto,38.4,356.2,RoadBlock,0.851,85.7,0.0,17,MEDIUM
Ambulance,70.1,212.0,RoadBlock,0.671,64.2,194.5,21,MEDIUM
Bike,104.9,81.6,None,0.929,33.9,740.5,11,LOW
Auto,38.5,288.9,None,0.831,30.5,126.1,18,LOW
Lorry,85.9,304.1,Construction,0.945,71.2,31.5,13,MEDIUM
Auto,24.9,102.6,None,0.911,85.2,1461.6,0,LOW
Ambulance,35.5,148.1,RoadBlock,0.774,31.5,155.7,8,MEDIUM
Auto,98.0,190.0,Accident,0.938,15.0,133.5,18,MEDIUM
Lorry,53.4,4.3,Flood,0.872,38.0,18.6,1,MEDIUM
Lorry,83.6,188.3,Hairpin,0.892,42.9,143.1,2,HIGH
Bus,69.1,233.8,RoadBlock,0.962,20.8,0.0,3,HIGH
Lorry,83.7,88.4,Construction,0.96,44.4,128.5,0,HIGH
Container,9.9,165.0,RoadBlock,0.596,96.2,0.0,4,MEDIUM
Truck,75.1,35.5,None,0.884,72.6,1681.2,10,LOW
Ambulance,1.9,267.1,None,0.918,11.1,2964.4,14,LOW
Bus,67.3,151.8,RoadBlock,0.925,95.5,0.0,11,MEDIUM
Lorry,106.8,37.9,None,0.909,15.4,2584.4,15,MEDIUM
Ambulance,84.5,134.9,Hairpin,0.979,79.5,0.0,0,HIGH
Bus,17.6,287.2,Hairpin,0.911,92.3,0.0,23,MEDIUM
Tanker,55.3,33.3,RoadBlock,0.874,20.9,0.0,3,HIGH
Bus,89.8,205.5,None,0.859,73.5,1181.9,8,MEDIUM
Car,58.6,350.8,None,0.979,80.5,2547.9,16,LOW
Police,73.5,56.8,None,0.882,35.7,2824.4,9,LOW
Police,100.6,15.5,RoadBlock,0.708,61.9,65.8,8,MEDIUM
Ambulance,63.3,61.3,None,0.894,68.5,2702.7,5,LOW
Police,50.5,3.0,Flood,0.787,39.1,0.0,7,MEDIUM
Ambulance,73.1,88.0,Bridge,0.864,74.5,85.7,16,LOW
Bus,21.0,28.8,Construction,0.96,63.4,0.0,23,MEDIUM
Tanker,71.0,309.9,Construction,0.91,62.6,0.0,21,MEDIUM
Tanker,43.1,297.0,None,0.753,75.3,2497.9,0,LOW
Truck,22.4,78.3,Bridge,0.946,48.0,0.0,8,MEDIUM
Bike,109.6,280.3,Accident,0.833,42.6,70.8,15,HIGH
Car,75.6,166.4,Flood,0.956,95.6,0.0,10,MEDIUM
Bike,22.6,140.5,None,0.875,61.4,1291.1,18,LOW
Police,8.8,225.9,RoadBlock,0.777,16.1,0.0,3,MEDIUM
Ambulance,47.4,147.6,None,0.945,31.3,2066.1,22,LOW
Auto,63.4,272.0,RoadBlock,0.892,84.8,48.3,12,MEDIUM
Auto,50.7,69.8,None,0.984,32.0,2836.2,3,LOW
Auto,40.4,238.6,RoadBlock,0.729,93.2,0.0,10,MEDIUM
Container,95.6,245.7,None,0.946,46.8,540.0,15,MEDIUM
Bike,107.7,323.5,None,0.757,19.5,2711.6,15,MEDIUM
Bike,96.9,268.5,School,0.627,67.7,75.2,2,HIGH
Bus,70.0,258.5,Bridge,0.496,91.8,0.0,1,MEDIUM
Ambulance,14.7,43.0,Hospital,0.771,51.6,0.0,21,MEDIUM
Bike,17.7,136.9,None,0.735,27.8,1072.9,22,LOW
Lorry,87.5,65.5,RoadBlock,0.837,87.9,0.0,3,HIGH
Car,31.4,49.2,None,0.809,28.7,2430.6,3,LOW
Auto,63.1,219.9,None,0.746,43.4,1564.3,6,LOW
Lorry,92.4,53.4,Construction,0.486,70.3,0.0,8,HIGH
Bike,7.1,260.1,Bridge,0.851,73.6,0.0,15,LOW
Bike,4.1,82.6,Accident,0.951,94.2,199.7,22,MEDIUM
Police,47.7,81.5,RoadBlock,0.876,22.1,0.0,10,MEDIUM
Bike,42.6,126.3,Bridge,0.747,68.9,176.5,8,LOW
Container,15.3,45.6,None,0.864,29.2,2034.3,14,LOW
Bus,94.8,234.1,School,0.956,38.7,186.0,3,HIGH
Auto,81.7,48.1,School,0.956,53.1,43.4,8,MEDIUM
Bus,72.6,120.0,Bridge,0.421,55.8,141.2,1,MEDIUM
Lorry,50.7,41.7,RoadBlock,0.916,83.8,0.0,4,MEDIUM
Car,49.7,88.8,None,0.795,61.2,2888.9,7,LOW
Car,70.1,157.9,Construction,0.784,56.3,166.2,23,MEDIUM
Tanker,104.7,179.9,None,0.738,12.5,2226.7,4,MEDIUM
Bus,86.2,251.5,None,0.88,94.1,765.5,12,LOW
Container,63.7,288.8,Hairpin,0.834,79.6,144.8,5,MEDIUM
Ambulance,84.2,154.7,Construction,0.783,91.7,0.0,5,MEDIUM
Bus,62.0,189.2,None,0.901,32.0,2775.5,3,MEDIUM
Bus,61.3,189.0,None,0.454,62.6,1624.6,22,MEDIUM
Bike,20.0,100.7,None,0.793,17.9,2022.7,14,LOW
Auto,46.6,45.0,RoadBlock,0.902,93.9,0.0,13,MEDIUM
Police,46.2,344.5,None,0.95,66.5,2756.5,10,LOW
Lorry,49.8,224.8,School,0.658,44.0,0.0,12,HIGH
Bike,95.0,125.1,None,0.863,78.6,1440.1,2,MEDIUM
Truck,36.9,326.8,Flood,0.599,94.2,0.0,7,MEDIUM
Bike,33.2,126.9,Construction,0.875,85.9,111.1,15,LOW
Auto,79.8,108.7,Flood,0.688,38.4,0.0,16,MEDIUM
Lorry,85.3,268.8,Flood,0.888,58.5,0.0,1,HIGH
Auto,72.9,153.5,Hospital,0.643,35.3,0.0,17,HIGH
Container,40.2,61.9,Hospital,0.93,48.0,0.0,8,MEDIUM
Bus,14.4,232.5,Accident,0.427,81.8,0.0,13,HIGH
Lorry,108.4,49.5,Flood,0.896,38.6,0.0,22,HIGH
Bike,16.8,115.0,Flood,0.859,13.2,168.2,14,MEDIUM
Bike,4.9,325.3,Hospital,0.89,37.5,54.6,10,MEDIUM
Tanker,13.0,214.4,None,0.709,19.7,1719.0,0,MEDIUM
Car,10.7,205.4,School,0.679,34.9,126.4,22,MEDIUM
Car,0.8,142.2,Hospital,0.869,75.9,0.0,5,MEDIUM
Auto,80.9,103.8,Hospital,0.556,33.2,0.0,22,HIGH
Truck,31.9,157.2,None,0.928,92.7,1046.0,17,LOW
Car,35.6,202.5,School,0.85,58.0,156.6,4,MEDIUM
Container,62.0,85.9,None,0.816,80.3,674.4,21,LOW
Bike,80.1,5.7,None,0.973,35.5,2980.5,9,LOW
Truck,63.8,203.4,Flood,0.94,39.8,150.6,21,MEDIUM
Police,40.9,355.0,None,0.807,58.6,2737.5,15,LOW
Truck,0.7,59.9,Flood,0.825,18.1,0.0,9,MEDIUM
Car,75.3,252.2,None,0.901,42.6,2047.7,12,LOW
Bike,23.5,290.8,None,0.878,41.5,2271.8,14,LOW
Auto,48.2,61.6,Hairpin,0.93,58.6,0.0,21,MEDIUM
Lorry,38.4,47.2,None,0.758,36.2,382.0,11,LOW
Truck,32.5,153.7,None,0.69,23.0,844.5,23,MEDIUM
Bike,28.2,209.3,Flood,0.695,27.5,0.0,12,MEDIUM
Lorry,21.9,264.6,None,0.889,22.6,258.3,4,MEDIUM
Bike,44.2,20.0,Bridge,0.48,92.5,0.0,11,LOW
Container,103.0,69.3,None,0.815,12.3,853.8,5,MEDIUM
Ambulance,100.7,239.9,Hairpin,0.79,28.4,31.1,22,HIGH
Police,109.3,119.9,Hairpin,0.825,93.0,0.0,6,MEDIUM
Auto,92.2,116.3,None,0.87,27.3,1227.6,19,MEDIUM
Car,34.4,33.9,Accident,0.815,13.6,0.0,2,HIGH
Car,56.5,353.7,Construction,0.771,71.7,0.0,8,MEDIUM
Truck,86.9,9.0,School,0.646,53.9,0.0,20,HIGH
Bus,25.2,207.7,None,0.911,71.5,1279.1,15,LOW
Lorry,64.7,73.8,RoadBlock,0.805,87.5,0.0,22,HIGH
Bike,66.4,213.3,Hospital,0.775,12.6,0.0,8,HIGH
Truck,79.4,199.1,Flood,0.956,32.2,52.4,12,MEDIUM
Tanker,106.5,318.6,Accident,0.939,26.3,18.5,18,HIGH
Tanker,94.0,207.8,None,0.926,68.0,2193.3,9,MEDIUM
Lorry,78.7,259.6,None,0.933,35.1,166.8,22,MEDIUM
Bike,94.6,135.4,None,0.952,61.0,328.9,6,LOW
Tanker,106.9,336.2,Hospital,0.613,39.2,0.0,1,HIGH
Tanker,109.3,156.3,None,0.901,57.6,901.1,5,MEDIUM
Container,102.9,224.5,None,0.966,87.8,2882.6,1,MEDIUM
Lorry,62.4,244.9,None,0.649,48.2,2064.3,10,MEDIUM
Bus,57.4,40.1,None,0.648,58.5,2323.2,6,LOW
Car,108.7,317.5,Hospital,0.719,27.8,0.0,12,HIGH
Tanker,94.3,38.9,None,0.899,47.6,1684.2,16,MEDIUM
Bike,18.3,95.5,School,0.95,86.1,0.0,23,MEDIUM
Lorry,13.2,6.4,Accident,0.701,92.5,0.0,10,MEDIUM
Bus,4.5,5.3,None,0.939,38.3,1192.0,19,LOW
Car,36.2,3.2,None,0.859,19.1,1378.6,1,LOW
Car,2.5,276.8,None,0.796,46.9,1590.8,7,LOW
Lorry,76.5,186.9,RoadBlock,0.937,64.8,0.0,6,MEDIUM
Tanker,69.4,320.5,None,0.872,19.5,1283.5,22,MEDIUM
Lorry,74.1,206.2,Flood,0.635,73.8,0.0,2,HIGH
Auto,42.9,284.0,None,0.927,29.6,1500.5,16,LOW
Truck,44.2,225.9,Hairpin,0.988,17.9,40.5,6,MEDIUM
Truck,81.3,100.4,RoadBlock,0.85,99.5,0.0,6,MEDIUM
Container,69.0,318.9,Bridge,0.269,82.7,0.0,13,MEDIUM
Truck,97.4,210.5,Hospital,0.885,71.3,126.0,16,MEDIUM
Container,18.0,184.7,None,0.5,56.4,1891.1,3,MEDIUM
Bike,32.5,342.1,None,0.998,12.8,1743.1,17,LOW
Bike,65.8,50.9,School,0.867,24.1,0.0,5,HIGH
Car,68.2,305.4,School,0.506,50.9,45.8,3,HIGH
Ambulance,108.5,170.6,Construction,0.812,28.2,55.9,4,HIGH
Bike,0.3,204.7,School,0.612,40.6,0.0,22,HIGH
Police,55.8,324.8,None,0.881,27.3,2137.6,8,LOW
Auto,74.6,196.7,Construction,0.685,48.6,31.2,13,MEDIUM
Auto,47.3,251.9,RoadBlock,0.965,43.1,0.0,11,MEDIUM
Container,37.8,216.5,Flood,0.909,48.7,0.0,2,MEDIUM
Truck,71.9,334.8,Construction,0.77,54.4,173.2,20,MEDIUM
Tanker,99.0,184.7,Construction,0.824,23.4,154.7,9,MEDIUM
Ambulance,82.6,302.6,None,0.68,82.5,2970.3,10,MEDIUM
Auto,95.1,186.8,Flood,0.474,79.4,0.0,6,MEDIUM
Bus,85.7,11.5,RoadBlock,0.979,84.9,186.8,19,MEDIUM
Truck,96.2,264.4,Bridge,0.851,80.4,0.0,8,MEDIUM
Ambulance,14.1,173.3,Hospital,0.493,15.7,0.0,8,HIGH
Tanker,0.0,116.8,Flood,0.904,60.0,121.1,17,MEDIUM
Car,38.1,6.7,None,0.721,76.1,1117.5,20,LOW
Container,33.5,72.4,Bridge,0.954,48.0,0.0,12,MEDIUM
Car,40.6,131.4,Construction,0.64,73.1,0.0,23,MEDIUM
Car,41.1,124.3,Hairpin,0.977,55.4,0.0,1,MEDIUM
Lorry,29.3,61.2,None,0.919,65.4,2948.0,12,LOW
Auto,8.2,176.0,Hospital,0.828,57.0,0.0,12,MEDIUM
Police,80.1,175.2,Hospital,0.763,76.2,0.0,23,HIGH
Bus,67.8,100.4,RoadBlock,0.566,47.4,0.0,10,HIGH
Ambulance,80.3,194.1,Accident,0.777,58.6,0.0,18,HIGH
Police,70.9,241.8,None,0.733,46.7,2312.3,17,LOW
Bus,13.7,68.8,RoadBlock,0.389,13.1,8.4,8,MEDIUM
Car,10.4,207.1,Construction,0.708,87.0,0.0,9,MEDIUM
Car,42.4,57.0,None,0.942,98.6,1359.7,6,LOW
Lorry,98.8,73.6,None,0.935,70.4,1067.1,21,MEDIUM
Bike,63.0,107.5,Flood,0.599,81.3,0.0,1,MEDIUM
Container,21.1,77.3,Construction,0.988,72.5,0.0,3,MEDIUM
Police,4.8,149.8,School,0.712,15.6,114.2,1,MEDIUM
Auto,71.0,57.3,Hospital,0.94,59.3,0.0,9,MEDIUM
Car,91.3,239.3,None,0.939,16.1,225.5,8,MEDIUM
Bus,76.5,339.2,None,0.811,71.0,2164.7,19,LOW
Auto,74.3,339.9,None,0.835,72.8,2632.3,19,LOW
Ambulance,34.1,298.1,None,0.948,70.9,1525.1,17,LOW
Auto,75.6,331.4,None,0.921,44.8,2761.4,2,MEDIUM
Tanker,40.5,329.2,Flood,0.797,50.4,85.5,11,MEDIUM
Auto,28.6,104.0,Bridge,0.76,74.1,0.0,10,LOW
Tanker,41.5,166.1,School,0.402,26.4,75.9,9,HIGH
Lorry,90.1,223.9,Accident,0.811,56.4,0.0,3,HIGH
Lorry,13.7,16.8,None,0.93,55.2,2079.1,4,LOW
Ambulance,55.5,341.4,None,0.866,73.8,2795.2,18,LOW
Car,78.8,278.5,None,0.756,58.0,1656.6,19,LOW
Bike,83.6,293.3,None,0.684,74.5,640.9,4,MEDIUM
Truck,10.2,206.3,None,0.708,88.8,2329.7,13,LOW
Car,92.7,63.2,None,0.717,26.4,2649.0,5,MEDIUM
Tanker,77.6,314.3,Bridge,0.976,35.6,76.5,19,LOW
Auto,10.1,203.4,None,0.78,85.1,1508.1,20,LOW
Bike,106.6,328.1,Flood,0.75,63.5,198.6,17,MEDIUM
Tanker,93.9,342.3,School,0.882,29.0,0.0,13,HIGH
Truck,64.0,39.3,Flood,0.811,12.6,145.9,18,MEDIUM
Container,104.2,179.3,School,0.799,46.3,32.1,4,HIGH
Container,54.6,194.0,Flood,0.623,38.9,0.0,21,MEDIUM
Bike,83.3,118.7,None,0.996,97.6,1556.2,18,LOW
Ambulance,94.2,70.1,Hospital,0.758,53.7,0.0,0,HIGH
Ambulance,86.9,304.8,Construction,0.976,59.4,163.6,21,MEDIUM
Lorry,89.6,31.1,None,0.769,28.5,2701.6,18,MEDIUM
Truck,16.4,246.5,None,0.516,97.7,482.3,6,LOW
Ambulance,43.1,154.5,Flood,0.963,47.4,0.0,18,MEDIUM
Tanker,49.1,77.8,None,0.866,47.8,1909.3,20,LOW
Car,69.2,0.0,Accident,0.586,83.5,0.0,7,MEDIUM
Bike,35.9,176.2,None,0.907,93.1,2629.9,19,LOW
Ambulance,65.0,205.5,Hospital,0.926,75.8,0.0,3,HIGH
Ambulance,13.9,157.7,RoadBlock,0.894,72.4,0.0,2,MEDIUM
Auto,8.4,202.2,None,0.652,54.0,2793.4,0,LOW
Truck,51.8,357.8,None,0.737,18.3,912.6,16,LOW
Tanker,14.5,335.0,Hospital,0.926,36.7,0.0,20,HIGH
Container,93.0,138.4,Hairpin,0.761,34.7,0.0,13,HIGH
Bike,40.2,16.2,RoadBlock,0.912,82.2,112.3,14,LOW
Bus,75.0,279.9,Hairpin,0.842,84.4,88.1,11,MEDIUM
Tanker,23.9,61.4,None,0.992,59.5,794.3,0,LOW
Police,41.6,105.0,None,0.985,44.7,929.4,19,LOW
Bus,109.8,26.4,Hairpin,0.79,46.1,164.9,14,HIGH
Ambulance,27.5,50.3,None,0.952,47.0,2159.1,21,LOW
Bus,27.0,6.7,None,0.839,55.9,780.8,0,LOW
Truck,96.5,62.2,None,0.793,41.9,148.9,23,MEDIUM
Police,53.3,74.1,None,0.985,78.0,1797.8,1,LOW
Auto,92.6,93.3,Hospital,0.912,84.3,0.0,0,HIGH
Bike,87.9,243.3,None,0.792,54.6,1412.9,2,MEDIUM
Lorry,93.3,105.8,RoadBlock,0.893,26.7,0.0,7,HIGH
Bus,8.7,152.1,None,0.892,70.6,1512.7,11,LOW
Bus,19.3,36.4,RoadBlock,0.501,74.0,0.0,12,MEDIUM
Bike,48.9,123.3,Hospital,0.67,47.0,0.0,0,MEDIUM
Bus,48.5,224.4,Construction,0.804,10.2,0.0,19,MEDIUM
Ambulance,45.4,181.3,Construction,0.952,56.9,0.0,13,MEDIUM
Bike,53.2,165.0,None,0.529,49.6,1093.3,4,LOW
Bike,11.3,120.9,None,0.806,33.4,442.3,12,LOW
Lorry,93.6,315.0,None,0.982,11.9,1773.8,2,MEDIUM
Bike,16.5,4.4,None,0.728,89.9,936.6,9,LOW
Car,36.4,78.3,Accident,0.783,72.0,175.2,10,MEDIUM
Ambulance,11.5,163.6,None,0.939,46.4,2337.1,16,LOW
Truck,15.6,56.6,None,0.939,39.6,1164.2,8,LOW
Car,46.3,115.8,Bridge,0.982,37.8,0.0,6,LOW
Truck,38.2,156.2,None,0.64,15.4,2774.9,15,MEDIUM
Bus,97.8,181.7,None,0.919,52.8,2255.7,23,MEDIUM
Bike,3.3,212.8,Accident,0.793,89.9,0.0,2,MEDIUM
Bus,15.1,226.3,Hospital,0.877,12.4,0.0,18,HIGH
Bus,75.0,215.6,Construction,0.784,76.4,179.0,6,MEDIUM
Ambulance,75.9,284.3,Accident,0.814,31.1,105.3,17,MEDIUM
Police,75.4,78.5,None,0.823,23.4,744.4,7,LOW
Lorry,96.7,242.1,Bridge,0.916,24.0,0.0,16,MEDIUM
Container,45.0,171.1,None,0.762,69.0,439.1,0,LOW
Auto,32.6,112.6,None,0.754,87.1,2684.6,23,LOW
Auto,88.1,119.5,None,0.567,86.4,2885.6,12,MEDIUM
Truck,62.6,163.9,None,0.819,90.0,1119.2,15,LOW
Ambulance,69.7,227.7,None,0.824,25.6,1490.9,7,LOW
Bike,10.1,321.2,Flood,0.982,63.1,0.0,11,MEDIUM
Ambulance,108.2,23.8,Flood,0.981,39.6,0.0,21,HIGH
Bus,82.3,311.0,Bridge,0.522,52.8,67.8,11,MEDIUM
Bus,31.1,243.9,Hospital,0.771,81.5,0.0,21,MEDIUM
Container,69.4,335.3,School,0.937,91.6,0.0,17,HIGH
Truck,66.5,276.4,None,0.844,27.8,676.2,12,MEDIUM
Truck,14.4,219.3,Accident,0.722,89.2,0.0,18,MEDIUM
Auto,42.8,315.1,None,0.967,22.3,951.9,14,LOW
Car,55.0,244.1,None,0.527,71.9,1369.6,7,LOW
Auto,94.3,140.9,None,0.717,39.5,1477.6,17,MEDIUM
Bus,77.7,321.4,Flood,0.866,47.6,0.0,10,HIGH
Auto,4.1,246.8,Bridge,0.736,33.0,124.9,17,LOW
Auto,6.7,253.9,None,0.86,95.0,726.5,16,LOW
Bus,87.3,96.9,None,0.961,60.0,2521.5,19,MEDIUM
Auto,29.5,302.0,Hospital,0.6,43.0,53.4,2,MEDIUM
Police,16.5,139.9,None,0.814,23.1,273.3,1,LOW
Police,58.8,0.4,Hospital,0.709,43.7,0.0,5,MEDIUM
Bike,1.8,30.0,None,0.741,18.8,782.1,14,LOW
Lorry,39.3,12.7,Accident,0.929,85.9,0.0,19,MEDIUM
Ambulance,13.6,227.7,Hospital,0.815,36.0,15.8,2,MEDIUM
Police,53.8,56.8,None,0.778,11.2,853.2,19,LOW
Ambulance,51.5,249.2,Flood,0.999,66.1,88.4,18,LOW
Bike,88.9,247.9,None,0.953,81.3,743.8,22,MEDIUM
Bus,55.3,337.7,None,0.322,62.1,1532.1,16,MEDIUM
Police,40.0,331.4,Hairpin,0.997,53.0,68.1,17,MEDIUM
Bike,100.0,161.8,School,0.895,56.1,0.0,20,HIGH
Lorry,84.9,313.8,None,0.937,19.2,158.1,1,MEDIUM
Car,10.5,114.7,None,0.889,14.1,728.4,12,LOW
Auto,44.9,137.4,None,0.967,44.9,2712.6,21,LOW
Car,37.6,3.1,School,0.767,80.5,8.3,3,MEDIUM
Bike,53.8,190.4,Accident,0.837,33.9,100.4,10,MEDIUM
Tanker,100.2,45.4,None,0.96,99.8,2961.9,5,MEDIUM
Ambulance,38.9,180.9,None,0.792,54.1,2631.2,18,LOW
Bus,29.3,80.3,None,0.996,99.5,2711.3,19,LOW
Lorry,69.9,320.1,Flood,0.834,61.1,26.2,17,MEDIUM
Tanker,40.4,160.1,None,0.848,37.9,2184.3,7,LOW
Lorry,21.5,146.5,Construction,0.691,77.5,0.0,12,MEDIUM
Truck,60.0,155.6,None,0.906,60.3,1692.0,5,LOW
Container,56.2,338.9,None,0.963,18.6,978.7,5,LOW
Container,25.4,80.2,None,0.929,88.7,2601.1,5,LOW
Bus,43.0,20.5,None,0.935,98.8,2468.4,18,LOW
Lorry,80.3,211.3,None,0.767,24.7,1793.2,16,MEDIUM
Container,36.7,326.8,Construction,0.88,44.4,0.0,16,MEDIUM
Ambulance,73.7,236.9,None,0.928,19.0,1907.8,11,LOW
Police,51.5,225.7,None,0.693,59.7,1520.6,12,LOW
Bike,108.6,101.8,None,0.898,82.2,786.6,0,MEDIUM
Police,54.3,226.4,None,0.795,73.6,2223.3,8,LOW
Lorry,33.0,347.6,None,0.69,48.8,2604.9,20,LOW
Bike,75.9,236.3,Hospital,0.971,65.7,0.0,15,MEDIUM
Bus,33.8,169.8,Hairpin,0.779,36.4,0.0,16,HIGH
Container,85.9,64.6,Bridge,0.951,95.8,0.0,1,MEDIUM
Container,82.1,272.6,RoadBlock,0.927,79.8,0.0,9,MEDIUM
Tanker,50.2,130.5,None,0.962,36.3,589.3,3,LOW
Container,63.8,134.1,RoadBlock,0.76,40.8,0.0,6,HIGH
Container,47.8,166.4,RoadBlock,0.867,13.5,0.0,15,MEDIUM
Bike,9.9,255.0,Construction,0.929,51.4,0.0,13,MEDIUM
Container,21.7,332.9,Hairpin,0.792,22.9,0.0,19,HIGH
Bus,73.9,204.5,Construction,0.723,97.6,0.0,2,MEDIUM
Container,32.8,338.1,Accident,0.938,15.0,0.0,12,HIGH
Truck,53.8,56.6,None,0.823,89.1,499.3,17,LOW
Bus,28.6,175.7,None,0.891,22.8,616.5,0,LOW
Bus,41.5,75.4,Bridge,0.924,80.1,155.4,16,LOW
Container,54.0,34.7,None,0.771,46.5,1942.5,5,LOW
Container,52.1,174.3,None,0.676,37.5,1347.7,13,LOW
Container,30.3,233.9,None,0.959,68.6,2888.2,14,LOW
Tanker,21.2,326.4,None,0.703,53.0,2191.4,5,LOW
Container,89.0,188.0,None,0.866,21.1,1215.6,23,MEDIUM
Tanker,36.8,310.7,None,0.854,18.9,834.0,23,MEDIUM
Container,14.9,166.4,None,0.682,30.7,1490.0,22,MEDIUM
Tanker,5.6,244.3,Accident,0.876,82.1,144.0,4,MEDIUM
Auto,63.8,225.5,Construction,0.66,71.8,0.0,22,MEDIUM
Container,34.1,5.5,School,0.442,77.2,0.0,0,HIGH
Car,31.3,264.2,Flood,0.761,86.8,0.0,11,MEDIUM
Auto,56.9,183.7,Bridge,0.874,55.7,0.0,7,LOW
Truck,94.0,83.4,None,0.978,29.1,779.9,10,MEDIUM
Car,35.9,101.2,None,0.866,87.7,1932.9,10,LOW
Bike,24.1,129.8,RoadBlock,0.77,82.3,62.2,20,LOW
Bus,84.9,232.5,Construction,0.893,24.2,0.0,9,HIGH
Bike,65.9,210.4,None,0.841,62.9,327.2,12,LOW
Police,13.2,234.9,Flood,0.92,88.5,0.0,22,MEDIUM
Lorry,20.8,99.4,None,0.911,53.8,2919.3,14,LOW
Police,87.6,144.1,None,0.898,78.2,1726.4,20,LOW
Car,17.5,114.6,Flood,0.814,24.8,0.0,16,MEDIUM
Bus,92.0,221.6,None,0.922,43.9,552.1,9,MEDIUM
Truck,91.9,182.7,RoadBlock,0.876,24.5,0.0,22,HIGH
Truck,72.4,227.6,Flood,0.871,72.4,0.0,2,MEDIUM
Auto,35.5,155.5,Flood,0.685,33.2,46.1,0,MEDIUM
Auto,60.4,25.2,Hospital,0.937,11.0,0.0,12,HIGH
Truck,64.1,304.6,Bridge,0.638,65.1,0.0,8,MEDIUM
Lorry,81.3,255.8,None,0.884,44.3,490.4,11,MEDIUM
Bus,85.2,181.0,None,0.772,12.7,1071.4,12,MEDIUM
Truck,29.3,283.2,None,0.962,12.6,736.1,5,LOW
Container,41.1,218.2,None,0.774,22.1,425.5,14,LOW
Container,94.3,75.4,None,0.511,67.2,225.0,15,MEDIUM
Bus,109.3,9.6,Hairpin,0.883,52.5,0.0,4,HIGH
Bike,8.7,218.3,None,0.961,22.0,1421.0,12,LOW
Bike,104.2,277.2,Bridge,0.956,85.4,99.7,3,LOW
Bike,11.7,53.1,Accident,0.747,44.8,44.2,14,MEDIUM
Police,101.8,184.8,Accident,0.854,87.6,0.0,14,HIGH
Lorry,10.4,350.2,None,0.934,92.4,2826.4,22,LOW
Auto,3.5,255.5,Accident,0.886,92.5,0.0,10,MEDIUM
Bus,88.2,49.1,RoadBlock,0.972,94.6,131.8,13,MEDIUM
Truck,31.9,62.1,None,0.997,79.1,385.5,10,LOW
Auto,61.6,223.8,Hospital,0.924,54.8,182.0,9,MEDIUM
Bike,76.3,137.1,Flood,0.908,96.4,0.0,5,MEDIUM
Container,65.3,330.0,Bridge,0.731,98.1,105.7,17,LOW
Bike,28.7,205.9,None,0.633,65.1,987.4,8,LOW
Police,17.1,223.8,None,0.464,54.1,2927.0,23,LOW
Police,84.0,305.8,Bridge,0.904,47.9,0.0,12,MEDIUM
Car,45.0,39.0,None,0.919,93.6,2007.1,8,LOW
Auto,12.6,51.5,None,0.988,88.4,416.6,19,LOW
Truck,22.8,348.4,Accident,0.781,93.9,0.0,19,MEDIUM
Auto,49.1,40.4,None,0.624,34.3,509.1,0,LOW
Bus,76.9,295.0,None,0.655,83.6,1685.3,2,MEDIUM
Container,101.1,174.3,Bridge,0.575,19.7,113.4,19,MEDIUM
Bike,79.9,269.4,None,0.495,30.9,1102.2,23,MEDIUM
Police,73.9,114.6,None,0.889,28.3,2330.0,4,MEDIUM
Bike,45.3,145.5,Bridge,0.645,46.1,0.0,4,MEDIUM
Truck,60.1,209.7,Flood,0.84,63.2,0.0,12,MEDIUM
Car,27.6,13.6,RoadBlock,0.923,68.4,0.0,1,MEDIUM
Tanker,86.4,10.1,None,0.968,95.9,954.8,19,MEDIUM
Police,53.8,137.9,None,0.922,83.0,2388.7,11,LOW
Container,84.8,164.9,None,0.913,24.3,1233.5,5,MEDIUM
Bike,32.7,215.1,None,0.811,18.2,2094.4,1,LOW
Car,74.0,341.3,RoadBlock,0.974,55.2,0.0,8,MEDIUM
Lorry,31.3,56.6,None,0.867,91.5,105.1,20,LOW
Auto,66.1,328.8,None,0.703,53.0,774.2,3,MEDIUM
Container,66.0,94.7,Accident,0.874,40.3,0.0,23,HIGH
Truck,77.6,280.4,School,0.639,44.4,0.0,20,HIGH
Auto,7.2,106.0,None,0.98,52.6,2722.0,21,LOW
Tanker,41.8,188.6,RoadBlock,0.89,32.8,0.0,8,MEDIUM
Bike,8.7,190.8,RoadBlock,0.591,50.1,0.0,19,MEDIUM
Car,84.4,267.7,None,0.942,11.1,604.5,15,MEDIUM
Auto,88.9,196.0,None,0.435,51.9,286.2,2,MEDIUM
Truck,65.7,128.0,Flood,0.606,48.0,0.0,1,HIGH
Bus,68.3,315.8,Construction,0.712,13.1,0.0,5,HIGH
Police,31.6,94.7,None,0.817,82.6,2173.1,14,LOW
Bus,14.2,78.9,Hairpin,0.972,38.8,0.0,19,HIGH
Truck,36.0,275.8,Construction,0.897,40.7,0.0,12,MEDIUM
Bus,63.8,253.1,Accident,0.659,19.1,0.0,3,HIGH
Car,60.2,216.3,None,0.828,35.6,1555.1,4,MEDIUM
Bike,22.5,106.6,None,0.526,40.7,1748.2,7,LOW
Auto,85.5,256.7,RoadBlock,0.959,41.4,0.0,9,MEDIUM
Ambulance,13.8,347.3,None,0.458,32.8,339.9,10,LOW
Car,100.7,92.9,Accident,0.844,96.0,0.0,20,HIGH
Tanker,32.1,25.0,Construction,0.622,54.0,0.0,9,MEDIUM
Truck,34.7,277.2,None,0.839,77.1,919.1,0,LOW
Ambulance,66.1,50.8,Flood,0.73,19.5,0.0,0,HIGH
Container,24.0,219.6,Flood,0.85,71.7,0.0,19,MEDIUM
Bus,29.3,318.1,School,0.783,33.4,114.0,6,MEDIUM
Container,8.7,333.9,None,0.978,72.3,1812.6,23,LOW
Truck,89.1,14.7,School,0.674,77.0,0.0,22,HIGH
Auto,39.4,28.4,None,0.827,75.9,2974.9,4,LOW
Auto,28.6,115.7,None,0.769,95.1,2650.2,0,LOW
Lorry,109.0,135.0,None,0.927,29.3,2358.4,3,MEDIUM
Lorry,69.5,80.5,None,0.838,97.5,535.8,11,LOW
Bike,99.7,122.5,None,0.902,93.4,839.6,12,LOW
Bus,43.8,181.1,RoadBlock,0.533,11.6,0.0,8,HIGH
Bus,68.8,352.3,School,0.916,64.9,0.0,15,HIGH
Ambulance,82.4,184.6,Construction,0.982,11.1,0.0,19,HIGH
Lorry,67.3,349.5,None,0.706,84.0,1150.0,8,LOW
Auto,47.6,41.5,Hairpin,0.967,31.1,0.0,23,HIGH
Truck,5.0,179.4,None,0.849,13.9,1967.3,13,MEDIUM
Car,60.7,82.3,None,0.771,32.0,2058.3,7,LOW
Tanker,13.0,248.5,Construction,0.985,15.5,0.0,10,MEDIUM
Bus,20.3,14.8,School,0.821,60.3,0.0,22,HIGH
Tanker,72.7,134.3,Hairpin,0.854,12.9,0.0,1,HIGH
Auto,103.6,319.1,None,0.815,50.2,228.1,12,MEDIUM
Auto,4.4,338.6,None,0.634,40.8,2309.4,11,LOW
Tanker,53.4,229.0,Hospital,0.759,91.2,0.0,14,MEDIUM
Container,60.6,123.6,None,0.621,95.5,112.8,9,LOW
Bus,34.9,300.6,Bridge,0.89,42.3,0.0,15,MEDIUM
Bus,71.8,131.8,None,0.835,66.0,2646.7,14,LOW
Truck,11.4,90.3,Hairpin,0.926,47.7,192.7,1,MEDIUM
Bike,64.2,49.7,Construction,0.852,94.0,0.0,6,MEDIUM
Ambulance,75.7,184.9,Bridge,0.912,56.2,0.0,14,MEDIUM
Truck,11.3,56.2,None,0.596,77.2,2685.9,5,LOW
Car,64.4,259.7,School,0.62,66.9,128.9,3,MEDIUM
Container,86.3,41.4,None,0.624,64.1,741.2,3,MEDIUM
Car,61.2,55.9,Construction,0.983,32.1,0.0,22,MEDIUM
Truck,54.8,88.9,RoadBlock,0.978,10.0,119.7,1,MEDIUM
Truck,23.3,4.5,Bridge,0.887,23.0,0.0,14,MEDIUM
Container,1.3,343.1,Hospital,0.945,58.2,0.0,9,MEDIUM
Bike,48.8,197.9,None,0.906,77.9,1305.3,15,LOW
Ambulance,100.5,231.3,Accident,0.769,67.6,0.0,22,HIGH
Car,104.1,115.5,None,0.53,17.9,2079.1,5,MEDIUM
Bike,19.6,329.3,None,0.656,59.4,2813.1,14,LOW
Ambulance,94.1,127.8,None,0.893,13.0,1299.3,15,MEDIUM
Truck,91.3,159.5,School,0.945,54.1,0.0,6,HIGH
Lorry,56.8,80.8,None,0.781,83.9,212.3,5,LOW
Police,54.5,142.2,None,0.857,37.0,1855.5,13,LOW
Ambulance,27.1,219.3,Flood,0.567,57.2,0.0,11,MEDIUM
Bike,89.4,236.7,Bridge,0.792,35.3,0.0,22,MEDIUM
Car,62.1,166.0,Hairpin,0.941,60.4,0.0,8,MEDIUM
Ambulance,25.1,313.1,Construction,0.745,44.6,0.0,10,MEDIUM
Car,17.6,309.0,Hospital,0.686,83.7,0.0,1,MEDIUM
Police,68.6,12.6,None,0.646,70.7,227.7,3,MEDIUM
Car,106.5,329.6,School,0.864,44.4,28.1,20,HIGH
Lorry,56.2,121.2,Hospital,0.601,71.9,132.3,18,MEDIUM
Tanker,60.6,111.6,School,0.783,62.1,0.0,7,HIGH
Truck,97.5,333.0,None,0.7,33.7,2114.9,5,MEDIUM
Auto,45.1,299.4,Hairpin,0.953,59.5,111.9,9,MEDIUM
Auto,82.8,306.9,None,0.578,35.9,402.0,12,MEDIUM
Bike,25.6,339.4,None,0.884,70.2,1810.5,20,LOW
Truck,63.3,39.6,RoadBlock,0.901,20.9,0.0,18,HIGH
Truck,52.6,339.4,None,0.727,32.3,2797.4,12,LOW
Tanker,20.3,249.5,Construction,0.936,29.9,0.0,12,MEDIUM
Bus,71.5,267.9,RoadBlock,0.94,22.8,0.0,9,HIGH
Police,91.8,342.7,None,0.643,19.9,2971.0,18,MEDIUM
Lorry,72.1,352.6,Accident,0.93,12.1,0.0,13,HIGH
Bike,41.5,93.8,None,0.438,63.0,454.0,18,LOW
Truck,23.5,257.4,None,0.861,34.4,1901.9,0,LOW
Tanker,81.4,265.5,Accident,0.812,23.7,0.0,21,HIGH
Lorry,45.0,254.9,None,0.947,63.2,409.4,1,LOW
Bike,19.7,12.9,Accident,0.859,87.5,0.0,2,MEDIUM
Bus,40.6,62.3,School,0.643,21.6,26.7,21,HIGH
Truck,24.7,198.1,Hospital,0.988,35.0,0.0,11,HIGH
Auto,54.2,267.0,None,0.52,71.3,1433.8,4,LOW
Truck,9.0,6.5,None,0.852,45.5,2165.0,0,MEDIUM
Bike,89.7,171.5,None,0.918,41.4,482.4,21,LOW
Truck,100.5,10.7,None,0.869,23.1,2895.2,8,MEDIUM
Bus,1.5,244.6,Accident,0.408,77.4,0.0,14,HIGH
Container,4.2,76.5,Bridge,0.877,77.5,115.1,14,LOW
Container,53.8,91.9,None,0.953,73.8,2253.9,0,LOW
Car,61.5,76.9,School,0.378,20.0,0.0,17,HIGH
Police,10.7,87.0,None,0.908,83.7,1048.6,15,LOW
Bus,33.6,303.0,RoadBlock,0.523,62.8,0.0,18,MEDIUM
Auto,33.2,334.1,None,0.846,52.5,405.3,2,LOW
Truck,26.9,244.0,Accident,0.519,47.1,68.0,15,MEDIUM
Auto,72.1,353.5,None,0.557,32.2,599.4,5,MEDIUM
Ambulance,36.9,243.7,Flood,0.959,99.4,0.0,23,MEDIUM
Auto,103.5,140.2,None,0.969,22.0,309.2,21,MEDIUM
Tanker,91.1,152.5,Hairpin,0.792,55.1,156.7,11,HIGH
Truck,12.7,23.0,None,0.417,12.8,2087.3,2,MEDIUM
Ambulance,94.1,270.7,Construction,0.677,57.5,0.0,13,MEDIUM
Bike,24.8,348.1,Bridge,0.968,33.0,0.0,15,LOW
Bike,42.0,190.2,Bridge,0.873,92.9,0.0,23,LOW
Truck,51.3,91.5,None,0.995,46.5,2860.2,18,LOW
Ambulance,28.5,176.9,Accident,0.622,95.8,0.0,20,MEDIUM
Auto,107.8,63.0,None,0.918,96.9,986.6,22,LOW
Auto,71.9,49.3,None,0.579,27.6,1103.5,12,MEDIUM
Tanker,81.1,236.6,None,0.825,19.7,373.6,0,MEDIUM
Bike,78.8,113.2,None,0.732,71.0,858.9,4,LOW
Car,28.8,316.7,Flood,0.878,39.9,33.1,10,MEDIUM
Bus,86.0,251.5,Accident,0.805,56.0,0.0,18,HIGH
Ambulance,97.6,151.8,None,0.774,77.4,198.7,17,LOW
Car,22.6,12.6,Bridge,0.872,52.5,0.0,17,LOW
Bike,82.3,338.9,Bridge,0.993,60.1,8.2,1,MEDIUM
Bus,25.7,253.0,None,0.989,18.6,2864.2,12,LOW
Bike,95.6,23.6,None,0.812,34.6,117.7,19,MEDIUM
Ambulance,87.9,152.2,School,0.533,50.5,47.8,2,HIGH
Truck,15.1,208.4,RoadBlock,0.574,40.5,0.0,18,HIGH
Lorry,72.6,97.1,None,0.886,32.3,1676.2,21,MEDIUM
Auto,9.9,166.8,Accident,0.893,77.0,0.0,22,MEDIUM
Lorry,13.1,100.8,RoadBlock,0.894,41.6,0.0,23,MEDIUM
Car,37.0,224.5,None,0.92,65.6,2387.5,5,LOW
Car,89.1,356.3,None,0.943,34.0,301.2,10,MEDIUM
Truck,34.5,353.2,None,0.687,38.3,2207.8,10,LOW
Car,24.4,71.2,Accident,0.713,42.1,0.0,8,MEDIUM
Police,96.8,91.7,Flood,0.84,16.1,0.0,3,HIGH
Ambulance,43.1,63.8,None,0.682,73.2,2361.9,20,LOW
Lorry,91.4,96.4,None,0.708,24.6,321.9,8,MEDIUM
Auto,21.4,151.0,None,0.691,19.5,794.9,12,LOW
Police,34.5,196.8,None,0.665,13.0,342.9,23,LOW
Bike,76.9,174.5,Flood,0.976,67.6,153.7,8,MEDIUM
Auto,31.5,246.8,Hairpin,0.947,32.0,80.4,17,MEDIUM
Car,27.5,0.4,None,0.799,69.9,312.7,14,LOW
Bus,72.6,334.1,Construction,0.927,30.4,0.0,2,HIGH
Ambulance,86.3,343.3,Construction,0.859,24.5,0.0,10,HIGH
Ambulance,21.6,9.8,None,0.593,70.0,2715.3,8,LOW
Auto,109.9,140.7,Bridge,0.882,52.5,78.1,18,LOW
Auto,18.5,158.6,None,0.901,38.1,428.0,9,LOW
Ambulance,58.5,328.9,None,0.773,21.9,1548.5,22,LOW
Truck,25.2,286.6,None,0.774,80.5,687.7,10,LOW
Container,106.2,2.1,Hairpin,0.904,72.1,0.0,3,HIGH
Auto,65.3,90.2,Accident,0.855,97.5,0.0,21,MEDIUM
Container,31.0,217.8,Bridge,0.797,65.6,43.6,12,LOW
Car,79.8,108.0,None,0.925,57.9,2343.1,3,LOW
Truck,28.4,268.0,None,0.777,69.2,144.5,21,LOW
Lorry,33.2,319.0,None,0.687,61.0,1208.2,6,LOW
Lorry,68.2,114.5,None,0.949,59.4,1791.6,22,MEDIUM
Truck,82.6,350.4,None,0.546,32.8,2275.7,10,MEDIUM
Car,62.3,210.0,None,0.741,76.3,1771.5,15,LOW
Car,74.1,174.2,None,0.866,99.1,2956.5,4,LOW
Auto,64.5,12.2,None,0.908,17.6,1747.5,5,LOW
Ambulance,56.7,91.7,None,0.977,74.9,963.3,21,LOW
Bike,96.8,59.5,None,0.885,65.7,2261.5,13,LOW
Car,82.7,3.1,None,0.787,81.8,1097.3,13,LOW
Car,25.3,111.3,None,0.891,63.6,1395.3,10,LOW
Container,87.7,268.5,None,0.428,43.0,406.8,14,MEDIUM
Car,108.6,30.8,None,0.726,79.2,2060.5,9,LOW
Lorry,70.3,303.4,RoadBlock,0.873,38.4,22.7,19,MEDIUM
Bus,80.3,48.9,Bridge,0.829,84.3,0.0,8,MEDIUM
Ambulance,97.7,178.3,Flood,0.69,85.6,172.7,5,MEDIUM
Container,19.3,70.7,None,0.947,52.8,2297.9,1,LOW
Container,53.5,199.5,None,0.667,39.6,737.1,7,MEDIUM
Car,89.5,268.2,None,0.944,14.1,642.7,5,MEDIUM
Truck,11.1,199.6,Accident,0.433,68.3,0.0,9,HIGH
Police,89.1,329.5,None,0.629,87.5,299.1,15,LOW
Police,28.7,349.4,None,0.639,89.3,1668.6,12,LOW
Container,43.3,128.8,Hospital,0.612,37.0,0.0,0,HIGH
Bus,69.5,58.8,None,0.845,59.9,2289.4,22,MEDIUM
Truck,16.0,220.4,None,0.891,41.8,2904.0,16,LOW
Tanker,96.3,209.8,None,0.721,46.1,1944.6,1,MEDIUM
Bike,80.7,8.2,School,0.832,82.3,0.0,15,HIGH
Ambulance,1.9,173.5,None,0.772,25.6,2200.0,22,LOW
Bike,55.1,274.7,Flood,0.703,87.5,0.0,2,MEDIUM
Auto,5.7,206.1,None,0.532,31.5,1980.8,14,LOW
Car,5.1,61.2,None,0.964,42.5,2414.2,14,LOW
Ambulance,45.5,210.4,None,0.936,73.7,2293.2,5,LOW
Ambulance,75.0,38.0,Hospital,0.766,46.8,0.0,23,HIGH
Bus,18.2,193.3,Hairpin,0.988,70.1,0.0,16,MEDIUM
Police,18.2,320.7,None,0.851,69.7,1575.3,7,LOW
Auto,34.4,347.8,None,0.976,99.1,909.0,17,LOW
Bike,100.7,45.0,None,0.923,67.9,1821.2,20,LOW
Tanker,101.1,275.1,Accident,0.886,85.7,0.0,4,HIGH
Bike,7.4,209.6,Bridge,0.948,38.7,93.1,10,LOW
Container,22.1,90.4,None,0.722,13.9,468.1,1,MEDIUM
Ambulance,95.0,303.8,None,0.947,62.2,1832.4,9,LOW
Tanker,86.7,341.7,None,0.719,17.7,1193.7,10,MEDIUM
Lorry,1.4,63.7,Hospital,0.847,19.3,0.0,4,HIGH
Bus,50.0,233.9,None,0.992,23.2,1247.9,9,LOW
Auto,41.2,264.4,None,0.897,80.5,1541.3,21,LOW
Truck,21.3,268.3,None,0.813,81.2,950.6,14,LOW
Ambulance,95.3,259.4,RoadBlock,0.675,74.0,0.0,21,MEDIUM
Bus,34.4,264.2,None,0.998,29.5,2329.6,5,LOW
Bike,29.9,0.8,None,0.815,64.0,2417.2,21,LOW
Truck,107.4,308.9,None,0.807,86.8,2553.0,11,MEDIUM
Bike,65.7,171.2,Hairpin,0.833,14.7,0.0,19,HIGH
Lorry,0.1,337.2,Hairpin,0.681,49.4,0.0,10,HIGH
Lorry,107.7,86.4,Hairpin,0.891,50.1,0.0,19,HIGH
Lorry,33.4,159.9,None,0.44,95.3,1236.7,23,LOW
Bus,23.9,199.1,None,0.916,93.8,359.7,19,LOW
Container,67.7,122.8,Bridge,0.844,63.3,0.0,0,MEDIUM
Truck,87.5,124.1,Hospital,0.88,47.0,30.6,12,HIGH
Bike,100.2,284.9,None,0.546,26.6,2439.7,16,MEDIUM
Ambulance,2.0,330.5,None,0.702,32.0,1930.7,5,LOW
Tanker,30.9,31.6,None,0.927,63.1,1626.4,8,LOW
Car,14.6,70.8,RoadBlock,0.947,81.9,65.8,11,LOW
Police,62.5,26.7,RoadBlock,0.747,78.2,0.0,22,MEDIUM
Truck,38.0,123.3,School,0.444,23.8,128.3,21,HIGH
Container,4.7,136.1,Bridge,0.631,83.4,197.5,19,LOW
Bike,58.4,204.3,None,0.635,69.2,2277.6,16,LOW
Tanker,73.5,267.7,None,0.484,12.8,2978.3,19,MEDIUM
Ambulance,91.1,240.9,Flood,0.791,34.9,74.5,19,MEDIUM
Container,50.6,278.1,None,0.274,32.4,856.9,18,MEDIUM
Police,83.3,123.0,Construction,0.892,96.6,0.0,14,MEDIUM
Tanker,47.2,107.4,None,0.955,31.3,1038.6,7,LOW
Truck,32.1,286.4,None,0.969,15.8,610.0,22,LOW
Tanker,12.4,124.5,Flood,0.937,64.3,0.0,17,MEDIUM
Auto,32.4,216.4,None,0.574,12.1,2946.0,5,LOW
Lorry,33.0,100.1,Construction,0.844,16.0,0.0,3,HIGH
Bike,32.5,25.3,None,0.987,67.5,1780.0,0,LOW
Bus,95.6,284.1,RoadBlock,0.784,85.6,0.0,16,HIGH
Car,55.0,98.1,RoadBlock,0.803,38.3,0.0,4,MEDIUM
Truck,92.2,320.5,School,0.975,53.8,0.0,7,HIGH
Car,98.1,121.1,School,0.895,88.8,0.0,22,HIGH
Police,55.9,82.9,None,0.911,63.4,2969.8,12,LOW
Car,2.8,298.5,None,0.764,56.7,1263.7,22,LOW
Car,99.6,33.5,Hospital,0.951,60.7,0.0,6,HIGH
Truck,64.3,245.7,None,0.931,12.1,1202.9,1,MEDIUM
Lorry,19.9,199.5,None,0.96,24.5,2638.5,10,LOW
Truck,39.7,156.0,Hairpin,0.975,54.9,0.0,8,MEDIUM
Bike,34.4,181.5,Flood,0.863,34.5,0.0,10,MEDIUM
Auto,3.1,188.8,None,0.869,38.4,748.3,21,LOW
Car,106.7,288.1,School,0.803,19.2,0.0,23,HIGH
Car,73.3,236.1,None,0.761,68.5,201.1,12,LOW
Car,105.7,202.0,None,0.867,93.8,2236.2,8,LOW
Auto,2.1,86.1,None,0.995,85.3,2552.6,14,LOW
Container,69.8,330.7,School,0.691,22.4,195.8,1,HIGH
Ambulance,2.7,187.5,None,0.796,68.6,2129.8,8,LOW
Car,54.4,213.9,None,0.658,71.9,666.6,11,LOW
Truck,52.9,75.5,Hospital,0.899,28.8,189.5,7,MEDIUM
Car,0.4,320.1,None,0.687,67.9,469.4,17,LOW
Ambulance,50.3,168.1,None,0.902,60.3,2651.5,19,LOW
Bike,46.9,259.5,School,0.899,33.0,0.0,17,MEDIUM
Ambulance,44.6,11.3,None,0.999,51.8,1093.9,17,LOW
Bike,48.5,165.4,Flood,0.869,69.9,0.0,17,MEDIUM
Auto,106.5,23.7,None,0.63,46.7,1011.2,5,MEDIUM
Police,39.9,329.1,School,0.709,22.0,53.7,7,MEDIUM
Bike,5.0,129.3,Construction,0.581,64.5,0.0,16,MEDIUM
Police,95.2,313.7,Hospital,0.772,42.3,0.0,0,HIGH
Auto,31.7,350.2,None,0.895,97.2,2354.6,5,LOW
Truck,79.9,343.9,None,0.971,11.3,466.3,12,LOW
Auto,46.8,4.3,Bridge,0.54,26.3,0.0,0,MEDIUM
Bus,72.4,9.3,None,0.953,38.7,2705.5,22,MEDIUM
Container,36.4,190.8,None,0.709,59.0,926.7,20,LOW
Bike,68.5,214.8,Accident,0.669,54.2,0.0,0,HIGH
Truck,14.4,263.5,School,0.764,67.7,110.9,11,MEDIUM
Truck,4.4,270.0,None,0.257,69.0,1884.6,11,LOW
Container,40.9,31.2,Construction,0.888,47.3,0.0,15,MEDIUM
Truck,50.8,85.4,Flood,0.942,95.4,0.0,9,MEDIUM
Bus,6.6,22.3,Hospital,0.565,93.6,0.0,17,MEDIUM
Bike,48.4,89.8,Flood,0.949,99.2,0.0,2,MEDIUM
Auto,45.0,16.2,None,0.369,45.8,2239.5,4,LOW
Bus,2.8,194.2,Accident,0.948,94.2,0.0,19,MEDIUM
Container,45.6,2.1,Hospital,0.828,92.3,0.0,1,HIGH
Tanker,87.8,159.7,None,0.511,10.1,1780.7,8,MEDIUM
Truck,95.1,79.4,None,0.744,13.7,603.7,21,MEDIUM
Police,5.1,168.2,Hairpin,0.364,19.4,0.0,13,HIGH
Bus,100.9,116.7,School,0.727,96.4,40.7,4,HIGH
Container,38.0,280.5,None,0.739,67.2,1430.9,0,LOW
Car,51.4,145.8,Hairpin,0.966,93.2,0.0,20,MEDIUM
Container,11.6,159.9,None,0.942,82.1,2301.4,8,LOW
Police,11.5,239.7,Accident,0.86,69.7,0.0,4,MEDIUM
Police,24.1,146.7,Accident,0.936,49.0,75.6,5,MEDIUM
Auto,67.4,20.8,None,0.811,12.6,1948.0,23,MEDIUM
Tanker,29.6,166.5,School,0.827,66.2,0.0,2,HIGH
Bike,23.6,292.3,Accident,0.803,61.8,0.0,22,MEDIUM
Police,98.1,298.7,Bridge,0.897,69.9,0.0,4,MEDIUM
Truck,4.6,258.5,None,0.888,95.6,1455.8,17,LOW
Container,8.6,198.1,School,0.695,30.0,0.0,2,HIGH
Container,7.6,124.6,Hairpin,0.604,53.6,0.0,3,HIGH
Car,47.3,314.0,Accident,0.717,91.2,0.0,3,MEDIUM
Truck,94.8,194.5,None,0.972,98.0,2382.8,5,LOW
Car,82.2,230.9,None,0.899,70.6,2454.4,7,LOW
Police,29.6,33.0,Hairpin,0.869,40.6,181.6,4,MEDIUM
Car,36.8,282.0,None,0.442,10.8,299.3,2,MEDIUM
Auto,82.8,160.3,None,0.834,84.6,1724.0,21,LOW
Police,32.5,334.8,None,0.653,75.4,2007.3,22,LOW
Truck,16.7,278.2,None,0.5,10.8,396.9,17,MEDIUM
Tanker,65.7,2.3,Bridge,0.991,86.6,185.5,4,LOW
Bike,12.8,279.3,None,0.606,57.8,1026.1,13,LOW
Auto,10.4,37.7,RoadBlock,0.951,62.9,0.0,11,MEDIUM
Tanker,68.9,353.8,None,0.937,37.9,561.4,15,MEDIUM
Ambulance,79.6,324.8,Hospital,0.926,45.0,150.9,23,MEDIUM
Bus,72.7,347.8,None,0.399,99.0,1491.2,6,MEDIUM
Bike,68.8,129.3,Hospital,0.679,42.8,0.0,23,HIGH
Car,88.8,104.0,None,0.703,68.1,2149.4,10,LOW
Container,90.5,57.4,None,0.736,12.6,1762.7,7,MEDIUM
Truck,35.7,353.4,None,0.435,31.0,634.0,9,MEDIUM
Container,82.0,280.0,None,0.677,65.0,953.8,8,MEDIUM
Lorry,62.1,356.2,None,0.679,30.8,2697.2,4,MEDIUM
Car,97.2,14.3,None,0.521,54.9,1301.8,8,MEDIUM
Ambulance,101.4,349.7,Hairpin,0.911,75.3,8.8,13,MEDIUM
Auto,14.6,336.1,Bridge,0.717,89.6,197.7,8,LOW
Bike,5.5,198.9,RoadBlock,0.932,58.6,108.8,9,MEDIUM
Container,94.4,168.9,Bridge,0.637,54.9,0.0,20,MEDIUM
Tanker,88.9,202.7,None,0.686,88.2,262.9,4,MEDIUM
Container,12.9,22.9,None,0.72,71.6,1473.1,1,LOW
Police,23.8,304.1,None,0.685,90.8,2994.9,22,LOW
Container,95.6,252.9,None,0.839,95.8,1761.0,19,LOW
Truck,27.0,105.0,None,0.934,18.9,317.6,12,LOW
Auto,65.2,183.8,Accident,0.967,36.4,15.3,0,HIGH
Bike,18.6,34.3,None,0.6,49.2,2793.4,10,LOW
Police,32.5,285.3,None,0.834,91.3,247.2,23,LOW
Auto,65.7,216.9,Construction,0.781,84.4,0.0,3,MEDIUM
Truck,53.3,93.6,None,0.937,36.0,140.4,16,LOW
Truck,41.2,22.6,School,0.738,85.3,0.0,10,MEDIUM
Police,85.5,22.5,None,0.824,60.5,868.2,1,MEDIUM
Bus,70.8,157.8,Accident,0.531,65.9,130.9,0,HIGH
Auto,17.4,154.8,None,0.855,21.2,202.0,7,LOW
Tanker,32.7,337.6,Hospital,0.938,63.6,129.7,5,MEDIUM
Truck,46.7,248.3,Flood,0.895,12.3,0.0,14,HIGH
Auto,25.9,97.1,None,0.835,28.4,1717.7,1,LOW
Ambulance,38.4,231.2,Hairpin,0.875,38.9,0.0,10,MEDIUM
Lorry,72.0,142.5,Accident,0.842,81.9,0.0,20,HIGH
Auto,57.8,345.2,None,0.844,72.5,2777.2,14,LOW
Auto,92.5,71.2,None,0.55,30.7,2300.6,1,MEDIUM
Car,80.3,301.3,None,0.77,96.2,889.0,3,MEDIUM
Lorry,29.7,252.8,Flood,0.719,74.6,0.0,19,MEDIUM
Container,82.9,243.0,None,0.913,64.6,1863.9,20,MEDIUM
Lorry,109.3,33.6,Hospital,0.988,90.3,0.0,0,HIGH
Tanker,11.3,111.6,RoadBlock,0.981,62.0,0.0,23,MEDIUM
Auto,33.1,221.3,Construction,0.721,40.2,0.0,8,MEDIUM
Car,35.1,28.0,RoadBlock,0.802,70.7,0.0,1,MEDIUM
Tanker,5.5,296.1,Hospital,0.543,54.0,0.0,17,HIGH
Auto,6.7,114.3,Construction,0.926,26.1,0.0,20,MEDIUM
Auto,74.3,126.0,Accident,0.422,12.2,17.0,11,HIGH
Lorry,71.4,130.8,None,0.942,28.3,516.7,21,MEDIUM
Bus,68.9,187.4,Hairpin,0.965,29.8,0.0,12,HIGH
Car,105.4,68.2,None,0.669,77.8,2407.2,15,LOW
Auto,45.3,353.5,School,0.895,95.1,48.0,0,MEDIUM
Ambulance,75.5,268.2,Hairpin,0.959,15.5,0.0,17,HIGH
Police,68.8,328.9,None,0.848,11.3,1515.6,8,LOW
Lorry,35.8,10.9,None,0.876,10.3,2838.9,16,LOW
Bus,28.1,298.2,RoadBlock,0.751,41.9,146.5,6,MEDIUM
Tanker,26.1,42.0,None,0.907,72.6,2551.7,18,LOW
Container,24.5,204.5,Bridge,0.877,79.2,0.0,0,MEDIUM
Police,54.1,159.2,None,0.604,82.1,1356.1,5,LOW
Car,7.8,245.2,RoadBlock,0.921,64.2,0.0,20,MEDIUM
Car,62.5,184.5,Hospital,0.906,80.1,0.0,6,MEDIUM
Container,103.0,358.0,None,0.438,18.9,1778.4,4,HIGH
Bus,88.6,94.0,None,0.999,31.3,2763.7,3,MEDIUM
Tanker,4.3,235.5,Accident,0.425,24.8,47.1,1,HIGH
Auto,56.4,147.1,Flood,0.868,37.2,0.0,7,MEDIUM
Truck,102.1,142.8,Hospital,0.925,49.4,0.0,23,HIGH
Auto,79.1,231.7,Hairpin,0.915,14.2,9.4,13,HIGH
Car,70.8,196.7,None,0.969,50.4,2499.8,7,LOW
Bike,23.4,148.7,None,0.392,15.1,2757.5,16,LOW
Car,23.9,136.1,Flood,0.864,62.5,0.0,2,MEDIUM
Police,90.0,60.7,Bridge,0.815,49.7,0.0,19,MEDIUM
Tanker,81.1,44.1,None,0.886,50.6,2495.6,14,MEDIUM
Auto,78.8,328.0,None,0.939,39.4,1315.0,10,LOW
Bus,87.4,177.2,Hospital,0.579,38.6,0.0,18,HIGH
Ambulance,16.4,155.9,None,0.838,68.0,1538.9,5,LOW
Lorry,84.5,251.8,Bridge,0.948,93.5,0.0,21,MEDIUM
Bus,65.5,325.3,School,0.88,59.9,130.7,4,MEDIUM
Container,55.6,92.2,Accident,0.576,67.3,0.0,8,HIGH
Police,42.2,291.6,School,0.608,66.7,34.3,19,MEDIUM
Police,75.3,120.5,Construction,0.934,85.5,0.0,11,MEDIUM
Lorry,35.6,175.2,School,0.866,36.5,0.0,6,HIGH
Bus,15.4,126.6,Construction,0.921,34.2,126.4,19,MEDIUM
Bus,93.5,227.4,Hospital,0.869,18.5,0.0,16,HIGH
Bike,28.7,191.0,None,0.792,57.5,2384.9,23,LOW
Container,5.6,27.2,Construction,0.863,89.1,0.0,3,MEDIUM
Bike,42.5,139.3,None,0.937,51.2,322.7,6,LOW
Container,86.9,210.1,Hospital,0.805,88.1,123.1,18,HIGH
Auto,72.6,220.4,None,0.957,48.3,1277.8,22,MEDIUM
Bus,83.5,2.0,Construction,0.804,40.1,0.0,17,HIGH
Car,48.1,241.4,None,0.926,34.9,329.8,7,LOW
Auto,104.0,318.3,RoadBlock,0.942,54.3,0.0,17,HIGH
Auto,30.7,264.3,Flood,0.613,86.0,29.0,18,MEDIUM
Bus,6.2,192.4,None,0.924,84.7,430.1,10,LOW
Tanker,96.4,245.2,Hairpin,0.922,52.2,100.6,3,HIGH
Bus,32.0,139.2,Accident,0.865,10.6,170.3,15,MEDIUM
Car,40.1,113.1,Accident,0.691,91.6,199.7,6,MEDIUM
Bike,56.3,295.3,Flood,0.865,93.7,62.0,7,LOW
Bus,24.8,262.1,Hairpin,0.547,92.2,0.0,2,HIGH
Police,40.5,289.7,None,0.711,30.4,964.1,20,LOW
Bus,11.1,160.3,Construction,0.858,37.7,0.0,13,MEDIUM
Container,104.2,334.7,RoadBlock,0.907,99.3,58.9,0,MEDIUM
Car,23.8,173.8,Flood,0.898,66.3,0.0,20,MEDIUM
Car,83.2,275.9,None,0.879,93.2,2032.4,22,MEDIUM
Lorry,47.5,8.9,Flood,0.725,10.1,0.0,22,HIGH
Container,97.5,194.3,Flood,0.945,18.4,118.2,3,HIGH
Lorry,35.0,298.3,Hairpin,0.802,63.3,0.0,16,MEDIUM
Container,48.7,190.3,Hairpin,0.917,24.1,0.0,8,HIGH
Car,96.7,99.8,Hairpin,0.506,86.0,0.0,22,HIGH
Lorry,93.0,162.2,None,0.979,79.1,690.2,14,MEDIUM
Ambulance,41.8,313.7,Construction,0.775,57.6,34.2,17,MEDIUM
Truck,49.0,331.8,School,0.803,62.3,75.8,5,MEDIUM
Truck,15.3,72.8,None,0.724,14.4,1440.3,21,MEDIUM
Truck,84.3,8.0,None,0.927,30.7,2430.9,9,MEDIUM
Auto,52.8,219.1,Hairpin,0.659,59.3,0.0,18,MEDIUM
Bike,68.0,179.6,RoadBlock,0.886,34.0,0.0,0,MEDIUM
Bike,2.7,200.0,None,0.992,11.8,1277.1,2,LOW
Ambulance,91.4,89.8,Accident,0.924,16.3,0.0,18,HIGH
Lorry,27.5,147.3,Construction,0.727,91.4,0.0,15,MEDIUM
Car,53.3,209.9,None,0.563,48.9,104.6,12,LOW
Container,92.1,215.3,None,0.889,85.2,1381.4,12,MEDIUM
Car,72.0,120.1,None,0.624,36.2,2931.1,7,MEDIUM
Bus,106.2,297.1,Hospital,0.98,14.0,107.4,16,HIGH
Container,8.0,287.9,None,0.493,33.9,1011.0,1,MEDIUM
Tanker,87.7,75.6,None,0.663,68.1,1627.5,9,MEDIUM
Police,79.3,79.0,None,0.89,66.3,634.4,12,LOW
Tanker,65.8,254.2,RoadBlock,0.845,17.0,133.7,7,MEDIUM
Container,53.7,270.5,School,0.914,44.8,0.0,20,HIGH
Bus,62.1,255.0,None,0.942,31.1,174.7,6,LOW
Bus,50.3,117.0,None,0.63,60.5,1239.5,4,MEDIUM
Truck,18.8,26.1,Hospital,0.75,24.6,0.0,4,HIGH
Ambulance,81.3,103.0,Flood,0.819,94.3,159.1,10,MEDIUM
Bike,71.5,102.1,None,0.554,54.0,2312.7,8,LOW
Truck,95.2,127.3,Hairpin,0.524,29.1,33.8,23,HIGH
Auto,41.0,124.5,Construction,0.786,46.6,62.5,19,MEDIUM
Bus,42.0,178.8,Bridge,0.428,89.8,147.7,9,LOW
Truck,8.7,345.1,None,0.883,78.1,2645.8,8,LOW
Bike,73.2,225.8,None,0.778,67.7,2323.3,7,LOW
Tanker,36.8,27.3,None,0.841,83.5,2600.9,5,LOW
Car,58.3,170.8,None,0.398,43.6,1493.6,17,LOW
Lorry,40.1,123.3,None,0.891,92.0,2384.8,6,LOW
Car,92.6,308.4,Bridge,0.819,44.4,0.0,2,MEDIUM
Container,44.2,221.3,None,0.894,64.1,2924.6,12,LOW
Tanker,91.6,174.4,None,0.973,30.7,1716.0,14,MEDIUM
Ambulance,27.9,337.5,None,0.525,73.7,1831.7,15,LOW
Police,67.6,216.8,None,0.894,41.4,477.8,18,LOW
Tanker,40.0,218.4,None,0.522,32.3,112.6,6,MEDIUM
Lorry,2.9,128.4,None,0.694,14.2,2260.1,11,MEDIUM
Tanker,13.7,9.2,None,0.824,38.7,111.3,12,LOW
Auto,106.1,185.6,None,0.842,78.6,1401.3,2,MEDIUM
Tanker,40.8,295.5,Flood,0.883,56.8,0.0,5,MEDIUM
Container,19.6,94.9,School,0.9,58.0,49.6,22,HIGH
Auto,4.9,223.3,None,0.864,11.1,2355.6,19,LOW
Tanker,21.4,210.3,Hospital,0.993,13.3,0.0,5,HIGH
Auto,72.4,341.7,Flood,0.575,24.2,0.0,11,HIGH
Ambulance,43.9,302.8,None,0.668,50.9,2607.7,14,LOW
Lorry,60.7,88.5,School,0.95,11.7,0.0,8,HIGH
Container,66.5,207.6,Construction,0.907,20.4,0.0,5,HIGH
Tanker,3.1,52.8,Hairpin,0.493,43.0,177.8,8,MEDIUM
Auto,102.9,330.9,RoadBlock,0.742,95.9,0.0,5,MEDIUM
Truck,101.4,199.5,None,0.873,98.5,440.8,10,MEDIUM
Lorry,45.4,119.1,Hairpin,0.909,18.0,0.0,18,HIGH
Police,95.1,112.5,Bridge,0.996,20.7,0.0,21,MEDIUM
Car,106.0,230.8,Construction,0.99,43.6,0.0,16,HIGH
Bus,106.4,258.1,Flood,0.606,31.6,0.0,2,HIGH
Bike,42.1,101.5,None,0.713,73.5,1012.3,2,LOW
Bike,54.5,339.1,None,0.883,99.3,2622.6,10,LOW
Container,57.3,256.7,None,0.88,51.4,1941.1,23,MEDIUM
Ambulance,107.6,245.1,None,0.868,80.3,490.2,8,LOW
Police,33.6,218.5,Hairpin,0.891,58.5,0.0,15,MEDIUM
Bus,50.3,68.2,School,0.774,65.2,48.0,16,MEDIUM
Container,71.7,83.9,Flood,0.927,93.5,0.0,14,MEDIUM
Bus,12.9,20.9,None,0.969,42.9,2229.1,12,LOW
Ambulance,33.2,245.7,RoadBlock,0.79,36.3,0.0,14,MEDIUM
Tanker,50.4,244.1,Hairpin,0.981,94.1,191.2,1,MEDIUM
Container,64.0,25.7,Flood,0.735,73.3,0.0,17,MEDIUM
Container,104.9,70.1,None,0.847,45.0,2885.5,20,MEDIUM
Car,106.9,67.5,Hairpin,0.733,24.1,0.0,4,HIGH
Bus,49.4,283.9,Flood,0.857,73.1,0.0,9,MEDIUM
Police,87.5,175.8,RoadBlock,0.188,75.6,0.0,13,HIGH
Tanker,29.0,210.1,Bridge,0.743,92.3,27.5,22,MEDIUM
Lorry,95.7,126.5,None,0.903,95.5,1050.8,16,MEDIUM
Truck,67.3,320.1,None,0.733,73.2,872.8,5,MEDIUM
Lorry,18.7,98.4,Construction,0.877,42.8,0.0,12,MEDIUM
Container,95.4,346.8,Flood,0.962,63.6,108.3,12,MEDIUM
Car,93.1,115.8,Accident,0.798,13.0,175.1,23,HIGH
Police,51.9,131.0,Bridge,0.714,61.6,0.0,4,MEDIUM
Auto,28.3,301.9,None,0.989,38.1,259.1,21,LOW
Lorry,53.1,295.0,Flood,0.753,68.0,0.0,4,MEDIUM
Police,72.0,51.2,Bridge,0.941,38.8,93.0,19,LOW
Bike,94.4,67.2,Accident,0.994,33.1,0.0,9,HIGH
Police,55.6,31.0,Bridge,0.993,28.1,0.0,7,LOW
Ambulance,22.0,207.3,None,0.838,64.8,2957.9,2,LOW
Car,28.7,95.6,None,0.964,53.4,2877.0,12,LOW
Car,106.0,267.0,None,0.805,18.2,2752.8,1,MEDIUM
Ambulance,6.1,106.2,None,0.895,31.7,1558.3,3,LOW
Bus,28.3,341.4,RoadBlock,0.832,64.0,0.0,1,MEDIUM
Police,7.8,6.4,Construction,0.923,31.3,0.0,12,MEDIUM
Bike,50.4,307.5,Bridge,0.605,47.1,158.9,21,LOW
Bus,69.9,158.6,Hospital,0.907,23.5,0.0,21,HIGH
Ambulance,46.7,66.8,None,0.923,88.1,407.2,17,LOW
Ambulance,107.0,1.8,None,0.745,41.7,2222.6,6,MEDIUM
Tanker,38.1,112.5,Flood,0.584,75.8,0.0,6,MEDIUM
Lorry,50.1,137.4,Flood,0.876,50.3,0.0,5,MEDIUM
Bike,83.4,239.7,School,0.931,20.3,23.8,3,HIGH
Tanker,3.9,326.8,None,0.71,65.8,1512.4,4,LOW
Auto,0.9,92.8,Flood,0.957,41.8,29.5,21,MEDIUM
Bus,105.4,335.1,Accident,0.888,23.6,27.3,11,HIGH
Ambulance,98.0,322.3,Accident,0.865,39.6,28.1,10,HIGH
Car,85.1,353.7,None,0.719,40.2,1295.7,7,MEDIUM
Police,65.4,305.3,Bridge,0.655,56.2,0.0,20,MEDIUM
Car,59.3,275.6,None,0.891,51.9,2640.6,12,LOW
Police,7.6,117.6,None,0.943,83.9,2907.3,3,LOW
Car,4.4,204.4,None,0.862,98.7,568.1,21,LOW
Bike,61.7,200.7,None,0.794,34.3,1359.5,3,MEDIUM
Container,53.6,107.3,Flood,0.876,31.8,0.0,21,MEDIUM
Ambulance,50.1,182.9,Accident,0.813,93.2,0.0,21,MEDIUM
Tanker,47.1,155.5,None,0.838,56.4,857.2,7,LOW
Police,27.8,297.8,None,0.771,63.5,1776.8,12,LOW
Tanker,46.8,297.9,None,0.992,70.1,746.2,1,LOW
Tanker,7.0,340.8,Hospital,0.981,67.2,0.0,20,MEDIUM
Container,106.7,20.9,Hospital,1.0,49.7,0.0,23,HIGH
Truck,34.3,279.6,None,0.471,89.3,1444.2,10,LOW
Car,103.7,295.4,Hospital,0.767,18.3,193.1,23,HIGH
Lorry,36.7,157.9,None,0.723,43.6,191.9,14,LOW
Container,50.9,259.9,Accident,0.796,13.7,0.0,15,HIGH
Bus,53.6,215.2,School,0.601,63.0,0.0,5,HIGH
Bus,26.7,324.1,School,0.957,70.4,0.0,19,MEDIUM
Police,85.8,331.4,Construction,0.874,73.0,0.0,23,HIGH
Bus,18.1,45.9,None,0.935,76.1,2919.7,2,LOW
Auto,98.2,77.2,Bridge,0.653,14.6,32.9,13,MEDIUM
Auto,53.3,315.7,None,0.836,12.3,746.5,14,LOW
Police,74.3,332.5,None,0.897,55.8,1382.6,1,LOW
Bike,100.5,168.1,None,0.98,15.2,324.1,6,LOW
Ambulance,100.6,34.6,None,0.777,49.4,829.3,15,LOW
Auto,28.1,109.1,Accident,0.874,97.0,0.0,14,MEDIUM
Car,95.5,70.3,None,0.965,78.6,2988.1,10,LOW
Bike,85.9,52.2,None,0.951,57.4,2838.9,20,LOW
Container,64.8,187.7,Bridge,0.813,47.4,162.2,6,MEDIUM
Auto,69.0,344.3,None,0.648,54.8,1911.9,6,LOW
Truck,8.9,266.7,None,0.834,51.5,499.1,10,LOW
Car,71.2,16.9,None,0.829,99.7,1711.0,5,LOW
Bus,26.3,327.1,Hairpin,0.77,88.8,0.0,3,HIGH
Container,36.1,231.2,School,0.766,33.6,0.0,15,HIGH
Tanker,88.3,41.7,None,0.963,65.3,2351.0,18,MEDIUM
Tanker,88.6,100.6,None,0.738,37.0,565.8,0,MEDIUM
Car,7.7,206.4,Flood,0.928,88.9,0.0,17,MEDIUM
Tanker,99.2,13.3,None,0.943,61.1,991.5,17,MEDIUM
Ambulance,97.6,191.4,None,0.861,52.9,1979.0,12,LOW
Police,22.0,31.8,None,0.953,29.7,2069.0,9,LOW
Truck,67.5,247.1,None,0.91,95.4,2939.9,6,LOW
Container,72.8,339.2,None,0.561,64.5,1374.9,22,MEDIUM
Tanker,97.2,153.2,None,0.854,44.7,1709.1,1,MEDIUM
Lorry,10.8,346.5,None,0.789,99.3,1329.7,10,LOW
Police,102.0,260.0,RoadBlock,0.832,72.7,0.0,18,MEDIUM
Tanker,24.3,263.8,None,0.797,90.4,652.6,19,LOW
Police,32.6,37.5,None,0.823,59.8,110.2,2,LOW
Auto,55.2,215.0,None,0.959,23.1,2189.0,4,LOW
Ambulance,46.5,126.9,Bridge,0.756,87.3,0.0,6,LOW
Container,22.9,220.0,None,0.864,76.3,2530.2,23,LOW
Container,94.8,97.0,None,0.602,13.7,2957.2,3,MEDIUM
Bus,91.0,273.4,None,0.806,41.6,1880.4,13,MEDIUM
Ambulance,37.1,348.3,None,0.714,31.9,1780.5,7,LOW
Container,53.0,277.0,None,0.968,19.6,445.3,16,LOW
Bike,3.6,191.3,None,0.713,23.2,1271.8,19,LOW
Tanker,83.1,6.0,None,0.531,85.8,1041.6,21,MEDIUM
Tanker,54.0,229.1,None,0.878,13.5,2086.5,8,MEDIUM
Tanker,42.4,274.4,Bridge,0.916,30.4,0.0,22,MEDIUM
Truck,90.1,328.6,None,0.507,88.7,2676.9,19,MEDIUM
Auto,102.4,291.0,Bridge,0.934,93.2,102.3,7,LOW
Tanker,72.1,3.4,None,0.459,31.2,2673.8,18,MEDIUM
Lorry,14.3,18.4,None,0.661,41.5,1399.8,13,LOW
Bike,89.5,329.5,Accident,0.684,80.5,0.0,7,HIGH
Container,41.4,160.4,None,0.826,84.9,2222.6,4,LOW
Police,36.4,210.8,RoadBlock,0.855,67.4,67.5,21,LOW
Bike,27.5,75.2,None,0.872,64.6,524.6,3,LOW
Truck,4.9,12.4,School,0.797,39.2,166.9,14,MEDIUM
Bus,55.5,32.9,Construction,0.864,53.3,0.0,1,MEDIUM
Tanker,58.2,83.4,None,0.679,73.4,1369.9,6,LOW
Ambulance,32.3,306.3,None,0.98,63.5,1314.6,10,LOW
Auto,9.5,213.9,Flood,0.87,68.2,0.0,1,MEDIUM
Car,18.8,149.7,None,0.414,23.4,358.2,8,LOW
Tanker,81.9,85.7,None,0.884,82.9,275.0,2,MEDIUM
Auto,27.5,135.1,Bridge,0.959,56.5,71.8,1,LOW
Bus,37.8,95.3,None,0.991,23.6,224.2,3,LOW
Truck,47.5,80.8,RoadBlock,0.754,53.1,13.3,14,MEDIUM
Ambulance,1.9,76.5,None,0.669,18.1,2850.7,16,LOW
Ambulance,94.2,298.6,RoadBlock,0.657,32.0,0.0,18,HIGH
Police,10.7,129.3,School,0.8,21.6,185.9,13,MEDIUM
Truck,35.5,253.8,RoadBlock,0.562,45.1,0.0,8,MEDIUM
Bike,14.9,329.4,None,0.838,29.6,930.6,6,LOW
Container,42.3,328.7,None,0.898,60.4,1375.7,12,LOW
Truck,104.2,319.7,Bridge,0.832,46.9,18.3,17,MEDIUM
Lorry,109.4,59.5,None,0.929,64.1,2989.7,5,MEDIUM
Ambulance,5.8,279.5,Accident,0.766,25.9,69.0,23,MEDIUM
Lorry,18.6,325.4,RoadBlock,0.688,94.0,0.0,14,MEDIUM
Tanker,50.8,209.1,None,0.922,19.3,1723.7,6,LOW
Car,26.9,53.3,None,0.891,16.8,1654.5,7,LOW
Auto,86.7,206.2,None,0.488,39.2,1932.3,16,MEDIUM
Ambulance,4.9,211.4,School,0.522,17.4,0.0,17,HIGH
Container,18.3,6.9,Flood,0.868,23.4,101.3,8,MEDIUM
Auto,43.9,116.5,Hairpin,0.738,63.2,0.0,20,MEDIUM
Police,103.7,260.9,None,0.859,42.9,1311.9,9,LOW
Tanker,5.5,331.8,RoadBlock,0.943,82.0,0.0,9,MEDIUM
Container,6.6,148.0,Hairpin,0.47,23.6,0.0,7,HIGH
Container,3.1,53.7,Hairpin,0.908,43.6,0.0,5,HIGH
Auto,42.6,53.8,None,0.635,23.6,1088.4,13,LOW
Bus,3.2,180.4,None,0.827,50.7,653.6,10,LOW
Bus,82.8,115.9,RoadBlock,0.874,80.7,0.0,4,HIGH
Bus,49.2,0.7,Bridge,0.62,15.7,0.0,4,MEDIUM
Container,63.3,165.3,None,0.945,47.9,1387.2,18,MEDIUM
Lorry,60.4,213.9,RoadBlock,0.894,79.0,0.0,7,MEDIUM
Lorry,83.1,234.6,None,0.76,28.7,2622.5,13,MEDIUM
Truck,82.3,123.9,Construction,0.948,32.6,188.5,13,MEDIUM
Container,53.5,304.3,School,0.591,92.5,0.0,13,MEDIUM
Police,17.1,245.3,None,0.958,45.3,739.6,10,LOW
Car,54.4,280.7,Accident,0.971,34.3,0.0,20,MEDIUM
Car,71.0,276.6,Hospital,0.965,11.6,0.0,7,HIGH
Bike,0.3,64.8,None,0.985,70.7,2815.7,15,LOW
Car,49.0,97.7,RoadBlock,0.536,89.1,0.0,22,MEDIUM
Bus,15.8,230.8,Hairpin,0.878,60.0,0.0,17,MEDIUM
Truck,102.2,85.4,School,0.683,71.4,0.0,14,HIGH
Bus,86.2,62.0,Flood,0.93,73.9,0.0,1,HIGH
Car,22.9,252.5,None,0.893,70.9,2989.0,23,LOW
Tanker,75.1,222.6,None,0.994,37.6,2055.6,23,MEDIUM
Truck,96.9,33.9,None,0.755,93.4,209.3,20,MEDIUM
Police,51.7,69.2,None,0.488,10.6,2580.2,8,LOW
Auto,13.1,6.3,Accident,0.912,46.5,0.0,1,MEDIUM
Bike,29.1,183.6,Bridge,0.801,10.6,153.8,14,LOW
Police,19.6,18.8,Flood,0.868,86.0,0.0,16,MEDIUM
Truck,59.8,252.5,Accident,0.687,53.1,0.0,10,HIGH
Auto,37.1,31.7,None,0.889,65.7,2837.6,12,LOW
Bike,79.5,77.0,None,0.835,99.2,299.8,22,LOW
Bike,76.6,129.9,Flood,0.636,31.6,0.0,15,MEDIUM
Lorry,91.1,154.7,None,0.597,12.2,1806.3,18,MEDIUM
Truck,108.3,340.0,Accident,0.965,87.1,0.0,4,HIGH
Car,100.8,330.4,Construction,0.985,42.2,191.4,14,MEDIUM
Car,109.4,113.7,Bridge,0.351,24.9,11.9,11,MEDIUM
Bike,11.7,323.6,None,0.891,16.3,1902.6,23,LOW
Truck,65.1,14.9,None,0.499,35.5,1355.1,1,MEDIUM
Police,87.2,331.2,None,0.206,88.2,2535.8,22,MEDIUM
Lorry,34.3,58.5,Flood,0.535,26.3,0.0,3,HIGH
Auto,9.5,93.4,None,0.988,27.9,1765.4,22,LOW
Auto,44.9,304.9,None,0.598,24.1,2391.7,23,MEDIUM
Truck,30.1,245.8,None,0.713,90.5,128.8,3,LOW
Bus,71.9,234.2,None,0.77,15.9,1735.1,12,MEDIUM
Lorry,33.8,95.2,Bridge,0.742,64.1,139.8,14,LOW
Car,47.6,332.4,None,0.714,30.8,314.1,9,LOW
Truck,79.0,103.8,None,0.93,82.0,842.8,5,LOW
Container,60.8,183.1,None,0.909,34.8,2992.2,18,MEDIUM
Ambulance,44.2,310.1,RoadBlock,0.94,55.9,0.0,23,MEDIUM
Bike,4.7,182.0,RoadBlock,0.541,22.5,0.0,9,MEDIUM
Police,51.7,358.3,School,0.986,79.7,0.0,16,MEDIUM
Police,77.4,170.6,None,0.484,58.6,1078.3,0,MEDIUM
Car,107.6,100.0,Accident,0.816,10.2,0.0,11,HIGH
Ambulance,9.6,354.1,None,0.92,55.4,1995.6,2,LOW
Container,65.7,229.1,RoadBlock,0.951,51.3,152.4,14,MEDIUM
Auto,22.7,156.8,Accident,0.657,95.0,0.0,13,MEDIUM
Lorry,84.9,103.0,Accident,0.842,27.9,188.9,23,HIGH
Lorry,42.5,248.0,None,0.791,70.1,1271.1,5,LOW
Police,73.4,300.4,None,0.96,14.7,2359.0,10,LOW
Bus,15.3,47.7,None,0.977,93.8,2556.9,18,LOW
Ambulance,93.7,207.4,Hospital,0.98,84.7,0.0,11,MEDIUM
Bus,80.3,272.8,Flood,0.822,71.6,0.0,20,HIGH
Bus,4.3,46.8,Flood,0.728,36.5,33.1,9,MEDIUM
Container,93.4,165.0,None,0.95,43.9,1148.5,6,MEDIUM
Auto,74.1,227.0,None,0.854,70.7,430.9,10,LOW
Auto,110.0,186.3,None,0.89,61.6,1833.2,7,LOW
Police,86.8,17.3,Flood,0.83,85.7,56.2,13,MEDIUM
Auto,105.6,249.7,None,0.943,90.6,2289.3,21,LOW
Bus,91.8,280.5,Hairpin,0.904,39.0,0.0,12,HIGH
Tanker,41.4,105.1,School,0.95,36.5,59.8,21,MEDIUM
Truck,5.1,88.3,RoadBlock,0.98,37.1,0.0,23,MEDIUM
Bike,48.3,104.4,Hairpin,0.988,99.1,0.0,8,MEDIUM
Lorry,18.6,64.3,Accident,0.874,11.0,0.0,20,HIGH
Bus,83.7,55.5,Construction,0.494,19.3,0.0,2,HIGH
Tanker,94.0,253.4,Construction,0.695,87.8,89.8,11,MEDIUM
Ambulance,98.8,32.9,None,0.896,63.7,1209.8,17,LOW
Ambulance,1.1,9.4,None,0.921,94.7,451.8,0,LOW
Auto,74.1,321.0,Construction,0.892,56.9,111.4,10,MEDIUM
Bike,104.5,19.3,Hairpin,0.642,50.1,0.0,9,HIGH
Bus,10.9,98.9,School,0.828,85.2,0.0,12,MEDIUM
Bike,55.8,94.3,None,0.835,86.7,2214.5,14,LOW
Police,77.5,100.4,Bridge,0.985,45.5,0.0,16,MEDIUM
Ambulance,51.2,212.8,None,0.673,86.3,1002.3,9,LOW
Ambulance,97.2,144.8,None,0.689,17.6,1159.1,23,MEDIUM
Ambulance,17.2,188.8,Flood,0.809,31.0,0.0,9,MEDIUM
Truck,93.2,52.4,Flood,0.965,69.5,47.7,13,MEDIUM
Bus,30.9,245.7,Hospital,0.969,57.0,0.0,5,MEDIUM
Truck,61.5,213.8,Hairpin,0.947,86.8,0.0,5,HIGH
Bike,19.3,22.3,RoadBlock,0.96,35.1,0.0,9,MEDIUM
Bike,35.7,186.8,Construction,0.875,81.7,0.0,15,MEDIUM
Police,27.9,71.2,Flood,0.692,41.4,0.0,18,MEDIUM
Auto,70.8,237.4,None,0.84,87.4,1504.9,18,LOW
Truck,71.0,19.5,Accident,0.702,82.9,127.9,22,MEDIUM
Bike,77.4,330.6,School,0.689,52.3,0.0,7,HIGH
Ambulance,47.5,237.7,None,0.886,73.6,1049.6,0,LOW
Bus,19.7,222.0,School,0.469,33.9,0.0,0,HIGH
Lorry,86.7,306.5,Accident,0.937,75.6,182.0,10,MEDIUM
Ambulance,37.2,4.0,RoadBlock,0.794,45.8,0.0,0,MEDIUM
Car,59.4,79.1,None,0.957,26.7,2150.1,5,LOW
Bike,95.9,207.5,Bridge,0.961,33.2,101.6,22,MEDIUM
Container,43.0,229.5,Accident,0.715,23.8,0.0,19,HIGH
Auto,87.7,252.4,Hairpin,0.633,89.1,0.0,14,HIGH
Ambulance,30.4,15.3,Accident,0.965,72.9,0.0,13,MEDIUM
Lorry,73.6,208.6,Accident,0.904,82.4,147.9,6,MEDIUM
Bike,87.1,230.1,None,0.93,83.8,1174.0,21,LOW
Lorry,69.3,179.2,RoadBlock,0.904,16.7,0.0,13,HIGH
Truck,97.3,59.1,None,0.917,25.0,627.3,20,MEDIUM
Bike,80.3,318.8,None,0.819,15.8,2670.1,5,MEDIUM
Truck,95.8,350.4,Bridge,0.717,31.9,0.0,17,MEDIUM
Truck,104.7,262.0,School,0.804,53.2,0.0,6,HIGH
Bike,102.5,60.8,Accident,0.73,85.3,0.0,7,HIGH
Bus,45.9,146.4,Construction,0.79,59.6,86.1,17,MEDIUM
Lorry,30.3,284.6,None,0.894,94.9,1893.8,5,LOW
Auto,88.7,43.5,Hospital,0.802,10.7,76.7,15,HIGH
Car,0.9,85.4,None,0.846,59.6,2117.3,15,LOW
Truck,44.5,262.6,Hairpin,0.936,48.2,0.0,20,HIGH
Auto,103.2,5.1,Accident,0.737,46.8,0.0,20,HIGH
Bike,102.4,31.0,Construction,0.644,61.3,53.4,8,MEDIUM
Truck,51.1,224.3,Flood,0.777,15.3,0.0,19,MEDIUM
Ambulance,34.9,298.9,Construction,0.991,89.9,0.0,16,MEDIUM
Container,68.1,119.2,None,0.997,18.2,2611.7,18,MEDIUM
Lorry,105.4,171.4,None,0.902,13.5,2680.1,11,MEDIUM
Bus,87.6,297.6,School,0.881,85.8,199.8,23,HIGH
Ambulance,98.9,278.7,None,0.808,26.4,2327.3,11,MEDIUM
Ambulance,101.1,122.5,None,0.848,61.2,2361.6,5,LOW
Container,89.5,320.4,Construction,0.953,14.3,0.0,10,HIGH
Tanker,98.3,55.6,Accident,0.412,35.8,0.0,10,HIGH
Tanker,94.3,202.3,None,0.888,54.8,1289.7,20,MEDIUM
Police,3.9,315.5,None,0.673,23.0,2804.7,4,LOW
Auto,31.3,235.7,School,0.838,77.4,0.0,8,MEDIUM
Bus,8.4,148.7,None,0.885,65.6,2663.7,13,LOW
Tanker,19.1,181.2,Hospital,0.53,21.0,0.0,18,HIGH
Police,29.0,259.6,School,0.927,28.0,54.2,0,MEDIUM
Auto,95.6,276.4,None,0.933,78.4,1454.9,9,LOW
Police,65.9,152.7,None,0.76,43.8,1716.2,17,LOW
Auto,66.6,207.6,None,0.885,72.9,1818.0,12,LOW
Bike,42.5,224.0,RoadBlock,0.979,89.6,173.9,16,LOW
Truck,82.6,250.3,None,0.959,36.2,2323.9,14,MEDIUM
Police,89.6,320.4,None,0.502,25.9,478.8,6,MEDIUM
Auto,20.0,335.3,Construction,0.964,43.0,0.0,9,MEDIUM
Bike,44.5,293.1,School,0.813,15.9,0.0,9,MEDIUM
Auto,24.1,319.2,Accident,0.691,38.4,175.2,20,MEDIUM
Ambulance,84.7,183.2,School,0.814,31.2,0.0,5,HIGH
Car,108.0,84.9,Accident,0.904,52.9,0.0,4,HIGH
Car,36.1,111.5,None,0.838,15.2,354.5,12,LOW
Auto,42.0,48.2,Hairpin,0.486,44.2,0.0,17,MEDIUM
Bike,27.2,150.6,None,0.925,73.5,2900.2,11,LOW
Lorry,21.0,5.9,School,0.696,71.9,28.0,17,MEDIUM
Lorry,12.8,327.2,Hairpin,0.713,88.4,0.0,15,MEDIUM
Bike,83.4,169.2,Bridge,0.924,26.0,100.6,19,MEDIUM
Tanker,104.9,207.4,Construction,0.864,86.3,80.4,11,MEDIUM
Lorry,60.6,253.7,School,0.559,14.8,0.0,14,HIGH
Car,74.8,97.4,Hairpin,0.708,89.6,0.0,6,MEDIUM
Container,90.5,306.4,None,0.592,76.0,2377.5,21,MEDIUM
Auto,78.8,305.1,None,0.857,68.0,1730.7,20,LOW
Container,21.7,87.4,None,0.724,78.4,861.7,9,LOW
Tanker,73.9,44.3,RoadBlock,0.893,12.4,0.0,17,HIGH
Tanker,88.2,14.8,None,0.724,92.4,971.0,14,MEDIUM
Bike,12.3,244.7,None,0.963,48.9,326.5,23,LOW
Truck,105.1,30.6,None,0.615,94.2,2252.3,5,MEDIUM
Car,75.5,157.4,School,0.972,42.9,0.0,20,HIGH
Ambulance,7.4,28.6,None,0.76,50.7,161.3,22,LOW
Lorry,71.6,87.3,None,0.881,89.5,1723.8,9,LOW
Tanker,32.2,246.6,Flood,0.689,87.4,47.7,19,MEDIUM
Ambulance,2.2,230.8,None,0.713,81.0,1974.9,8,LOW
Ambulance,3.2,340.6,None,0.514,23.0,739.8,11,LOW
Car,60.6,245.5,None,0.995,99.0,2098.1,4,LOW
Bus,6.5,171.3,Construction,0.618,36.2,0.0,11,MEDIUM
Ambulance,84.4,188.0,None,0.914,42.8,554.8,4,MEDIUM
Ambulance,54.7,111.4,Accident,0.628,43.6,0.0,5,MEDIUM
Car,90.4,251.7,None,0.44,74.3,2100.7,7,MEDIUM
Tanker,97.6,203.7,None,0.957,69.6,2533.5,0,MEDIUM
Tanker,84.5,229.2,None,0.906,46.2,523.2,12,MEDIUM
Tanker,97.3,285.4,None,0.949,69.9,485.8,11,MEDIUM
Auto,57.1,228.5,None,0.859,21.5,150.0,10,LOW
Lorry,64.0,283.4,Bridge,0.712,12.5,0.0,0,MEDIUM
Truck,79.8,273.9,Flood,0.674,70.1,0.0,10,HIGH
Lorry,66.3,202.2,Construction,0.975,78.6,0.0,22,HIGH
Auto,19.5,352.9,Hairpin,0.641,55.0,0.0,23,MEDIUM
Bus,19.0,132.1,Accident,0.575,63.4,0.0,2,HIGH
Police,35.0,51.5,Bridge,0.483,74.8,129.1,4,LOW
Police,33.9,255.2,None,0.771,85.3,2747.9,5,LOW
Tanker,103.4,204.5,Bridge,0.785,51.0,14.8,11,MEDIUM
Container,22.1,154.2,None,0.979,18.2,2659.9,5,LOW
Tanker,76.2,223.8,Accident,0.524,10.5,16.8,11,HIGH
Container,74.2,84.7,Construction,0.956,72.2,0.0,3,HIGH
Container,97.2,1.7,None,0.855,48.8,1927.9,11,MEDIUM
Police,7.7,159.1,Hospital,0.977,17.4,0.0,10,MEDIUM
Bike,97.6,307.0,Hairpin,0.875,25.3,0.0,9,HIGH
Tanker,25.0,223.6,None,0.751,49.0,1470.1,14,LOW
Police,109.7,101.3,Bridge,0.974,76.2,0.0,20,MEDIUM
Bus,46.5,102.9,None,0.588,63.1,375.4,14,LOW
Tanker,36.3,225.2,Construction,0.943,98.8,0.0,3,MEDIUM
Tanker,6.6,95.6,None,0.872,14.6,469.2,6,LOW
Auto,10.6,16.6,RoadBlock,0.686,93.3,0.0,10,MEDIUM
Bike,68.1,88.9,School,0.568,61.4,0.0,6,HIGH
Lorry,4.2,158.5,None,0.623,87.7,477.0,2,LOW
Truck,26.9,10.6,RoadBlock,0.92,13.6,0.0,20,MEDIUM
Auto,10.8,141.5,Accident,0.509,83.0,0.0,1,MEDIUM
Bike,105.8,35.5,Accident,0.939,70.8,120.0,2,MEDIUM
Bus,12.0,281.0,None,0.874,99.4,2626.5,17,LOW
Car,14.7,208.3,None,0.988,38.4,464.0,17,LOW
Container,53.8,325.7,Hospital,0.92,52.6,0.0,5,MEDIUM
Tanker,31.8,352.2,None,0.816,99.0,2730.9,10,LOW
Lorry,60.7,248.7,None,0.661,18.3,1251.5,23,MEDIUM
Bike,66.2,126.7,Hairpin,0.835,56.1,0.0,16,MEDIUM
Truck,50.0,105.2,None,0.903,51.7,2194.3,13,LOW
Lorry,57.0,24.9,None,0.908,97.4,1000.1,8,LOW
Police,103.2,220.0,Hospital,0.93,77.7,145.3,15,MEDIUM
Ambulance,109.7,327.4,Accident,0.779,84.4,153.7,12,MEDIUM
Truck,12.3,298.1,None,0.988,37.9,2580.7,7,LOW
Ambulance,84.6,187.9,Flood,0.95,48.4,130.3,19,MEDIUM
Ambulance,56.9,135.1,None,0.774,95.7,1811.6,8,LOW
Container,0.8,104.4,Hairpin,0.727,30.9,104.4,18,MEDIUM
Car,72.5,354.5,Hairpin,0.808,39.8,0.0,1,HIGH
Bike,64.5,311.2,None,0.869,75.0,1101.7,15,LOW
Car,38.7,168.7,Bridge,0.837,60.2,187.2,22,LOW
Truck,66.2,227.8,Hospital,0.894,13.8,128.5,19,MEDIUM
Bike,67.7,74.7,None,0.914,87.0,285.2,9,LOW
Tanker,31.8,319.3,None,0.881,33.0,2057.8,8,LOW
Bike,37.1,216.9,None,0.841,27.8,1438.5,19,LOW
Auto,76.2,346.4,None,0.619,22.2,827.0,18,LOW
Bus,21.9,76.7,None,0.901,72.0,785.6,15,LOW
Auto,18.9,24.3,None,0.459,89.0,2612.5,16,LOW
Bike,6.3,129.6,Construction,0.932,52.4,109.9,1,MEDIUM
Truck,67.0,37.1,None,0.8,69.4,650.2,23,MEDIUM
Bike,12.4,7.4,Hospital,0.951,16.8,0.0,9,MEDIUM
Lorry,53.8,182.7,None,0.605,67.9,983.7,2,LOW
Container,48.5,141.2,None,0.914,58.4,1074.8,8,LOW
Truck,107.3,199.9,None,0.792,52.4,804.9,6,MEDIUM
Bus,24.5,289.4,None,0.924,73.4,2145.7,16,LOW
Bus,38.5,173.5,RoadBlock,0.646,23.5,199.6,0,MEDIUM
Bike,58.5,120.8,None,0.685,16.4,1856.5,13,LOW
Truck,52.6,114.2,Hospital,0.724,94.8,69.6,7,MEDIUM
Police,58.4,335.2,Hospital,0.577,48.9,0.0,10,MEDIUM
Car,4.0,162.7,Accident,0.943,43.1,0.0,14,MEDIUM
Car,62.9,72.8,None,0.972,65.4,545.9,10,LOW
Ambulance,53.6,274.6,None,0.849,20.1,1984.3,18,LOW
Container,26.2,211.0,Hospital,0.656,22.9,144.9,21,MEDIUM
Bike,76.7,184.7,School,0.946,92.7,153.8,14,MEDIUM
Car,64.3,156.8,None,0.886,34.6,950.1,6,LOW
Ambulance,81.4,50.3,School,0.607,56.2,64.2,23,HIGH
Auto,47.2,265.3,Bridge,0.831,28.2,199.0,2,LOW
Bike,52.3,257.8,Flood,0.614,48.0,26.4,15,MEDIUM
Container,20.0,256.0,None,0.4,92.9,2165.7,3,LOW
Ambulance,37.0,25.5,Hairpin,0.863,54.8,177.3,1,MEDIUM
Container,19.9,162.3,Construction,0.791,43.0,96.6,22,MEDIUM
Tanker,66.9,132.3,None,0.71,41.4,2509.9,1,MEDIUM
Tanker,58.7,57.1,RoadBlock,0.805,10.5,64.0,14,MEDIUM
Truck,36.9,226.2,None,0.938,52.2,2280.2,22,LOW
Bike,52.8,32.8,None,0.886,35.5,1860.9,6,LOW
Ambulance,39.0,254.1,Flood,0.866,95.9,0.0,2,MEDIUM
Container,82.6,115.5,None,0.515,28.9,2299.8,18,MEDIUM
Container,74.2,108.9,Bridge,0.777,75.9,170.0,1,MEDIUM
Container,9.1,137.8,None,0.995,68.9,483.8,13,LOW
Tanker,14.5,12.7,None,0.568,22.9,1338.8,21,LOW
Container,81.9,206.0,None,0.706,12.1,2620.4,12,MEDIUM
Police,38.6,149.6,Accident,0.913,62.7,0.0,11,MEDIUM
Truck,51.2,128.4,Construction,0.86,25.7,0.0,9,MEDIUM
Auto,98.0,219.4,Hairpin,0.786,62.0,106.0,4,HIGH
Lorry,63.3,209.7,None,0.725,48.0,203.6,15,MEDIUM
Car,1.2,44.2,Accident,0.917,27.1,103.3,19,MEDIUM
Ambulance,11.3,297.2,None,0.567,83.3,1683.0,0,LOW
Lorry,36.3,30.3,None,0.881,54.6,412.7,5,LOW
Ambulance,10.9,325.9,None,0.958,60.3,147.0,8,LOW
Ambulance,71.9,283.0,Hospital,0.845,72.8,0.0,3,HIGH
Police,10.0,34.7,None,0.832,28.5,2276.2,20,LOW
Container,82.5,187.8,None,0.682,34.0,926.4,13,MEDIUM
Car,69.5,233.8,None,0.895,66.7,1120.8,3,LOW
Bike,46.8,152.9,School,0.791,60.3,0.0,15,MEDIUM
Car,39.9,329.9,None,0.954,62.1,2521.4,4,LOW
Lorry,108.9,303.9,None,0.738,95.6,1640.5,4,MEDIUM
Bike,104.7,274.5,Construction,0.916,49.5,0.0,20,MEDIUM
Tanker,48.0,20.3,None,0.537,82.9,602.9,3,LOW
Auto,74.7,237.6,Bridge,0.92,39.8,47.3,10,MEDIUM
Car,53.5,52.5,None,0.978,44.6,2346.3,18,LOW
Ambulance,101.0,36.2,None,0.751,40.2,2507.9,12,MEDIUM
Auto,74.1,116.1,School,0.981,74.2,142.7,5,MEDIUM
Bike,58.4,180.0,None,0.68,69.5,2992.3,19,LOW
Tanker,98.2,52.1,None,0.846,24.0,2653.2,11,MEDIUM
Lorry,62.6,268.9,None,0.709,88.6,2096.3,17,LOW
Police,22.1,70.0,Flood,0.722,47.9,0.0,3,MEDIUM
Lorry,104.0,309.3,School,0.829,56.4,53.7,13,HIGH
Bike,56.2,109.5,Construction,0.818,98.7,0.0,12,MEDIUM
Tanker,13.1,251.1,Hairpin,0.559,40.4,0.0,9,HIGH
Auto,93.6,23.4,Hospital,0.952,73.6,15.6,15,MEDIUM
Police,98.4,174.9,None,0.847,31.4,846.5,20,MEDIUM
Bike,84.3,333.7,Bridge,0.609,41.2,194.3,7,MEDIUM
Tanker,107.5,119.0,None,0.739,27.6,2810.9,14,MEDIUM
Tanker,23.6,356.1,Construction,0.703,61.7,0.0,22,MEDIUM
Car,53.2,226.3,Construction,0.85,39.7,0.0,6,MEDIUM
Ambulance,28.5,135.1,School,0.834,48.4,0.0,17,MEDIUM
Bus,88.7,264.9,None,0.757,60.3,2482.7,8,MEDIUM
Car,20.3,11.0,None,0.966,74.5,2972.1,2,LOW
Bus,8.7,46.7,Bridge,0.943,21.9,0.0,19,MEDIUM
Container,50.6,134.9,None,0.817,60.8,1560.3,14,LOW
Tanker,10.4,265.5,None,0.866,68.1,2683.5,2,LOW
Police,80.7,345.0,None,0.589,60.9,1759.1,3,MEDIUM
Bus,77.2,29.8,None,0.721,62.3,201.1,11,MEDIUM
Lorry,56.7,191.9,Hospital,0.873,38.0,0.0,19,HIGH
Auto,98.1,289.4,None,0.725,47.0,2736.3,3,MEDIUM
Bus,38.5,147.4,Flood,0.896,58.6,0.0,17,MEDIUM
Car,57.8,277.1,None,0.262,21.8,657.7,4,MEDIUM
Tanker,13.9,2.4,None,0.556,54.9,1559.9,6,LOW
Container,40.4,177.7,Hospital,0.927,32.0,0.0,9,HIGH
Bus,44.6,105.7,None,0.844,15.3,2779.6,0,MEDIUM
Lorry,93.2,142.9,Accident,0.582,51.5,0.0,3,HIGH
Auto,106.2,300.6,Hairpin,0.612,86.2,0.0,6,HIGH
Bike,29.6,218.1,None,0.627,72.9,2605.0,3,LOW
Lorry,96.5,240.6,Hairpin,0.982,47.2,0.0,0,HIGH
Ambulance,91.9,316.8,None,0.691,13.4,1943.9,22,MEDIUM
Car,51.8,98.8,Flood,0.986,98.7,0.0,1,MEDIUM
Lorry,86.9,38.2,None,0.883,53.7,2798.1,13,MEDIUM
Truck,53.5,145.3,None,0.849,21.9,347.5,6,LOW
Bike,33.2,82.3,School,0.518,24.0,0.0,10,HIGH
Auto,28.3,197.2,None,0.811,80.7,555.3,0,LOW
Police,27.0,241.1,Bridge,0.799,28.0,0.0,10,MEDIUM
Auto,3.8,6.8,School,0.963,21.6,0.0,14,MEDIUM
Police,33.9,270.1,Hospital,0.857,25.1,0.0,1,HIGH
Bus,101.5,0.7,Accident,0.879,44.1,0.0,3,HIGH
Ambulance,86.9,164.0,Hairpin,0.639,59.8,181.0,16,MEDIUM
Truck,12.7,282.4,None,0.635,87.1,2384.1,15,LOW
Truck,71.0,32.4,School,0.81,22.0,0.0,10,HIGH
Tanker,3.6,36.5,None,0.699,47.9,323.9,3,MEDIUM
Truck,83.0,28.4,Accident,0.731,26.8,53.6,2,HIGH
Car,15.1,137.0,None,0.722,97.4,2782.2,8,LOW
Ambulance,55.2,79.1,Hairpin,0.99,81.6,0.0,7,MEDIUM
Tanker,44.5,343.8,Flood,0.956,43.4,0.0,11,MEDIUM
Ambulance,0.2,206.6,School,0.695,32.8,0.0,10,MEDIUM
Auto,98.4,64.4,None,0.818,17.4,417.6,2,MEDIUM
Car,98.0,145.0,None,0.908,24.5,2309.9,9,MEDIUM
Police,0.1,157.6,None,0.944,51.5,1754.7,5,LOW
Car,27.2,274.8,RoadBlock,0.957,59.2,37.9,5,MEDIUM
Container,90.5,281.1,None,0.496,36.9,1072.4,3,MEDIUM
Bus,4.2,102.2,None,0.998,51.7,771.7,13,LOW
Police,93.8,32.7,None,0.786,11.4,582.9,23,MEDIUM
Bus,36.9,199.0,None,0.947,36.7,452.0,11,LOW
Container,1.7,262.7,None,0.424,83.4,1491.6,3,MEDIUM
Bus,105.9,359.0,Construction,0.651,98.8,0.0,18,HIGH
Container,77.7,344.3,Hospital,0.683,54.3,0.0,13,HIGH
Ambulance,99.5,59.7,None,0.99,43.2,2868.7,23,MEDIUM
Bike,104.7,200.8,None,0.611,29.9,117.1,8,MEDIUM
Ambulance,42.4,305.2,None,0.605,54.8,356.8,4,LOW
Ambulance,81.5,78.8,Hairpin,0.946,67.6,0.0,16,HIGH
Tanker,106.1,296.0,None,0.915,82.1,539.0,8,LOW
Lorry,72.8,309.7,None,0.842,10.4,1048.1,21,MEDIUM
Truck,32.9,39.6,Construction,0.759,91.6,177.0,1,MEDIUM
Auto,86.5,105.2,Flood,0.783,47.0,0.0,13,HIGH
Car,26.1,241.6,None,0.713,59.3,1394.6,18,LOW
Bike,35.8,222.0,RoadBlock,0.575,67.9,0.0,19,MEDIUM
Bus,80.2,150.2,RoadBlock,0.861,49.1,0.0,7,HIGH
Tanker,32.5,336.7,None,0.97,23.2,298.6,8,LOW
Car,35.4,164.7,Accident,0.656,29.0,0.0,7,MEDIUM
Bike,57.2,34.2,None,0.966,40.8,2595.7,10,LOW
Bus,87.4,356.4,Flood,0.73,60.0,76.4,0,HIGH
Bus,60.0,29.0,RoadBlock,0.924,72.4,9.8,23,MEDIUM
Bus,51.0,0.5,School,0.77,21.3,0.0,10,HIGH
Lorry,102.5,260.4,RoadBlock,0.997,79.4,0.0,1,HIGH
Bike,106.7,85.9,None,0.896,32.5,2958.0,7,MEDIUM
Ambulance,47.1,148.7,None,0.856,51.9,2584.2,7,LOW
Auto,21.2,218.2,School,0.826,59.0,0.0,16,MEDIUM
Auto,109.2,226.5,Hospital,0.579,24.1,0.0,8,HIGH
Car,39.0,231.4,School,0.513,11.9,199.7,2,MEDIUM
Bus,102.1,43.0,Bridge,0.776,30.1,0.0,21,MEDIUM
Police,32.1,13.7,None,0.585,64.0,552.1,23,LOW
Car,34.8,255.9,None,0.971,82.9,1461.4,0,LOW
Container,12.7,301.0,None,0.838,61.0,2036.5,17,LOW
Truck,58.6,53.0,None,0.53,22.8,1809.2,15,MEDIUM
Ambulance,50.5,81.4,Bridge,0.98,57.1,0.0,1,LOW
Auto,90.3,20.4,None,0.772,73.2,2800.0,21,LOW
Ambulance,52.0,162.6,Construction,0.78,65.6,0.0,23,MEDIUM
Police,109.3,58.7,Hospital,0.81,69.9,0.0,16,HIGH
Container,27.4,161.7,Hospital,0.632,78.9,5.0,19,MEDIUM
Container,56.9,205.9,None,0.903,72.4,1581.9,10,LOW
Auto,36.6,84.3,None,0.939,62.4,1151.2,4,LOW
Lorry,101.2,178.0,None,0.637,62.5,2674.0,21,MEDIUM
Container,83.9,311.4,RoadBlock,0.953,50.4,0.0,7,HIGH
Ambulance,42.3,79.6,School,0.844,11.4,0.0,10,MEDIUM
Auto,44.0,8.1,None,0.803,58.6,2892.1,9,LOW
Tanker,22.2,104.1,None,0.959,17.8,1002.7,13,LOW
Car,28.5,139.5,Construction,0.907,36.7,0.0,17,MEDIUM
Car,26.9,338.4,Flood,0.797,29.5,57.7,17,MEDIUM
Bike,13.7,258.9,Flood,0.455,24.8,0.0,20,MEDIUM
Police,61.3,14.7,None,0.653,10.0,312.5,0,MEDIUM
Ambulance,101.7,274.8,Flood,0.447,85.8,0.0,16,HIGH
Truck,43.1,118.2,None,0.996,33.9,2835.5,8,LOW
Bus,108.5,188.8,None,0.949,29.2,2272.6,7,MEDIUM
Container,22.4,344.7,RoadBlock,0.845,82.2,0.0,9,MEDIUM
Lorry,100.6,79.3,None,0.312,19.3,1106.6,14,MEDIUM
Tanker,46.9,172.0,Hospital,0.983,77.7,0.0,19,MEDIUM
Bike,89.3,355.4,Flood,0.584,68.9,139.4,22,MEDIUM
Bike,31.0,91.7,Construction,0.985,90.9,59.7,13,LOW
Bus,106.3,169.9,None,0.906,85.9,2239.2,11,MEDIUM
Tanker,97.3,211.5,None,0.713,45.4,2816.1,3,MEDIUM
Car,70.4,300.7,None,0.454,63.7,1266.9,19,LOW
Car,16.5,148.4,None,0.781,11.6,1685.6,13,LOW
Car,52.7,320.6,Hospital,0.721,14.1,0.0,17,MEDIUM
Bus,7.5,11.0,None,0.79,39.4,615.4,2,LOW
Bus,101.9,272.1,RoadBlock,0.876,86.7,0.0,18,HIGH
Ambulance,68.8,141.5,Hospital,0.639,98.2,0.0,2,MEDIUM
Tanker,27.4,36.7,None,0.346,56.0,1974.7,0,MEDIUM
Ambulance,13.9,243.1,None,0.909,95.5,1703.9,10,LOW
Tanker,102.2,247.4,None,0.747,82.4,1894.6,12,MEDIUM
Tanker,63.8,328.5,Accident,0.97,49.4,0.0,14,HIGH
Lorry,80.6,349.7,None,0.899,33.8,809.0,12,MEDIUM
Car,46.2,50.3,Construction,0.888,82.4,78.5,2,LOW
Car,78.0,270.8,None,0.905,67.9,2062.6,15,LOW
Lorry,60.7,76.3,None,0.909,44.2,1528.6,15,MEDIUM
Tanker,3.3,212.9,Bridge,0.896,79.2,0.0,17,MEDIUM
Truck,86.8,250.9,None,0.738,51.1,477.4,13,MEDIUM
Bus,54.3,158.4,None,0.99,14.2,1373.5,3,MEDIUM
Bus,38.2,199.4,None,0.783,51.0,1611.6,21,LOW
Ambulance,53.5,139.9,None,0.829,34.8,2849.6,0,LOW
Ambulance,89.1,245.8,None,0.818,13.5,943.9,11,MEDIUM
Ambulance,5.7,204.5,Flood,0.476,78.0,0.0,8,MEDIUM
Auto,16.5,100.6,None,0.889,86.3,1983.2,13,LOW
Police,17.4,200.2,None,0.751,83.5,2276.2,19,LOW
Police,61.7,41.7,Hospital,0.855,87.7,91.8,5,MEDIUM
Lorry,46.1,34.4,None,0.96,65.2,839.6,0,LOW
Truck,86.9,55.2,None,0.499,68.9,795.8,16,MEDIUM
Tanker,69.4,148.9,Flood,0.515,40.7,0.0,7,HIGH
Tanker,81.5,57.6,RoadBlock,0.658,36.0,0.0,1,HIGH
Ambulance,105.1,53.5,None,0.868,21.1,1961.9,17,MEDIUM
Truck,73.6,238.4,Flood,0.888,30.0,0.0,10,HIGH
Ambulance,103.5,298.1,None,0.778,75.9,2936.4,19,LOW
Container,21.4,181.1,Accident,0.54,64.2,0.0,8,HIGH
Bus,15.2,122.0,School,0.629,52.8,0.0,21,HIGH
Tanker,47.2,70.0,Hospital,0.865,76.4,0.0,3,HIGH
Auto,47.2,292.2,None,0.976,55.4,1353.4,6,LOW
Truck,28.9,169.6,Flood,0.848,78.4,0.0,7,MEDIUM
Ambulance,40.7,257.2,Bridge,0.949,91.2,0.0,7,LOW
Auto,37.3,182.7,None,0.804,20.4,1626.7,16,LOW
Bike,8.5,56.2,Accident,0.819,27.9,199.7,2,MEDIUM
Tanker,38.2,324.9,None,0.865,42.4,2510.0,17,LOW
Ambulance,81.9,99.3,None,0.756,69.2,2047.9,8,MEDIUM
Car,18.6,214.1,None,0.57,46.6,2660.5,3,LOW
Car,42.5,152.4,Accident,0.996,60.0,0.0,5,MEDIUM
Container,71.9,91.5,None,0.966,64.3,727.5,6,LOW
Tanker,97.3,165.4,Hospital,0.759,86.6,99.5,5,MEDIUM
Car,100.7,36.6,Construction,0.788,51.1,192.3,12,MEDIUM
Auto,69.7,231.2,None,0.885,38.4,2482.6,0,MEDIUM
Lorry,72.2,357.4,None,0.579,23.8,1340.1,4,MEDIUM
Bike,42.2,351.9,None,0.731,18.5,2636.6,1,MEDIUM
Lorry,32.2,124.0,Accident,0.837,46.8,0.0,22,HIGH
Auto,37.4,10.9,None,0.585,72.5,663.3,17,LOW
Auto,13.3,187.0,Hairpin,0.88,75.5,0.0,2,MEDIUM
Car,86.8,37.4,School,0.765,72.2,0.0,9,HIGH
Police,60.9,174.5,Construction,0.851,46.7,0.0,3,HIGH
Police,85.3,315.0,Construction,0.65,59.5,179.3,14,MEDIUM
Bike,106.4,169.1,None,0.735,65.6,2112.6,1,MEDIUM
Truck,23.5,211.3,None,0.776,28.0,200.3,4,MEDIUM
Container,93.6,138.8,Hairpin,0.878,61.0,145.7,16,MEDIUM
Auto,58.9,324.4,None,0.954,93.9,1260.0,20,LOW
Bike,33.6,100.3,None,0.724,52.8,2060.9,11,LOW
Truck,98.7,137.1,Hospital,0.979,75.0,0.0,14,HIGH
Container,34.1,280.7,Accident,0.72,71.5,152.5,3,MEDIUM
Bus,23.8,327.6,None,0.781,26.6,843.1,16,LOW
Police,3.8,32.5,Flood,0.865,82.9,0.0,19,MEDIUM
Lorry,72.0,125.8,None,0.616,55.5,930.3,3,MEDIUM
Truck,66.1,153.8,None,0.9,30.0,2343.2,0,MEDIUM
Bike,53.4,25.9,Construction,0.66,39.8,111.8,15,MEDIUM
Bus,32.3,28.7,Flood,0.952,42.9,0.0,21,MEDIUM
Auto,35.0,219.8,None,0.967,84.4,692.2,8,LOW
Truck,74.5,68.2,RoadBlock,0.898,92.8,0.0,10,MEDIUM
Car,59.6,147.7,None,0.995,86.6,254.2,13,LOW
Truck,9.4,355.7,School,0.804,66.6,0.0,9,MEDIUM
Bike,83.4,194.1,None,0.79,15.2,2261.7,11,MEDIUM
Bike,55.2,132.7,Hairpin,0.644,73.3,0.0,5,MEDIUM
Tanker,21.0,224.1,RoadBlock,0.94,42.7,0.0,6,MEDIUM
Bus,68.1,131.9,Accident,0.809,80.8,0.0,12,HIGH
Ambulance,100.0,95.4,None,0.81,65.4,285.7,17,LOW
Police,3.6,150.7,None,0.944,14.1,629.1,12,LOW
Car,76.1,355.5,None,0.946,92.5,1452.0,14,LOW
Container,106.1,193.3,Hospital,0.906,47.0,0.0,19,HIGH
Lorry,20.3,146.8,None,0.846,51.6,832.8,22,MEDIUM
Bus,89.9,33.0,Hospital,0.574,84.7,0.0,1,HIGH
Ambulance,13.4,14.6,None,0.584,49.3,1736.9,4,LOW
Car,50.3,325.2,None,0.789,78.9,2806.5,0,LOW
Container,48.7,126.4,Hairpin,0.892,30.7,99.9,16,MEDIUM
Bus,28.5,132.1,None,0.931,77.4,954.2,6,LOW
Truck,77.7,132.3,Bridge,0.734,92.3,29.5,4,MEDIUM
Tanker,8.1,335.5,Hospital,0.893,40.8,0.0,0,HIGH
Truck,62.5,25.9,None,0.804,34.5,2111.3,19,MEDIUM
Truck,73.5,307.5,School,0.99,42.3,0.0,7,HIGH
Truck,60.7,236.2,None,0.885,70.1,1841.0,2,MEDIUM
Container,0.2,112.1,None,0.847,19.2,695.1,22,MEDIUM
Lorry,19.4,85.2,Bridge,0.996,41.0,163.1,19,LOW
Lorry,104.6,145.0,None,0.882,68.1,1604.8,17,MEDIUM
Car,26.7,275.4,None,0.707,71.1,2933.1,0,LOW
Tanker,91.4,57.4,None,0.728,21.4,2735.3,13,MEDIUM
Bus,21.3,114.7,None,0.723,83.5,2983.7,16,LOW
Auto,92.5,124.3,None,0.549,67.4,2343.6,3,MEDIUM
Lorry,83.7,345.9,None,0.894,37.9,610.8,10,MEDIUM
Truck,89.4,326.0,Flood,0.732,81.2,15.2,2,HIGH
Police,70.0,53.6,None,0.809,64.0,774.9,3,LOW
Auto,84.8,231.2,None,0.767,65.9,2875.5,18,LOW
Truck,66.1,226.0,None,0.887,58.3,717.4,11,LOW
Ambulance,49.9,61.2,Hairpin,0.923,82.8,44.9,19,MEDIUM
Lorry,45.8,5.8,None,0.816,19.7,1856.2,0,MEDIUM
Tanker,91.1,323.1,None,0.952,34.8,1494.7,23,MEDIUM
Container,102.2,270.0,None,0.524,88.5,2342.6,13,MEDIUM
Police,98.0,122.5,Flood,0.873,79.4,0.0,11,MEDIUM
Truck,89.2,202.2,School,0.977,13.0,0.0,6,HIGH
Bike,19.2,173.5,None,0.356,69.3,1057.7,3,LOW
Tanker,17.2,85.2,None,0.923,34.0,2213.8,17,LOW
Lorry,56.4,156.4,None,0.884,12.7,1494.8,21,LOW
Lorry,36.2,183.3,Construction,0.757,99.3,0.0,10,MEDIUM
Lorry,20.9,247.6,School,0.723,47.5,0.0,14,HIGH
Truck,59.2,127.0,None,0.983,45.6,307.7,16,LOW
Police,103.7,65.7,Accident,0.716,43.8,0.0,1,HIGH
Bus,59.8,157.5,None,0.818,91.0,684.7,8,LOW
Ambulance,103.0,246.9,None,0.722,54.9,2366.3,4,MEDIUM
Bus,31.3,104.6,None,0.813,58.5,764.4,1,LOW
Ambulance,86.5,289.0,None,0.976,67.6,699.2,4,LOW
Ambulance,87.4,316.7,RoadBlock,0.702,31.4,0.0,15,HIGH
Lorry,106.3,33.8,None,0.491,93.3,883.2,6,MEDIUM
Ambulance,71.5,178.0,None,0.525,17.3,2169.9,13,MEDIUM
Container,18.2,265.8,Flood,0.845,42.3,0.0,16,MEDIUM
Bike,99.4,42.6,None,0.973,99.2,1854.6,19,LOW
Car,50.3,105.3,None,0.818,89.0,2401.8,16,LOW
Bike,13.8,277.7,None,0.263,16.1,1625.0,18,MEDIUM
Bus,19.1,195.8,Hairpin,0.736,21.9,136.8,10,MEDIUM
Lorry,102.4,193.9,None,0.58,57.1,730.4,0,MEDIUM
Car,101.9,277.7,Flood,0.919,87.7,0.0,6,MEDIUM
Truck,43.8,3.2,None,0.996,90.7,1041.7,19,LOW
Ambulance,56.3,262.4,None,0.918,83.6,1685.4,0,LOW
Container,14.6,160.2,None,0.696,85.4,2346.0,14,LOW
Police,80.0,322.1,None,0.97,51.5,2781.9,15,LOW
Container,64.1,66.2,None,0.823,74.1,2076.6,5,LOW
Truck,108.2,202.8,School,0.644,28.2,0.0,16,HIGH
Bus,62.3,188.3,None,0.671,71.9,1021.9,6,MEDIUM
Bus,55.6,122.5,None,0.976,46.8,1870.5,23,LOW
Car,50.1,324.3,Accident,0.737,47.3,0.0,20,MEDIUM
Truck,75.8,297.8,Construction,0.981,80.7,0.0,14,MEDIUM
Police,35.0,50.2,None,0.982,22.9,1360.9,19,LOW
Police,27.8,247.6,Construction,0.892,29.4,0.0,5,MEDIUM
Tanker,44.6,222.7,Accident,0.974,84.0,75.2,17,MEDIUM
Tanker,7.4,34.8,None,0.799,83.6,2529.9,17,LOW
Bike,31.6,97.4,Bridge,0.855,97.4,0.0,11,LOW
Truck,19.7,243.5,None,0.526,52.6,1886.5,18,LOW
Auto,25.4,48.4,Accident,0.802,72.4,0.0,0,MEDIUM
Ambulance,106.6,131.2,School,0.695,57.7,0.0,8,HIGH
Ambulance,72.4,114.2,None,0.647,36.9,2725.0,15,MEDIUM
Car,70.3,330.2,None,0.453,89.1,1889.3,17,LOW
Truck,46.8,40.2,None,0.904,44.7,1877.7,14,LOW
Car,85.0,337.9,RoadBlock,0.767,13.5,0.0,12,HIGH
Police,82.2,338.1,Hairpin,0.753,23.9,0.0,21,HIGH
Car,25.7,87.8,None,0.845,29.0,832.0,18,LOW
Bus,70.1,297.7,None,0.951,56.6,222.3,14,LOW
Tanker,45.8,6.4,None,0.961,84.4,220.1,18,LOW
Truck,75.8,292.4,None,0.739,52.9,2524.4,5,MEDIUM
Police,15.2,222.5,None,0.637,39.8,386.1,7,LOW
Car,39.8,15.9,Bridge,0.785,84.0,46.4,1,LOW
Container,9.6,216.5,None,0.953,23.5,1324.1,1,LOW
Container,6.8,307.6,None,0.824,21.4,1795.8,3,MEDIUM
Lorry,43.3,156.5,Bridge,0.931,26.7,0.0,14,MEDIUM
Police,106.8,315.1,Accident,0.714,34.7,57.7,2,HIGH
Auto,80.4,224.7,Construction,0.744,19.5,0.0,7,HIGH
Car,29.0,193.2,None,0.919,80.4,249.5,18,LOW
Car,72.6,331.9,Flood,0.721,62.3,0.0,22,MEDIUM
Ambulance,27.4,69.1,None,0.837,43.6,2093.2,5,LOW
Bus,85.8,90.9,None,0.63,20.0,581.3,11,MEDIUM
Auto,99.2,81.6,None,0.885,12.0,1294.8,8,MEDIUM
Auto,86.1,169.1,None,0.513,72.1,2273.2,0,MEDIUM
Car,76.5,197.6,None,0.82,58.2,823.7,9,LOW
Ambulance,76.5,350.1,None,0.613,28.4,1109.2,11,MEDIUM
Car,44.7,339.1,Accident,0.854,32.6,0.0,17,MEDIUM
Truck,41.3,256.6,Accident,0.772,22.2,128.1,1,MEDIUM
Truck,39.7,191.7,None,0.756,37.7,2668.5,9,LOW
Lorry,15.0,44.6,Hairpin,0.896,14.2,0.0,8,HIGH
Car,49.8,229.9,Bridge,0.858,95.1,0.0,5,LOW
Lorry,17.8,24.5,Bridge,0.847,40.8,0.0,5,MEDIUM
Bus,102.2,175.8,Bridge,0.949,67.4,0.0,2,MEDIUM
Container,14.9,183.3,None,0.799,53.3,2342.6,11,LOW
Car,100.0,68.0,Construction,0.952,73.5,84.8,23,MEDIUM
Container,9.7,4.2,None,0.747,81.6,2676.4,10,LOW
Car,92.1,173.9,Bridge,0.93,60.9,0.0,18,MEDIUM
Bike,86.0,204.0,None,0.485,59.4,991.1,22,MEDIUM
Auto,49.5,75.0,RoadBlock,0.424,66.0,0.0,6,MEDIUM
Tanker,42.2,148.2,Bridge,0.711,65.1,0.0,5,MEDIUM
Bus,66.8,200.8,School,0.866,19.3,19.1,0,HIGH
Bike,52.8,323.2,Bridge,0.969,46.1,0.0,4,MEDIUM
Tanker,15.2,193.6,None,0.792,86.6,2803.8,2,LOW
Auto,103.1,86.2,Hairpin,0.736,71.6,0.0,10,HIGH
Ambulance,5.2,127.2,None,0.91,68.9,119.1,19,LOW
Bus,56.4,293.3,Hairpin,0.762,35.1,0.0,4,HIGH
Police,37.2,22.7,None,0.782,70.2,1194.3,6,LOW
Police,69.5,300.2,None,0.885,77.7,1554.0,18,LOW
Bus,38.5,253.6,Hospital,0.688,11.6,0.0,12,HIGH
Tanker,18.0,193.2,Hospital,0.974,54.3,113.5,6,MEDIUM
Container,33.4,79.1,Construction,0.93,55.7,107.7,4,MEDIUM
Police,47.2,39.7,Hospital,0.967,24.0,151.0,7,MEDIUM
Container,66.0,30.8,Bridge,0.921,67.9,41.4,12,LOW
Ambulance,57.6,240.4,None,0.964,90.9,1485.5,15,LOW
Bike,0.5,316.2,None,0.941,81.9,1228.6,8,LOW
Bus,5.4,228.3,School,0.855,59.8,25.1,13,MEDIUM
Lorry,1.9,279.5,School,0.63,14.6,0.0,18,HIGH
Bike,21.4,350.9,None,0.938,83.2,2841.8,10,LOW
Tanker,3.4,326.8,Hairpin,0.87,52.2,0.0,5,HIGH
Truck,24.9,243.6,None,0.745,44.6,2314.7,22,LOW
Container,31.4,330.7,None,0.617,33.3,1159.4,0,MEDIUM
Tanker,15.0,332.0,RoadBlock,0.878,83.4,69.4,4,MEDIUM
Truck,70.9,59.5,None,0.921,67.5,2951.7,7,LOW
Car,73.6,185.1,None,0.776,94.8,1889.7,15,LOW
Police,78.5,31.1,Flood,0.947,72.2,0.0,14,MEDIUM
Bus,47.5,70.8,None,0.941,85.0,432.8,22,LOW
Bus,10.1,323.9,Flood,0.946,46.4,0.0,16,MEDIUM
Tanker,76.4,16.7,None,0.978,17.1,1620.4,22,MEDIUM
Truck,69.5,33.4,Accident,0.768,94.9,193.3,0,MEDIUM
Bike,48.5,175.2,None,0.969,12.2,783.3,15,LOW
Police,22.9,336.7,None,0.975,99.8,755.5,18,LOW
Lorry,22.3,211.6,Bridge,0.998,64.1,0.0,18,LOW
Bike,73.8,73.4,None,0.967,15.8,134.9,11,LOW
Auto,14.4,60.6,Hairpin,0.81,68.0,0.0,10,MEDIUM
Bike,0.4,307.6,None,0.877,14.4,926.5,13,LOW
Bike,93.1,234.2,None,0.963,89.0,1746.8,20,LOW
Container,53.2,167.0,RoadBlock,0.709,98.8,83.7,17,MEDIUM
Container,7.5,147.6,None,0.992,18.6,921.1,22,MEDIUM
Bus,38.3,299.6,None,0.824,79.5,125.8,5,LOW
Bike,101.6,310.7,None,0.596,78.6,1082.3,12,MEDIUM
Auto,2.1,229.5,Accident,0.929,39.7,0.0,9,MEDIUM
Container,9.3,46.1,None,0.833,65.7,2409.2,2,LOW
Ambulance,69.1,34.3,Accident,0.881,99.6,21.9,5,MEDIUM
Container,52.6,278.3,School,0.947,62.0,0.0,17,MEDIUM
Ambulance,21.3,290.5,Accident,0.991,81.6,0.0,14,MEDIUM
Ambulance,33.7,198.8,RoadBlock,0.594,78.0,169.2,8,MEDIUM
Car,106.1,203.1,Hospital,0.452,76.4,0.0,5,HIGH
Tanker,3.1,257.1,Hospital,0.763,42.6,0.0,18,HIGH
Auto,102.6,336.9,School,0.779,10.7,0.0,19,HIGH
Ambulance,108.2,13.7,None,0.992,41.8,881.7,5,MEDIUM
Police,88.4,179.6,Hairpin,0.94,74.6,0.0,13,HIGH
Tanker,52.3,302.4,None,0.935,89.2,1758.6,1,LOW
Container,104.8,294.0,None,0.983,33.7,922.3,6,MEDIUM
Police,13.8,128.6,None,0.961,56.9,1950.4,20,LOW
Lorry,30.6,292.3,Hospital,0.854,20.2,0.0,23,HIGH
Auto,43.4,321.2,Bridge,0.501,43.3,0.0,11,MEDIUM
Bike,64.2,218.1,Accident,0.948,38.1,0.0,5,MEDIUM
Police,26.5,132.3,Hospital,0.604,66.6,0.0,18,MEDIUM
Car,82.5,351.1,Hairpin,0.761,46.8,0.0,0,HIGH
Bus,12.2,77.7,None,0.742,54.6,2426.1,15,LOW
Container,102.7,96.8,None,0.952,31.6,1693.0,8,MEDIUM
Ambulance,12.7,198.6,Hairpin,0.81,65.8,0.0,13,MEDIUM
Ambulance,88.4,71.3,None,0.871,25.1,2470.4,6,MEDIUM
Container,51.7,203.3,School,0.867,44.7,0.0,18,MEDIUM
Police,25.3,285.6,Accident,0.728,24.9,0.0,8,MEDIUM
Police,52.5,188.8,None,0.925,17.6,2160.7,21,LOW
Lorry,101.9,274.1,Construction,0.877,22.9,0.0,6,HIGH
Truck,89.4,335.7,School,0.979,89.2,113.8,19,MEDIUM
Truck,55.3,263.3,None,0.873,94.7,2915.3,9,LOW
Lorry,49.4,347.8,Construction,0.903,87.8,0.0,11,MEDIUM
Tanker,58.6,122.0,Construction,0.895,80.7,187.1,6,MEDIUM
Police,10.2,288.6,None,0.759,22.8,1556.5,21,LOW
Bike,83.4,68.8,None,0.847,55.5,509.5,15,MEDIUM
Car,42.1,98.8,None,0.883,77.0,1886.3,22,LOW
Tanker,52.5,63.9,None,0.721,56.7,2252.8,5,LOW
Car,5.2,19.6,None,0.645,49.7,911.2,13,LOW
Police,95.0,303.1,None,0.811,13.9,2410.2,10,MEDIUM
Bike,62.0,88.5,None,0.73,12.3,1579.1,0,MEDIUM
Police,94.2,74.6,RoadBlock,0.94,94.7,0.0,9,MEDIUM
Car,75.6,272.7,Accident,0.993,63.9,0.0,17,MEDIUM
Tanker,99.0,208.5,None,0.858,42.4,877.3,8,MEDIUM
Police,63.2,46.0,Accident,0.804,30.3,0.0,8,HIGH
Container,84.2,260.9,RoadBlock,0.633,74.1,54.5,12,MEDIUM
Police,87.1,128.7,School,0.909,11.5,0.0,11,HIGH
Bike,79.8,344.9,None,0.827,20.5,1411.7,23,MEDIUM
Bus,63.9,294.5,None,0.661,50.6,2813.6,17,MEDIUM
Tanker,77.2,244.7,None,0.616,14.6,2038.9,5,MEDIUM
Ambulance,20.5,331.6,None,0.639,18.3,191.1,2,MEDIUM
Car,49.7,338.6,None,0.852,71.6,2769.9,7,LOW
Container,2.2,90.3,None,0.854,94.6,2594.8,15,LOW
Tanker,104.1,43.3,Accident,0.628,73.9,0.0,12,HIGH
Lorry,25.2,135.4,None,0.453,27.9,1654.8,18,MEDIUM
Car,49.6,282.6,Bridge,0.834,79.3,0.0,17,LOW
Ambulance,63.5,172.3,Hairpin,0.65,24.8,0.0,15,HIGH
Ambulance,63.3,273.3,Construction,0.752,66.6,0.0,7,MEDIUM
Bike,28.2,215.7,None,0.917,35.9,2142.6,8,LOW
Car,66.6,163.9,None,0.915,15.3,2560.2,23,MEDIUM
Bike,94.6,303.8,None,0.695,78.4,105.3,20,MEDIUM
Container,50.5,3.8,None,0.986,42.6,1522.9,8,LOW
Police,89.9,107.6,Flood,0.565,86.7,10.6,12,MEDIUM
Ambulance,24.7,119.7,Hospital,0.82,81.9,0.0,21,MEDIUM
Truck,91.5,242.9,None,0.539,25.5,1326.2,16,MEDIUM
Auto,81.5,191.2,Hairpin,0.54,94.9,0.0,4,HIGH
Bus,23.2,52.9,Construction,0.883,17.3,0.0,16,MEDIUM
Car,57.3,47.4,None,0.784,94.5,2124.7,20,LOW
Bike,45.2,295.2,None,0.606,89.8,2504.5,0,LOW
Lorry,21.8,86.0,None,0.841,85.6,125.7,13,LOW
Ambulance,0.8,52.5,Hairpin,0.66,90.1,0.0,1,MEDIUM
Lorry,52.3,356.7,None,0.966,90.2,1804.9,8,LOW
Auto,83.5,241.7,Bridge,0.895,81.1,0.0,0,MEDIUM
Police,17.9,16.0,RoadBlock,0.952,17.5,0.0,12,MEDIUM
Truck,13.9,266.7,Flood,0.98,99.0,0.0,23,MEDIUM
Ambulance,5.9,112.7,None,0.717,80.9,2233.1,18,LOW
Truck,97.7,276.4,School,0.99,24.7,32.6,14,HIGH
Bike,21.4,37.1,None,0.81,66.4,901.0,10,LOW
Container,25.0,90.0,Hairpin,0.55,91.7,0.0,15,HIGH
Auto,52.0,338.5,None,0.978,86.0,2382.4,6,LOW
Bus,32.4,29.2,None,0.956,90.1,619.8,12,LOW
Container,94.8,18.4,None,0.824,93.2,157.9,0,MEDIUM
Tanker,61.1,133.9,Flood,0.999,71.2,0.0,3,HIGH
Car,2.3,171.8,None,0.603,41.4,1990.1,20,LOW
Ambulance,105.4,176.2,Hospital,0.647,67.6,178.7,12,MEDIUM
Police,25.7,132.3,School,0.905,42.1,0.0,12,MEDIUM
Car,8.3,105.5,Hospital,0.999,58.7,0.0,5,MEDIUM
Car,3.0,244.2,None,0.855,79.3,876.6,6,LOW
Auto,65.5,186.5,Accident,0.805,75.2,184.2,19,MEDIUM
Auto,25.4,26.8,Accident,0.804,36.6,0.0,3,HIGH
Ambulance,107.3,130.3,None,0.803,19.7,1251.2,6,MEDIUM
Lorry,106.4,60.5,None,0.944,86.8,184.4,2,MEDIUM
Car,84.8,316.8,None,0.887,47.6,1967.7,9,MEDIUM
Bus,101.1,222.8,None,0.756,52.2,2596.5,18,MEDIUM
Car,80.9,85.6,RoadBlock,0.92,95.6,163.5,22,MEDIUM
Lorry,23.2,282.2,Hospital,0.677,53.6,144.2,7,MEDIUM
Tanker,52.5,133.4,School,0.817,55.7,0.0,9,MEDIUM
Auto,86.2,41.2,None,0.69,26.5,832.5,14,MEDIUM
Ambulance,78.9,134.9,Accident,0.537,78.1,0.0,19,HIGH
Bike,71.3,71.5,None,0.939,51.4,335.6,6,LOW
Tanker,69.7,168.5,Accident,0.945,40.1,0.0,7,HIGH
Bike,102.2,273.3,None,0.936,76.9,1538.9,21,LOW
Car,7.8,190.3,Flood,0.851,55.6,31.2,21,MEDIUM
Truck,102.5,233.5,None,0.604,60.7,1031.7,23,MEDIUM
Ambulance,91.8,35.1,None,0.601,67.0,1006.4,16,MEDIUM
Car,91.9,14.6,None,0.826,35.6,1593.2,20,MEDIUM
Tanker,36.2,1.8,Bridge,0.939,13.0,9.4,3,MEDIUM
Bike,6.0,37.1,Hairpin,0.915,79.7,0.0,12,MEDIUM
Tanker,16.4,48.7,Flood,0.934,33.1,124.8,16,MEDIUM
Car,37.2,131.4,RoadBlock,0.95,91.4,0.0,1,MEDIUM
Car,25.9,84.6,Flood,0.759,22.9,0.0,20,MEDIUM
Police,38.1,201.1,Hairpin,0.986,32.5,0.0,0,MEDIUM
Bike,87.0,172.0,Hairpin,0.554,10.9,132.7,20,HIGH
Truck,55.9,45.5,None,0.879,96.3,2377.4,5,LOW
Bike,89.5,147.4,Accident,0.885,23.7,142.4,13,MEDIUM
Tanker,42.1,71.6,None,0.615,27.3,465.0,16,LOW
Car,56.6,278.5,School,0.598,20.3,0.0,4,HIGH
Auto,26.9,254.2,None,0.66,39.7,2426.5,18,LOW
Police,90.1,220.6,None,0.991,39.9,2484.9,2,MEDIUM
Bike,44.7,224.3,School,0.884,19.6,0.0,18,MEDIUM
Auto,40.0,224.2,None,0.896,22.6,2067.3,3,LOW
Police,8.0,257.5,None,0.995,40.4,1211.8,12,LOW
Bike,71.7,64.2,Hairpin,0.777,71.8,4.6,4,HIGH
Lorry,88.5,109.1,Construction,0.936,44.4,0.0,1,HIGH
Bus,68.7,143.0,None,0.409,76.7,2214.6,6,MEDIUM
Tanker,90.1,273.6,None,0.623,18.9,2948.1,8,MEDIUM
Auto,96.3,191.5,None,0.909,56.0,646.5,20,LOW
Tanker,17.1,5.1,None,0.871,76.7,2150.8,16,LOW
Police,88.7,221.4,School,0.494,71.6,0.0,5,HIGH
Tanker,94.8,181.5,Flood,0.462,48.5,0.0,5,HIGH
Container,14.1,68.3,RoadBlock,0.82,10.2,0.0,19,MEDIUM
Truck,45.4,278.6,Flood,0.791,45.2,0.0,14,MEDIUM
Car,58.5,100.1,Accident,0.932,70.0,146.0,8,MEDIUM
Ambulance,13.5,197.4,Hairpin,0.981,20.6,0.0,19,MEDIUM
Police,85.7,140.3,School,0.768,53.9,0.0,9,HIGH
Container,73.8,205.7,Flood,0.768,74.2,120.0,9,MEDIUM
Container,101.7,183.3,Bridge,0.975,52.3,178.6,13,MEDIUM
Truck,21.1,103.3,None,0.758,49.8,377.3,11,LOW
Tanker,109.1,319.6,School,0.853,99.3,0.0,12,HIGH
Tanker,12.4,311.5,Flood,0.878,54.3,0.0,11,MEDIUM
Auto,2.9,148.4,None,0.805,72.5,1250.0,15,LOW
Container,61.9,195.2,None,0.791,84.5,461.5,22,MEDIUM
Bus,55.8,324.3,RoadBlock,0.694,21.1,0.0,7,MEDIUM
Ambulance,102.5,181.2,None,0.804,27.0,541.1,14,MEDIUM
Auto,75.5,107.5,None,0.937,23.5,559.9,9,LOW
Bus,37.0,340.8,None,0.722,52.3,1637.4,18,LOW
Police,69.8,262.5,Accident,0.978,36.2,0.0,23,HIGH
Tanker,22.9,229.8,Accident,0.899,87.5,152.2,16,MEDIUM
Bus,73.3,11.1,None,0.902,62.6,2247.1,18,LOW
Car,70.9,149.7,None,0.707,44.2,1117.1,13,LOW
Police,61.5,40.9,None,0.767,27.2,483.8,5,LOW
Container,94.7,192.5,None,0.855,56.5,2486.5,19,MEDIUM
Auto,12.1,128.9,Flood,0.826,69.8,79.5,23,MEDIUM
Bike,62.8,355.8,Bridge,0.843,57.9,0.0,10,MEDIUM
Police,98.1,75.5,None,0.871,96.3,1237.4,17,LOW
Police,68.5,198.5,None,0.909,95.0,2865.2,19,LOW
Ambulance,53.1,60.7,School,0.939,89.4,0.0,3,MEDIUM
Bike,17.9,321.0,Accident,0.824,58.0,0.0,16,MEDIUM
Tanker,34.7,216.1,Bridge,0.934,25.7,0.0,10,MEDIUM
Bike,9.1,247.1,RoadBlock,0.717,58.0,25.8,2,MEDIUM
Bus,22.3,263.4,None,0.788,18.6,916.0,0,MEDIUM
Truck,10.2,310.9,None,0.784,12.3,245.0,9,LOW
Police,64.9,240.7,None,0.975,39.5,2959.9,4,MEDIUM
Truck,42.3,94.4,None,0.586,89.8,2761.4,23,LOW
Lorry,48.0,86.4,Hairpin,0.855,40.9,0.0,23,HIGH
Truck,12.4,128.8,RoadBlock,0.978,91.3,0.0,3,MEDIUM
Bike,12.6,28.1,None,0.934,57.5,2205.4,10,LOW
Bike,47.9,248.9,None,0.838,98.7,234.0,4,LOW
Auto,54.5,116.7,None,0.686,69.7,2607.7,20,LOW
Ambulance,7.0,229.9,None,0.67,90.8,810.4,5,LOW
Bus,35.6,179.4,None,0.907,14.2,694.5,0,MEDIUM
Bus,48.9,243.1,Hairpin,0.807,30.7,18.5,5,MEDIUM
Lorry,16.5,2.9,School,0.817,81.8,170.7,15,MEDIUM
Ambulance,70.3,291.3,Construction,0.943,41.4,60.4,8,MEDIUM
Auto,68.6,204.1,None,0.9,89.8,1603.1,4,LOW
Auto,92.4,252.5,Hairpin,0.974,60.6,34.2,11,MEDIUM
Bus,19.2,3.7,School,0.6,36.8,0.0,15,HIGH
Lorry,9.0,227.5,School,0.945,96.2,0.0,19,MEDIUM
Truck,54.9,22.5,None,0.676,88.5,2136.3,18,LOW
Police,33.1,89.2,Flood,0.958,29.5,59.5,23,MEDIUM
Tanker,31.6,350.4,School,0.942,15.2,0.0,7,HIGH
Tanker,31.4,69.3,None,0.859,79.0,2291.9,8,LOW
Bus,31.8,67.6,None,0.778,54.9,620.8,7,LOW
Lorry,73.9,358.0,None,0.859,78.9,773.4,21,LOW
Ambulance,104.9,223.4,Construction,0.974,41.0,0.0,1,HIGH
Police,89.3,242.2,RoadBlock,0.925,29.4,196.7,5,MEDIUM
Container,89.8,340.8,Hairpin,0.954,35.6,0.0,13,HIGH
Auto,73.4,113.0,Accident,0.769,77.6,0.0,4,HIGH
Auto,109.6,116.7,Hospital,0.896,43.8,49.6,6,HIGH
Lorry,1.3,313.0,RoadBlock,0.828,84.6,0.0,1,MEDIUM
Bus,39.3,49.8,None,0.994,49.5,2436.0,9,LOW
Police,61.5,335.2,None,0.862,43.0,1260.5,17,LOW
Tanker,102.6,80.2,None,0.861,48.9,1622.2,13,MEDIUM
Bike,65.1,294.8,None,0.791,32.9,1115.5,4,MEDIUM
Container,65.4,318.0,Hospital,0.836,85.8,0.0,22,HIGH
Ambulance,99.9,354.6,None,0.87,85.2,1074.3,2,MEDIUM
Auto,5.2,183.0,Hospital,0.531,87.5,0.0,20,MEDIUM
Bike,42.7,226.0,None,0.828,62.7,517.9,2,LOW
Lorry,85.8,149.4,Accident,0.964,94.1,144.5,18,MEDIUM
Tanker,105.2,313.9,None,0.528,27.0,1979.6,12,MEDIUM
Tanker,56.7,352.5,Hairpin,0.878,53.2,199.9,2,MEDIUM
Container,95.6,335.0,School,0.9,92.6,0.0,11,HIGH
Truck,80.1,236.6,Construction,0.94,13.5,0.0,14,HIGH
Auto,73.2,61.6,None,0.971,97.3,113.0,21,LOW
Auto,99.3,155.5,Construction,0.741,22.7,0.0,1,HIGH
Police,25.2,204.3,School,0.777,68.1,0.0,9,MEDIUM
Lorry,24.9,185.2,School,0.714,99.9,138.6,9,MEDIUM
Tanker,91.6,120.2,Construction,0.75,39.2,132.9,8,HIGH
Lorry,102.7,157.5,Flood,0.843,15.2,0.0,2,HIGH
Car,38.8,25.3,RoadBlock,0.973,74.6,56.0,12,LOW
Bus,8.9,152.4,Hairpin,0.73,34.8,0.0,16,HIGH
Bike,25.6,79.6,None,0.805,82.4,279.2,21,LOW
Car,11.7,116.8,None,0.969,87.3,1153.2,17,LOW
Bus,24.0,174.8,None,0.975,65.3,2446.8,10,LOW
Container,25.3,166.4,Hospital,0.853,78.1,0.0,9,MEDIUM
Auto,64.8,250.5,RoadBlock,1.0,87.9,0.0,23,MEDIUM
Ambulance,65.3,96.2,Flood,0.971,73.0,0.0,1,MEDIUM
Auto,22.7,167.2,None,0.84,31.8,550.7,9,LOW
Car,50.6,122.5,Hairpin,0.767,63.3,0.0,15,MEDIUM
Auto,73.9,62.9,None,0.688,56.6,353.7,1,MEDIUM
Car,37.1,246.5,Construction,0.535,32.9,60.6,22,MEDIUM
Bike,70.4,346.5,None,0.559,38.5,2033.9,7,LOW
Lorry,3.5,129.3,Flood,0.928,96.0,0.0,12,MEDIUM
Container,5.4,258.1,None,0.648,22.6,590.6,17,LOW
Car,37.6,176.4,None,0.824,93.8,722.2,5,LOW
Lorry,15.5,302.4,Accident,0.841,71.0,130.7,3,MEDIUM
Ambulance,64.1,274.6,Hairpin,0.848,23.8,0.0,14,HIGH
Bus,76.6,96.8,Flood,0.904,42.5,0.0,10,MEDIUM
Police,72.4,129.1,School,0.783,30.1,0.0,15,HIGH
Container,85.5,297.0,None,0.941,53.8,559.6,9,MEDIUM
Car,79.1,118.9,Flood,0.878,61.5,189.7,6,MEDIUM
Truck,43.3,128.6,None,0.681,58.4,1713.4,12,LOW
Auto,71.3,273.6,None,0.818,27.5,241.9,23,MEDIUM
Tanker,82.0,26.5,None,0.794,58.3,1112.4,15,MEDIUM
Ambulance,3.3,235.4,Flood,0.97,16.4,0.0,5,MEDIUM
Auto,23.7,25.6,None,0.994,51.8,126.2,0,LOW
Car,26.3,132.5,Flood,0.873,52.7,96.5,12,LOW
Bike,71.0,15.9,None,0.905,70.9,102.0,0,LOW
Police,105.5,62.6,None,0.891,13.2,449.6,0,MEDIUM
Ambulance,26.4,157.5,None,0.76,33.1,2772.4,1,LOW
Car,42.9,274.3,None,0.881,36.5,417.6,7,LOW
Ambulance,73.5,100.7,Bridge,0.699,79.5,0.0,0,MEDIUM
Bus,55.3,7.0,Hospital,0.546,66.5,12.3,20,MEDIUM
Car,99.3,6.5,Construction,0.602,68.2,0.0,6,HIGH
Auto,81.8,91.2,Construction,0.658,35.1,0.0,1,HIGH
Lorry,89.5,248.2,School,0.931,72.7,0.0,11,HIGH
Auto,31.5,204.8,None,0.955,38.6,2565.1,10,LOW
Lorry,58.3,81.9,None,0.961,20.4,1222.6,11,LOW
Auto,43.3,289.4,None,0.8,70.2,2035.7,7,LOW
Auto,6.2,1.3,Accident,0.767,10.1,0.0,1,HIGH
Bike,78.3,67.1,None,0.734,11.7,2675.0,1,MEDIUM
Police,36.7,250.8,None,0.623,62.4,946.9,15,LOW
Container,109.2,264.6,None,0.983,39.6,644.8,8,MEDIUM
Auto,5.1,353.4,Flood,0.859,31.0,0.0,10,MEDIUM
Bike,8.2,182.7,None,0.901,49.4,1255.2,22,LOW
Container,69.4,225.7,Bridge,0.733,26.7,14.7,2,MEDIUM
Car,29.1,148.2,Construction,0.744,95.5,25.9,17,MEDIUM
Container,13.5,88.1,None,0.963,78.6,788.8,16,LOW
Tanker,57.0,186.5,None,0.924,61.9,987.0,12,LOW
Bus,51.4,294.4,Accident,0.852,31.1,64.7,21,MEDIUM
Truck,86.7,128.4,None,0.923,82.3,1524.1,19,MEDIUM
Container,50.4,56.1,None,0.887,99.1,1254.2,12,LOW
Ambulance,86.8,75.6,Construction,0.987,22.8,0.0,4,HIGH
Ambulance,58.1,246.4,School,0.892,71.0,0.0,0,MEDIUM
Bus,25.5,31.2,None,0.844,52.0,1609.5,12,LOW
Lorry,108.6,314.8,None,0.953,29.9,2271.8,2,MEDIUM
Container,34.4,332.4,School,0.757,76.8,0.0,11,HIGH
Car,29.1,181.2,Hospital,0.942,28.0,0.0,7,MEDIUM
Truck,37.2,29.3,None,0.819,62.8,1869.4,15,LOW
Container,98.5,327.0,None,0.753,43.2,2922.8,1,MEDIUM
Police,78.0,132.9,Hairpin,0.962,23.3,0.0,4,HIGH
Tanker,33.1,54.8,Hospital,0.842,94.0,0.0,7,MEDIUM
Tanker,7.7,336.2,None,0.829,39.7,1119.4,18,LOW
Ambulance,66.0,350.3,None,0.61,74.0,1270.6,23,MEDIUM
Lorry,104.5,226.1,Construction,0.502,33.6,84.0,10,HIGH
Police,49.7,139.4,Hairpin,0.945,34.9,0.0,23,MEDIUM
Auto,106.6,184.7,Hospital,0.855,81.8,185.1,16,MEDIUM
Bike,58.4,177.9,None,0.644,29.0,1078.2,13,LOW
Tanker,56.6,214.9,None,0.762,87.7,2610.5,18,LOW
Container,22.4,223.8,None,0.894,81.9,568.3,3,LOW
Lorry,81.6,53.2,None,0.893,19.7,1278.7,22,MEDIUM
Tanker,74.5,34.0,None,0.723,84.3,2950.9,12,LOW
Car,63.6,345.2,None,0.989,84.7,171.7,21,LOW
Bus,80.3,146.1,Bridge,0.901,69.5,109.2,22,MEDIUM
Police,14.0,140.4,Hospital,0.855,72.9,73.9,8,MEDIUM
Car,69.6,274.4,Construction,0.647,24.6,57.9,5,MEDIUM
Auto,102.6,128.3,None,0.879,85.7,2655.1,13,LOW
Lorry,52.1,319.0,RoadBlock,0.925,24.4,0.0,22,HIGH
Police,82.6,62.3,RoadBlock,0.84,18.5,170.5,4,MEDIUM
Ambulance,11.9,219.4,None,0.759,83.6,1706.0,8,LOW
Bike,67.2,354.3,Flood,0.894,78.5,0.0,7,MEDIUM
Ambulance,102.9,76.8,None,0.834,19.8,1120.1,12,MEDIUM
Auto,73.2,278.9,Accident,0.862,54.7,0.0,5,MEDIUM
Lorry,39.0,318.2,Accident,0.688,24.6,0.0,23,HIGH
Container,40.2,282.5,Flood,0.847,24.2,0.0,4,HIGH
Bus,109.1,315.8,School,0.836,99.1,85.6,3,HIGH
Car,55.6,232.5,Hospital,0.97,28.0,0.0,19,MEDIUM
Bus,78.6,322.3,None,0.941,26.8,484.2,9,LOW
Tanker,69.6,224.2,None,0.937,98.9,2245.7,21,LOW
Auto,92.9,171.0,Flood,0.944,73.3,181.1,0,MEDIUM
Police,53.5,345.2,None,0.881,58.4,2268.5,10,LOW
Container,60.3,196.0,None,0.875,82.9,2504.1,22,LOW
Ambulance,18.0,198.5,Hairpin,0.423,92.7,0.0,10,MEDIUM
Auto,11.6,252.4,Hospital,0.972,86.1,0.0,17,MEDIUM
Truck,2.3,293.7,School,0.944,31.6,0.0,22,HIGH
Tanker,95.2,288.3,Bridge,0.882,29.8,0.0,21,MEDIUM
Ambulance,18.0,2.6,Flood,0.861,77.6,0.0,15,MEDIUM
Police,70.6,179.0,RoadBlock,0.877,17.7,0.0,2,HIGH
Bike,46.4,148.3,Hairpin,0.817,89.3,0.0,12,MEDIUM
Police,93.8,353.7,School,0.82,86.4,0.0,0,HIGH
Container,65.1,38.1,Hairpin,0.712,65.3,0.0,12,HIGH
Container,106.7,322.9,None,0.815,46.3,1077.4,5,MEDIUM
Tanker,80.0,106.5,Flood,0.792,44.3,177.7,9,MEDIUM
Car,1.7,340.3,None,0.943,18.7,2575.6,22,LOW
Car,14.8,92.4,Flood,0.722,78.4,0.0,8,MEDIUM
Ambulance,46.2,114.2,None,0.942,58.0,1440.0,11,LOW
Ambulance,55.4,357.6,None,0.79,26.6,2087.0,13,LOW
Auto,37.9,268.6,School,0.969,16.3,0.0,5,MEDIUM
Car,59.9,234.3,Bridge,0.87,58.0,151.9,12,LOW
Bike,63.7,79.6,None,0.797,31.3,2316.3,20,LOW
Ambulance,42.5,240.3,None,0.665,16.1,2194.2,13,LOW
Tanker,38.9,354.2,None,0.806,40.6,2771.0,8,LOW
Police,2.9,190.7,RoadBlock,0.943,13.1,0.0,16,MEDIUM
Auto,72.6,279.0,None,0.781,45.5,1224.5,23,MEDIUM
Bike,42.3,54.8,None,0.918,10.0,2322.1,19,LOW
Tanker,98.9,18.5,None,0.889,65.1,1963.7,1,MEDIUM
Auto,89.5,103.0,None,0.924,40.6,2169.8,10,LOW
Tanker,82.9,180.9,RoadBlock,0.958,33.5,0.0,13,HIGH
Ambulance,31.7,0.4,None,0.528,33.2,2957.8,6,LOW
Lorry,28.8,279.0,None,0.83,89.8,2101.8,12,LOW
Truck,56.3,114.6,Accident,0.659,44.0,87.0,17,MEDIUM
Bike,45.0,1.5,Hospital,0.552,44.6,133.4,3,MEDIUM
Tanker,73.2,89.0,None,0.823,33.6,2322.6,7,MEDIUM
Car,71.9,339.3,Hospital,0.896,39.1,0.0,21,HIGH
Bus,34.0,297.8,Flood,0.795,89.6,0.0,18,MEDIUM
Tanker,6.9,311.1,None,0.676,71.8,2774.2,9,LOW
Bus,43.1,1.2,None,0.607,23.0,1931.3,12,MEDIUM
Bike,19.0,160.3,None,0.753,23.8,665.3,2,LOW
Bike,23.0,278.6,Flood,0.849,60.7,0.0,6,MEDIUM
Bike,93.4,32.4,None,0.772,42.1,2779.2,1,MEDIUM
Bike,60.2,169.9,None,0.995,11.2,1920.0,2,MEDIUM
Car,8.1,264.6,None,0.949,60.1,2544.3,22,LOW
Lorry,1.9,73.1,None,0.851,56.8,1326.6,18,LOW
Ambulance,77.1,276.9,None,0.893,88.3,1495.3,14,LOW
Auto,63.2,46.2,None,0.62,10.1,1261.2,12,LOW
Container,16.2,143.1,None,0.872,77.9,868.5,21,LOW
Tanker,54.5,166.6,None,0.892,85.0,1309.8,6,LOW
Bike,79.3,178.9,Bridge,0.963,52.4,0.0,19,MEDIUM
Police,3.6,14.7,Flood,0.798,51.4,0.0,12,MEDIUM
Car,26.8,263.3,Hairpin,0.411,88.1,131.5,4,MEDIUM
Ambulance,97.2,32.0,None,0.754,11.4,1837.9,4,MEDIUM
Ambulance,16.1,51.1,None,0.965,33.1,102.5,11,LOW
Police,30.3,222.0,None,0.854,45.2,1222.4,8,LOW
Bike,38.4,44.8,None,0.919,80.7,1907.0,10,LOW
Container,54.7,314.1,None,0.699,63.6,2705.2,11,LOW
Bus,71.8,337.0,None,0.734,77.1,578.4,15,LOW
Car,26.3,87.1,School,0.575,69.5,0.0,12,MEDIUM
Container,66.8,86.9,None,0.971,60.2,1278.8,16,LOW
Tanker,32.4,155.8,Hairpin,0.891,68.4,0.0,2,HIGH
Container,104.2,94.0,None,0.774,61.2,633.8,10,MEDIUM
Bus,47.7,275.1,None,0.642,18.1,467.5,9,LOW
Bike,32.3,272.5,None,0.904,55.0,2800.8,9,LOW
Lorry,62.6,173.3,RoadBlock,0.725,55.3,132.5,13,MEDIUM
Ambulance,85.0,173.5,School,0.69,48.4,1.8,7,HIGH
Police,32.5,311.6,Hairpin,0.968,54.2,75.8,2,MEDIUM
Lorry,100.0,202.5,None,0.744,17.9,1401.0,6,MEDIUM
Auto,26.3,193.0,None,0.968,42.0,1840.2,8,LOW
Lorry,97.7,96.9,None,0.92,75.6,1938.5,1,MEDIUM
Container,69.1,72.7,Hairpin,0.954,32.7,12.0,19,HIGH
Lorry,84.5,147.1,School,0.86,40.6,139.6,8,HIGH
Lorry,107.4,74.2,None,0.952,41.7,402.2,21,MEDIUM
Auto,80.3,285.3,None,0.866,43.7,2354.3,20,LOW
Auto,24.2,289.4,None,0.616,28.0,520.4,19,LOW
Auto,58.4,249.1,None,0.798,65.9,1966.5,4,LOW
Container,43.8,353.4,Flood,0.931,74.6,112.9,8,LOW
Container,103.1,327.6,None,0.844,67.9,664.6,19,MEDIUM
Car,60.8,138.1,None,0.87,62.3,1044.7,10,LOW
Police,85.6,168.7,RoadBlock,0.835,23.5,0.0,12,HIGH
Police,3.8,76.5,None,0.79,61.8,146.3,16,LOW
Car,53.1,224.6,None,0.821,55.5,2110.1,15,LOW
Lorry,22.9,243.6,None,0.955,58.4,2916.0,21,LOW
Container,103.7,358.5,Hairpin,0.946,37.8,0.0,21,HIGH
Car,77.9,346.7,Accident,0.544,92.3,171.3,19,MEDIUM
Bus,58.2,243.0,Hairpin,0.71,10.3,0.0,2,HIGH
Bike,61.0,93.3,Flood,0.589,46.1,0.0,16,MEDIUM
Car,30.4,90.5,None,0.916,51.6,2621.6,6,LOW
Bus,4.1,220.4,Hairpin,0.944,80.7,0.0,3,MEDIUM
Police,34.7,274.5,None,0.548,40.9,1924.1,15,LOW
Ambulance,27.6,104.8,None,0.888,60.7,262.8,11,LOW
Truck,71.4,117.8,None,0.857,60.8,699.6,2,MEDIUM
Ambulance,71.1,199.2,None,0.772,72.0,2084.5,21,LOW
Bus,35.0,33.7,RoadBlock,0.931,97.4,0.0,16,MEDIUM
Bus,2.2,221.4,None,0.493,69.0,1533.1,20,LOW
Ambulance,81.8,78.3,None,0.788,76.3,871.9,3,MEDIUM
Bus,104.3,253.5,Bridge,0.959,92.4,142.6,7,LOW
Ambulance,38.7,283.8,School,0.627,56.1,126.0,20,MEDIUM
Bike,45.7,280.3,None,0.942,52.9,2126.4,22,LOW
Tanker,58.5,48.2,Accident,0.876,95.0,0.0,13,MEDIUM
Tanker,40.1,216.7,RoadBlock,0.806,51.2,0.0,14,MEDIUM
Car,102.5,22.5,None,0.868,60.2,1864.5,12,LOW
Auto,22.7,107.2,RoadBlock,0.47,16.3,55.2,20,MEDIUM
Truck,84.7,172.6,None,0.983,78.7,945.9,2,MEDIUM
Bike,104.0,318.8,Hospital,0.953,41.9,0.0,17,HIGH
Tanker,13.6,260.1,Flood,0.734,96.6,0.0,11,MEDIUM
Auto,11.5,141.3,None,0.763,73.3,1516.7,13,LOW
Auto,67.3,132.9,School,0.815,49.9,0.0,4,HIGH
Police,34.0,116.5,Flood,0.956,92.7,0.0,20,MEDIUM
Police,11.2,272.5,School,0.761,20.9,0.0,5,MEDIUM
Auto,90.4,247.2,Hairpin,0.897,16.5,0.0,22,HIGH
Ambulance,81.0,65.1,None,0.489,43.4,406.1,8,MEDIUM
Bike,72.0,239.6,None,0.548,12.3,2110.2,1,MEDIUM
Bike,103.3,64.2,None,0.95,88.1,2462.2,14,LOW
Auto,28.5,288.7,None,0.95,48.4,2610.6,22,LOW
Police,17.5,275.4,None,0.819,83.7,1466.4,15,LOW
Lorry,67.2,226.1,Hospital,0.932,34.7,51.0,17,MEDIUM
Car,39.0,136.1,None,0.658,32.3,457.6,23,LOW
Bike,79.5,331.8,Hospital,0.724,30.8,0.0,18,HIGH
Police,35.4,79.8,Hairpin,0.785,15.7,8.6,18,MEDIUM
Bike,23.9,102.8,None,0.859,41.2,1732.7,5,LOW
Bike,11.1,149.1,RoadBlock,0.919,71.3,91.2,8,LOW
Police,76.1,62.0,None,0.764,43.7,2816.8,6,LOW
Bus,23.9,291.9,School,0.897,21.8,45.5,15,MEDIUM
Bus,55.3,114.6,Bridge,0.612,53.2,55.7,12,LOW
Bus,41.6,294.9,Construction,0.652,85.8,179.9,21,MEDIUM
Container,51.5,352.7,Hospital,0.628,69.6,103.3,17,MEDIUM
Auto,3.9,306.1,None,0.576,59.6,1536.0,20,LOW
Truck,93.9,245.4,Flood,0.967,44.9,0.0,20,HIGH
Car,81.3,335.6,None,0.805,58.5,1282.5,12,MEDIUM
Auto,58.0,265.8,Hairpin,0.53,10.5,0.0,1,HIGH
Bus,83.3,295.3,Bridge,0.88,93.0,0.0,4,MEDIUM
Bus,6.5,163.1,None,0.969,28.5,627.4,17,LOW
Lorry,27.3,10.5,Bridge,0.548,16.0,0.0,22,MEDIUM
Ambulance,62.4,329.7,None,0.851,78.8,464.2,19,LOW
Car,46.0,225.5,Bridge,0.956,26.1,20.1,10,LOW
Police,73.0,326.7,None,0.748,71.3,1138.8,14,LOW
Ambulance,102.9,67.1,Bridge,0.87,38.3,0.0,10,MEDIUM
Police,90.3,161.1,School,0.626,66.6,0.0,14,HIGH
Truck,60.9,87.8,Accident,0.336,34.7,184.1,6,HIGH
Container,30.9,357.8,None,0.818,15.1,876.6,20,LOW
Container,35.7,40.0,None,0.855,92.3,1596.4,21,LOW
Container,68.6,14.2,Flood,0.427,67.4,153.8,2,HIGH
Auto,70.9,6.1,Bridge,0.669,38.0,103.9,8,LOW
Tanker,36.6,249.1,None,0.871,85.2,835.5,1,LOW
Bike,83.0,141.2,RoadBlock,0.676,41.2,0.0,2,HIGH
Tanker,11.8,47.6,None,0.889,69.0,2204.8,1,LOW
Truck,108.8,168.0,Flood,0.891,49.9,0.0,20,HIGH
Car,43.6,354.0,RoadBlock,0.96,31.9,0.0,17,MEDIUM
Truck,24.9,257.9,None,0.924,58.0,2533.7,20,LOW
Bike,65.9,156.4,Hospital,0.908,36.3,199.5,1,MEDIUM
Police,49.8,18.6,None,0.437,70.0,719.8,19,LOW
Car,11.8,216.1,Flood,0.7,52.2,0.0,20,MEDIUM
Tanker,81.5,191.4,None,0.998,66.0,756.0,13,MEDIUM
Tanker,82.4,187.0,None,0.726,63.5,411.1,15,MEDIUM
Tanker,69.5,134.1,School,0.964,77.3,0.0,13,HIGH
Ambulance,87.9,218.1,None,0.96,70.2,559.1,0,LOW
Lorry,86.6,115.0,Flood,0.723,34.7,176.2,10,HIGH
Police,72.7,312.4,RoadBlock,0.83,50.3,0.0,11,MEDIUM
Police,77.1,9.9,None,0.581,47.9,2160.1,14,LOW
Bus,85.4,139.0,Flood,0.58,79.8,96.0,14,MEDIUM
Bike,25.2,154.1,None,0.913,17.8,2673.9,17,LOW
Lorry,19.3,351.8,Hairpin,0.829,17.4,0.0,18,HIGH
Container,4.7,65.3,None,0.757,99.5,2414.6,22,LOW
Bus,56.7,323.2,Bridge,0.925,87.8,0.0,5,LOW
Ambulance,69.5,299.1,None,0.708,88.3,291.3,2,LOW
Tanker,108.6,143.8,Bridge,0.917,57.6,140.4,13,MEDIUM
Car,104.7,36.9,None,0.969,36.7,1726.0,6,LOW
Ambulance,97.2,57.8,None,0.97,38.3,1137.8,22,MEDIUM
Bus,44.6,125.5,Construction,0.805,62.6,0.0,23,MEDIUM
Container,21.8,72.5,None,0.963,53.0,1271.7,20,LOW
Police,42.5,215.8,None,0.861,11.3,164.5,23,LOW
Auto,30.2,184.0,Construction,0.841,95.4,0.0,2,MEDIUM
Container,1.6,237.1,School,0.857,48.3,0.0,5,MEDIUM
Truck,46.6,86.0,None,0.805,68.9,1208.3,18,LOW
Tanker,97.6,200.5,Construction,0.513,16.1,0.0,9,HIGH
Police,84.5,155.7,None,0.951,36.6,1979.4,22,MEDIUM
Auto,86.6,7.9,None,0.549,10.1,935.6,17,MEDIUM
Police,9.9,78.8,None,0.681,69.5,1837.2,9,LOW
Bus,98.8,31.6,Flood,0.753,19.7,171.4,12,HIGH
Lorry,19.6,312.7,RoadBlock,0.778,81.0,0.0,4,MEDIUM
Container,7.7,255.9,School,0.835,30.6,172.6,23,MEDIUM
Ambulance,35.3,307.4,Accident,0.741,37.4,0.0,17,MEDIUM
Ambulance,65.6,257.1,None,0.637,71.7,543.3,14,LOW
Auto,103.3,285.8,None,0.993,99.4,232.7,13,LOW
Truck,104.8,26.0,School,0.994,85.1,0.0,10,HIGH
Lorry,7.7,227.0,None,0.841,96.6,791.4,5,LOW
Car,80.7,281.8,Flood,0.808,78.4,0.0,4,HIGH
Lorry,53.8,357.0,None,0.683,91.2,2423.7,19,LOW
Car,96.0,218.8,Hospital,0.808,49.6,0.0,23,HIGH
Ambulance,18.6,340.2,Bridge,0.931,34.6,0.0,15,LOW
Car,33.8,258.8,Construction,0.731,20.1,0.0,14,MEDIUM
Container,19.5,53.9,Flood,0.849,89.2,89.3,9,LOW
Ambulance,17.3,208.8,Construction,0.985,78.9,0.0,9,MEDIUM
Bus,47.7,80.1,RoadBlock,0.965,81.3,0.0,11,MEDIUM
Tanker,47.7,15.3,None,0.895,56.4,2298.2,11,LOW
Tanker,36.0,191.3,Flood,0.604,46.5,0.0,1,HIGH
Ambulance,55.2,228.4,Bridge,0.712,41.7,0.0,4,MEDIUM
Truck,99.1,80.5,None,0.896,64.6,2468.6,23,MEDIUM
Ambulance,20.9,41.0,None,0.731,12.9,1829.6,11,LOW
Bus,99.3,115.8,Accident,0.849,75.1,0.0,21,HIGH
Tanker,44.1,259.4,Hospital,0.553,15.8,0.0,19,HIGH
Lorry,54.4,174.4,None,0.91,48.1,1874.8,0,MEDIUM
Container,33.0,96.7,None,0.596,79.2,251.4,2,MEDIUM
Lorry,62.0,150.0,None,0.927,97.0,537.9,9,LOW
Tanker,6.0,112.6,None,0.869,22.6,1826.2,15,LOW
Bike,17.0,135.8,Bridge,0.932,64.9,127.6,0,LOW
Lorry,37.4,52.7,Bridge,0.846,67.4,0.0,8,MEDIUM
Tanker,88.5,141.8,None,0.869,79.8,1545.1,23,MEDIUM
Truck,109.9,165.9,None,0.883,81.9,1757.7,21,MEDIUM
Auto,49.5,237.7,RoadBlock,0.828,97.5,0.0,11,MEDIUM
Tanker,79.4,112.8,None,0.881,40.6,2386.2,16,MEDIUM
Auto,68.7,95.1,None,0.863,86.1,1439.8,6,LOW
Car,35.6,209.7,None,0.564,17.8,928.0,0,MEDIUM
Tanker,97.9,211.8,Bridge,0.923,34.9,0.0,15,MEDIUM
Ambulance,80.1,165.2,Construction,0.853,74.7,126.0,6,MEDIUM
Bike,46.3,98.2,None,0.899,31.1,1418.4,16,LOW
Truck,34.6,297.9,None,0.835,46.1,1615.2,7,LOW
Lorry,28.3,322.4,Hospital,0.695,17.1,0.0,2,HIGH
Tanker,84.4,67.4,Bridge,0.91,69.4,0.0,15,MEDIUM
Bus,103.2,326.5,Construction,0.72,52.1,0.0,15,HIGH
Truck,27.1,199.2,None,0.969,26.1,1528.6,3,LOW
Ambulance,64.2,324.7,None,0.965,68.4,726.9,13,LOW
Container,73.6,75.9,None,0.698,95.3,2449.6,1,MEDIUM
Bike,96.7,6.9,School,0.777,68.4,0.0,13,HIGH
Lorry,66.3,292.8,Bridge,0.77,59.9,136.8,2,MEDIUM
Tanker,31.8,19.4,Accident,0.901,29.1,40.7,23,HIGH
Ambulance,84.4,117.4,Hairpin,0.991,68.4,0.0,5,MEDIUM
Bus,97.5,326.3,None,0.939,70.0,732.2,10,MEDIUM
Container,55.8,74.7,School,0.828,78.7,45.0,10,MEDIUM
Bus,84.0,64.5,Accident,0.789,78.0,0.0,23,HIGH
Tanker,54.1,305.9,Flood,0.797,25.5,0.0,12,MEDIUM
Car,69.8,72.7,Construction,0.884,73.1,0.0,2,MEDIUM
Auto,91.6,338.7,Flood,0.64,30.1,0.0,3,HIGH
Ambulance,42.3,317.5,None,0.393,14.9,1726.5,7,LOW
Bike,71.3,230.3,Flood,0.721,56.6,0.0,4,HIGH
Tanker,91.7,232.8,Hairpin,0.755,62.7,0.0,10,HIGH
Auto,28.5,207.5,Flood,0.698,31.6,0.0,21,MEDIUM
Container,6.1,86.6,None,0.895,94.6,2982.3,4,LOW
Truck,103.1,257.2,Hairpin,0.75,96.1,0.0,3,HIGH
Tanker,59.4,347.6,None,0.533,49.0,2505.2,6,LOW
Truck,12.3,172.7,RoadBlock,0.919,91.1,0.0,20,MEDIUM
Bus,36.0,278.9,None,0.903,57.3,2813.9,3,LOW
Bus,36.0,130.2,Bridge,0.798,57.9,63.4,19,LOW
Ambulance,28.6,192.2,None,0.946,81.3,1580.4,10,LOW
Tanker,42.3,302.9,Accident,0.897,22.3,70.0,12,MEDIUM
Tanker,57.6,0.3,None,0.905,27.6,2953.3,13,LOW
Bus,65.4,273.8,None,0.558,68.4,2792.5,18,MEDIUM
Ambulance,20.4,98.6,RoadBlock,0.911,47.1,0.0,5,MEDIUM
Auto,49.3,219.9,None,0.746,59.9,1685.1,7,LOW
Police,97.8,321.6,None,0.716,41.7,1946.6,20,MEDIUM
Lorry,40.8,332.8,None,0.97,76.4,2177.1,21,LOW
Container,58.3,149.4,Accident,0.818,91.3,122.4,15,MEDIUM
Container,1.6,221.9,None,0.904,73.4,2689.8,2,LOW
Bus,92.6,41.8,None,0.981,28.0,614.9,12,MEDIUM
Container,88.7,53.3,Hospital,0.795,12.2,0.0,15,HIGH
Ambulance,33.6,142.8,Accident,0.674,99.7,0.0,7,MEDIUM
Bike,50.2,268.5,Hairpin,0.489,15.5,123.7,13,MEDIUM
Truck,78.9,111.5,None,0.785,84.9,1101.8,15,LOW
Container,77.6,18.2,Bridge,0.912,62.5,0.0,12,MEDIUM
Container,41.8,209.1,Accident,0.807,96.1,0.0,14,MEDIUM
Tanker,17.8,129.2,None,0.884,13.2,1359.1,13,LOW
Lorry,77.0,310.0,None,0.669,19.7,1445.2,6,MEDIUM
Ambulance,76.9,161.9,Flood,0.655,56.1,45.3,18,MEDIUM
Container,24.8,100.5,Bridge,0.802,48.4,0.0,9,MEDIUM
Ambulance,29.5,184.0,None,0.354,95.5,2645.7,18,LOW
Truck,13.0,234.2,None,0.618,76.3,2506.5,15,LOW
Police,7.5,115.9,None,0.623,98.0,2815.0,6,LOW
Bike,30.9,138.5,Bridge,0.869,86.2,0.0,8,LOW
Tanker,1.6,283.2,None,0.778,49.1,2972.3,17,LOW
Ambulance,67.8,175.8,Bridge,0.588,85.9,64.1,18,LOW
Truck,60.5,244.1,None,0.927,87.9,2796.6,23,LOW
Tanker,87.3,153.0,None,0.846,49.5,2789.5,18,MEDIUM
Auto,87.4,280.8,Hospital,0.794,67.4,0.0,3,HIGH
Lorry,16.9,335.5,Hospital,0.86,12.7,0.0,12,HIGH
Bike,4.3,220.8,RoadBlock,0.971,75.8,62.9,14,LOW
Lorry,60.6,277.8,School,0.729,64.9,0.0,6,HIGH
Ambulance,95.2,302.9,Hairpin,0.597,30.2,0.0,22,HIGH
Car,77.6,2.7,Construction,0.99,23.9,0.0,17,MEDIUM
Police,78.5,313.7,School,0.805,55.4,99.2,4,MEDIUM
Tanker,109.1,228.4,RoadBlock,0.958,69.9,0.0,4,HIGH
Tanker,44.5,8.1,None,0.888,26.0,1561.1,6,LOW
Tanker,48.3,235.7,None,0.996,92.5,135.5,12,LOW
Tanker,30.9,160.7,Flood,0.989,17.9,28.4,18,MEDIUM
Bus,53.5,303.7,None,0.837,70.1,2091.3,22,LOW
Ambulance,77.9,319.8,RoadBlock,0.844,40.1,0.0,19,MEDIUM
Bus,58.5,156.8,None,0.868,98.7,1650.9,0,LOW
Auto,8.8,269.6,None,0.751,65.8,137.6,16,LOW
Truck,72.1,254.8,Construction,0.618,20.4,0.0,20,HIGH
Ambulance,68.5,261.3,None,0.873,95.7,2756.6,18,LOW
Auto,70.9,59.5,None,0.612,27.1,1659.3,14,MEDIUM
Car,105.9,10.0,None,0.682,95.3,1611.9,21,LOW
Lorry,8.9,98.4,RoadBlock,0.557,18.0,0.0,7,HIGH
Car,59.3,330.7,Construction,0.909,34.5,0.0,3,MEDIUM
Auto,48.4,233.1,School,0.967,26.6,0.0,12,MEDIUM
Lorry,40.1,102.7,None,0.7,69.5,979.1,23,LOW
Truck,68.9,215.9,RoadBlock,0.865,68.8,0.0,7,MEDIUM
Tanker,42.3,43.8,RoadBlock,0.865,31.8,0.0,21,MEDIUM
Police,70.2,327.5,RoadBlock,0.68,60.3,16.3,8,MEDIUM
Truck,5.2,166.7,None,0.91,39.9,1533.5,1,MEDIUM
Bike,85.0,73.6,None,0.812,43.4,2135.8,2,MEDIUM
Truck,6.4,14.3,None,0.966,34.3,1989.9,15,LOW
Car,50.3,41.3,Hospital,0.898,95.9,0.0,17,MEDIUM
Ambulance,92.0,352.2,School,0.645,96.3,0.0,18,HIGH
Auto,85.3,319.7,Hospital,0.63,79.5,0.0,1,HIGH
Bus,54.8,228.0,Hairpin,0.907,84.8,0.0,16,MEDIUM
Ambulance,13.6,340.5,None,0.669,85.4,901.0,3,LOW
Bike,49.3,249.0,Hairpin,0.824,43.8,2.1,2,MEDIUM
Auto,84.4,149.6,Hairpin,0.97,11.2,0.0,9,HIGH
Lorry,61.6,352.6,None,0.975,17.0,2654.3,16,MEDIUM
Container,34.1,82.7,None,0.657,96.7,818.1,17,LOW
Bus,109.5,63.2,Hairpin,0.444,67.1,0.0,10,HIGH
Ambulance,8.8,326.9,Hairpin,0.762,44.5,112.8,15,MEDIUM
Truck,104.2,234.0,None,0.585,92.0,475.7,18,MEDIUM
Bike,31.4,23.7,None,0.827,70.2,399.7,1,LOW
Police,37.6,346.3,Construction,0.959,19.4,105.1,2,MEDIUM
Truck,41.3,192.7,RoadBlock,0.883,70.0,0.0,22,MEDIUM
Tanker,27.0,254.0,School,0.796,59.1,0.0,9,HIGH
Car,29.9,348.5,Accident,0.629,92.8,148.8,17,MEDIUM
Truck,35.9,12.5,None,0.86,29.3,1335.8,2,LOW
Bike,67.5,239.7,None,0.73,69.7,1849.8,20,LOW
Bus,18.4,313.9,None,0.964,90.6,128.2,22,LOW
Auto,107.8,10.7,RoadBlock,0.816,94.4,0.0,15,MEDIUM
Container,12.2,308.9,None,0.777,66.1,2705.7,12,LOW
Ambulance,94.7,81.4,RoadBlock,0.946,78.4,65.0,2,MEDIUM
Truck,71.3,193.6,Hairpin,0.57,89.6,71.2,15,MEDIUM
Truck,2.2,352.5,None,0.931,73.7,2386.0,3,LOW
Tanker,61.1,235.6,Accident,0.715,28.4,0.0,20,HIGH
Container,77.1,225.3,None,0.872,93.9,840.5,1,LOW
Lorry,84.0,168.9,Hospital,0.846,58.8,0.0,6,HIGH
Ambulance,7.4,149.4,None,0.841,55.6,2249.7,21,LOW
Truck,16.8,213.6,None,0.806,75.7,834.5,17,LOW
Container,1.5,249.1,None,0.521,49.0,1622.6,5,MEDIUM
Bus,1.4,339.6,None,0.942,10.3,1040.6,23,MEDIUM
Truck,104.7,55.4,School,0.748,28.2,0.0,20,HIGH
Police,86.2,341.5,Hospital,0.719,74.2,161.3,14,MEDIUM
Auto,10.2,248.6,None,0.743,69.1,2433.7,16,LOW
Container,49.9,314.1,None,0.944,35.6,1529.4,12,LOW
Bike,92.8,182.7,Bridge,0.96,86.1,0.0,0,MEDIUM
Auto,26.3,288.2,None,0.869,66.8,1020.0,13,LOW
Ambulance,7.3,320.2,RoadBlock,0.686,43.3,0.0,11,MEDIUM
Tanker,6.1,211.4,Flood,0.526,76.3,0.0,14,MEDIUM
Truck,7.4,59.4,None,0.726,91.7,820.3,4,LOW
Bus,53.4,186.3,None,0.808,55.2,729.4,12,LOW
Tanker,17.6,87.4,None,0.637,59.9,101.1,0,MEDIUM
Car,13.8,302.6,Hospital,0.469,46.5,0.0,20,HIGH
Truck,73.5,277.0,Bridge,0.926,30.1,0.0,12,MEDIUM
Ambulance,39.3,31.0,Accident,0.86,56.4,0.0,1,MEDIUM
Bike,46.9,312.4,None,0.681,76.0,2725.4,3,LOW
Car,25.0,350.8,None,0.777,71.3,2711.6,13,LOW
Car,101.3,217.9,None,0.592,64.3,554.3,3,MEDIUM
Bike,11.8,342.7,Flood,0.713,61.0,0.0,15,MEDIUM
Lorry,80.9,125.5,Construction,0.79,37.3,0.0,11,HIGH
Bus,82.2,6.4,Flood,0.933,58.6,0.0,4,HIGH
Bus,70.5,128.0,Accident,0.794,13.9,26.3,4,HIGH
Bike,46.2,119.8,None,0.79,39.1,2031.0,15,LOW
Bus,32.1,190.5,RoadBlock,0.772,76.5,0.0,19,MEDIUM
Tanker,41.2,278.5,Hairpin,0.822,64.8,0.0,8,MEDIUM
